timestamp,name,symbol,current_price,market_cap,market_cap_rank,total_volume,high_24h,low_24h,price_change_24h,price_change_percentage_24h,circulating_supply
2026-09-04T05:55:04+00:00,Bitcoin,BTC,80884,1624096471355,1,40678335123,82108,77452,3256.2,4.1729,20079340.0
2026-09-04T05:55:04+00:00,Ethereum,ETH,2505.52,305707202652,2,17009881766,2523.23,2389.3,104.47,4.32467,122018029.54816364
2026-09-04T05:55:04+00:00,Tether,USDT,0.999962,183373022079,3,71263468615,1.0,0.999511,0.00033894,0.03156,183380584914.2666
2026-09-04T05:55:04+00:00,BNB,BNB,723.13,96296418085,4,1251107722,729.04,694.59,28.77,4.13877,133162128.17
2026-09-04T05:55:04+00:00,XRP,XRP,1.44,90512730674,5,4023363430,1.48,1.36,0.077155,5.55027,62744504852.0
2026-09-04T05:55:04+00:00,USDC,USDC,0.999915,74308230374,6,20099700857,1.0,0.999741,8.85e-05,0.00711,74314598822.03928
2026-09-04T05:55:04+00:00,Solana,SOL,103.5,60586754597,7,4072821151,105.61,99.9,2.92,2.84956,585360558.564704
2026-09-04T05:55:04+00:00,TRON,TRX,0.328747,31207304321,8,413856151,0.332098,0.325969,0.00252953,0.76671,94932403427.49968
2026-09-04T05:55:04+00:00,Figure Heloc,FIGR_HELOC,1.032,22911586135,9,354137369,1.036,1.008,0.01941944,1.91971,22194607152.968
2026-09-04T05:55:04+00:00,Hyperliquid,HYPE,85.66,19055518135,10,1511806117,88.06,81.2,3.65,4.42176,222445714.07414138
2026-09-04T05:55:04+00:00,Zcash,ZEC,953.35,16123348330,11,1039723661,979.06,825.89,128.64,15.52999,16912153.2905448
2026-09-04T05:55:04+00:00,Dogecoin,DOGE,0.086704,13505966214,12,1018184945,0.08987,0.08255,0.0038548,4.60473,155772036383.70523
2026-09-04T05:55:04+00:00,Rain,RAIN,0.01707326,12108781850,13,39198244,0.01718139,0.01653375,0.00037471,2.25285,709199892553.3555
2026-09-04T05:55:04+00:00,USDS,USDS,0.999824,9788509414,14,181502502,1.0,0.999621,-1.1319970836032e-05,0.0013,9789300003.900679
2026-09-04T05:55:04+00:00,Monero,XMR,502.58,9448114920,15,132935422,530.45,499.99,-9.767534580945949,-2.06391,18800068.00831709
2026-09-04T05:55:04+00:00,Chainlink,LINK,11.84,8856769172,16,487258496,12.0,11.12,0.617232,5.51488,748099970.424884
2026-09-04T05:55:04+00:00,WhiteBIT Coin,WBT,73.83,8708492468,17,117699057,74.91,70.91,2.72,3.79287,117956019.0
2026-09-04T05:55:04+00:00,LEO Token,LEO,9.31,8565546022,18,428481,9.49,9.23,0.059843,0.64687,919857851.9
2026-09-04T05:55:04+00:00,Cardano,ADA,0.22062,8274254230,19,699314042,0.226776,0.204793,0.01396048,6.71862,37504333228.36598
2026-09-04T05:55:04+00:00,Stellar,XLM,0.182279,6328742064,20,152240283,0.188001,0.176034,0.00514424,2.84878,34718656818.58226
2026-09-04T05:55:04+00:00,Bitcoin Cash,BCH,254.44,5110913794,21,174299572,261.07,247.79,6.21,2.43156,20084321.77165078
2026-09-04T05:55:04+00:00,Dai,DAI,0.999706,4599445246,22,367033713,1.0,0.999608,-0.00032319726685226,-0.015,4600738729.568449
2026-09-04T05:55:04+00:00,Canton,CC,0.110134,4350029457,23,11304349,0.113639,0.109097,0.00053424,0.52572,39498244901.769
2026-09-04T05:55:04+00:00,Ethena USDe,USDE,0.999722,4285399049,24,84657199,1.0,0.999311,0.0002125,0.01943,4286595924.018897
2026-09-04T05:55:04+00:00,USD1,USD1,0.999741,4219105272,25,1528954665,0.999875,0.999185,0.00038979,0.03482,4220296038.404444
2026-09-04T05:55:04+00:00,Litecoin,LTC,50.79,3939579763,26,257817628,51.81,50.08,0.662786,1.28884,77568741.79225753
2026-09-04T05:55:04+00:00,Uniswap,UNI,6.28,3910821260,27,1051170130,6.5,5.65,0.562783,9.99129,623212423.7271129
2026-09-04T05:55:04+00:00,Gram (prev. Toncoin),GRAM,1.36,3778848848,28,41891190,1.38,1.33,0.01779675,1.2492,2780744201.124155
2026-09-04T05:55:04+00:00,Hedera,HBAR,0.077813,3410288563,29,69018934,0.080923,0.075809,0.00182098,2.32842,43831559707.16145
2026-09-04T05:55:04+00:00,Global Dollar,USDG,1.0,3247316021,30,1881597323,1.001,1.0,-8.8527807393657e-05,-0.0132,3247074583.200512
2026-09-04T05:55:04+00:00,Avalanche,AVAX,7.45,3215623623,31,258918623,7.56,7.23,0.172618,2.33867,431771961.1772119
2026-09-04T05:55:04+00:00,Sui,SUI,0.7652,3134420880,32,575582554,0.796305,0.758692,-0.004100083934525323,-0.56861,4096537146.5409594
2026-09-04T05:55:04+00:00,Shiba Inu,SHIB,5.31e-06,3131131171,33,76861187,5.47e-06,5.18e-06,9.6273e-08,1.76557,589239322929428.0
2026-09-04T05:55:04+00:00,PayPal USD,PYUSD,1.0,3026402544,34,126983998,1.0,0.999822,5.735e-05,0.00521,3026078848.8939414
2026-09-04T05:55:04+00:00,BlackRock USD Institutional Digital Liquidity Fund,BUIDL,1.0,2795015724,35,0.0,1.0,1.0,0.0,0.0,2795015724.040449
2026-09-04T05:55:04+00:00,Cronos,CRO,0.057251,2778476892,36,9149399,0.058517,0.054193,0.00267709,4.7406,48532852975.460625
2026-09-04T05:55:04+00:00,Tether Gold,XAUT,4459.75,2733134548,37,262459531,4498.67,4411.25,33.93,0.75603,612823.6595320001
2026-09-04T05:55:04+00:00,Circle USYC,USYC,1.14,2689214373,38,0.0,1.14,1.14,9.958e-05,0.00877,2366965003.959992
2026-09-04T05:55:04+00:00,NEAR Protocol,NEAR,1.92,2502668120,39,241713987,2.02,1.87,0.02120467,1.05097,1305368379.0
2026-09-04T05:55:04+00:00,Ripple USD,RLUSD,0.999996,2395546182,40,214237903,1.0,0.999833,1.922e-05,-0.00381,2395554241.647203
2026-09-04T05:55:04+00:00,MemeCore,M,1.045,2369040504,41,1870875,1.089,1.032,-0.014946950952047455,-1.20573,2268865272.413562
2026-09-04T05:55:04+00:00,OKB,OKB,109.18,2293250375,42,23802534,111.27,105.52,3.18,3.02482,21000000.0
2026-09-04T05:55:04+00:00,Ondo US Dollar Yield,USDY,1.14,2194758781,43,697130,1.15,1.14,0.00017299,0.01482,1917068726.4088829
2026-09-04T05:55:04+00:00,Bittensor,TAO,227.97,2187742640,44,148076565,231.37,220.27,8.39,3.82383,9597491.0
2026-09-04T05:55:04+00:00,Aave,AAVE,133.3,2056135282,45,312427911,135.3,127.19,5.9,4.64388,15426956.4277337
2026-09-04T05:55:04+00:00,Aster,ASTER,0.716313,1934039724,46,133130342,0.737852,0.709295,-0.008938487196019418,-1.25357,2700010975.2797318
2026-09-04T05:55:04+00:00,PAX Gold,PAXG,4469.52,1931312892,47,161198986,4510.14,4424.5,30.51,0.68695,432102.013051
2026-09-04T05:55:04+00:00,Mantle,MNT,0.56689,1872051023,48,23691086,0.578069,0.557901,0.00870322,1.54152,3302294382.53684
2026-09-04T05:55:04+00:00,World Liberty Financial,WLFI,0.058323,1853707656,49,36205418,0.058358,0.05578,0.00230222,4.05053,31776960259.0
2026-09-04T05:55:04+00:00,Ondo,ONDO,0.360193,1754449660,50,96455112,0.371915,0.35008,0.00894342,2.48609,4869330647.0
2026-09-04T05:55:04+00:00,Pump.fun,PUMP,0.00432002,1709064772,51,201061035,0.00454331,0.00408014,9.72e-06,0.20561,395546368863.07635
2026-09-04T05:55:04+00:00,Morpho,MORPHO,2.48,1707148514,52,43535011,2.57,2.4,-0.037246105333238244,-1.51333,688547147.1123004
2026-09-04T05:55:04+00:00,Sky,SKY,0.069047,1617202220,53,9757165,0.069764,0.066552,0.00115988,1.70613,23425687092.186756
2026-09-04T05:55:04+00:00,Ethena,ENA,0.161441,1587812273,54,894413383,0.179748,0.149813,0.01053707,6.96558,9828125000.0
2026-09-04T05:55:04+00:00,Pepe,PEPE,3.62e-06,1523757856,55,379986159,3.87e-06,3.44e-06,1.7957e-07,5.09033,420690000000000.0
2026-09-04T05:55:04+00:00,USDD,USDD,0.999166,1486334091,56,3380876,0.999952,0.99816,0.00011244,0.01013,1487579872.0
2026-09-04T05:55:04+00:00,HTX DAO,HTX,1.64e-06,1476259452,57,2823611,1.66e-06,1.62e-06,2.6312e-08,1.77614,898232728634017.2
2026-09-04T05:55:04+00:00,Polkadot,DOT,0.866865,1475411727,58,122528280,0.90025,0.869091,-0.012238734672714968,-1.46457,1701119612.934652
2026-09-04T05:55:04+00:00,Worldcoin,WLD,0.387484,1407336193,59,166804574,0.409374,0.372561,0.01375471,3.51796,3632088402.1303473
2026-09-04T05:55:04+00:00,Internet Computer,ICP,2.53,1405814478,60,47833201,2.57,2.48,0.03906222,1.51334,556204846.5116959
2026-09-04T05:55:04+00:00,Bitget Token,BGB,1.98,1387351926,61,13581621,2.02,1.95,-0.01013821568968365,-0.53317,699992029.6481038
2026-09-04T05:55:04+00:00,Falcon USD,USDF,0.996407,1339219958,62,577822,0.998212,0.993945,-7.9041940001967e-05,-0.01042,1344053443.089004
2026-09-04T05:55:04+00:00,BFUSD,BFUSD,0.999923,1319894280,63,5005976,1.0,0.999521,0.00027785,0.02537,1320000000.0
2026-09-04T05:55:04+00:00,USDGO,USDGO,1.0,1315474805,64,83552278,1.0,0.999903,-0.000169076888855813,-0.026,1315454410.77
2026-09-04T05:55:04+00:00,United Stables,U,0.999299,1270139483,65,210586822,0.999602,0.998944,0.00018002,0.01918,1270999107.8
2026-09-04T05:55:04+00:00,Bitway,BTW,0.451322,1221794326,66,30841783,0.517149,0.395499,-0.012831084060886011,-2.5296,2708142280.000001
2026-09-04T05:55:04+00:00,Spiko Amundi Overnight Swap Fund (EUR),EURSAFO,1.18,1217779077,67,0.0,1.18,1.17,0.0030047,0.25608,1035218675.93584
2026-09-04T05:55:04+00:00,Ethereum Classic,ETC,7.55,1192374791,68,43433694,7.69,7.33,0.204859,2.64524,158056703.8865589
2026-09-04T05:55:04+00:00,Lighter,LIT,4.28,1069620778,69,146809772,4.5,3.79,0.394359,10.37873,250000000.0
2026-09-04T05:55:04+00:00,Pi Network,PI,0.095204,1060937146,70,5912628,0.096794,0.093704,0.00138072,1.46784,11141680597.248924
2026-09-04T05:55:04+00:00,POL (ex-MATIC),POL,0.093535,1001600698,71,62010843,0.095748,0.091594,-0.000220638509957127,-0.27448,10708292824.93506
2026-09-04T05:55:04+00:00,KuCoin,KCS,7.09,972940514,72,4042140,7.21,6.96,0.075926,1.08962,137155021.2773955
2026-09-04T05:55:04+00:00,Blockchain Capital,BCAP,106.22,967888430,73,0.0,106.22,106.22,-1.4211e-14,0.0,9112111.0
2026-09-04T05:55:04+00:00,Quant,QNT,65.37,950636773,74,15075975,66.09,64.43,0.809841,1.19298,14544176.164081175
2026-09-04T05:55:04+00:00,Gate,GT,8.59,915736975,75,3283590,8.68,8.02,0.512011,6.27759,106615956.05118461
2026-09-04T05:55:04+00:00,Arbitrum,ARB,0.135092,901897883,76,471743640,0.146021,0.130354,0.00414883,3.12553,6678075931.0
2026-09-04T05:55:04+00:00,JUST,JST,0.108344,887213662,77,18995318,0.108522,0.106008,0.00039418,0.38258,8188743036.341737
2026-09-04T05:55:04+00:00,Spiko EU T-Bills Money Market Fund,EUTBL,1.23,877967401,78,0.0,1.23,1.23,0.00310965,0.2534,713640163.80645
2026-09-04T05:55:04+00:00,NEXO,NEXO,0.840486,839906504,79,4882841,0.857532,0.831389,0.00650761,0.67223,1000000000.0
2026-09-04T05:55:04+00:00,Invesco Short Duration US Government Securities Fund,USTB,11.2,836865095,80,0.0,11.2,11.2,0.001091,0.00974,74723900.651676
2026-09-04T05:55:04+00:00,Algorand,ALGO,0.091732,829426730,81,42251244,0.095004,0.091432,-0.000477585763146632,-0.58868,9038488343.680147
2026-09-04T05:55:04+00:00,Kaspa,KAS,0.02968609,821968286,82,12219713,0.03008586,0.02847282,0.00102228,3.53127,27678662954.183525
2026-09-04T05:55:04+00:00,Janus Henderson Anemoy Treasury Fund,JTRSY,1.11,820547245,83,0.0,1.11,1.11,0.000108,0.00969,735979518.801272
2026-09-04T05:55:04+00:00,Venice Token,VVV,16.99,811338512,84,14614380,17.27,16.11,0.528707,3.20345,47754652.999372244
2026-09-04T05:55:04+00:00,Cosmos Hub,ATOM,1.51,797635806,85,30426602,1.53,1.47,0.03941819,2.67831,528751607.468705
2026-09-04T05:55:04+00:00,Render,RENDER,1.45,752890760,86,34201902,1.49,1.42,0.02827302,1.87015,518772101.28269154
2026-09-04T05:55:04+00:00,​​Stable,STABLE,0.02859442,743618255,87,10165870,0.02897696,0.02800769,-2.6323462064722e-05,-0.11838,26006237654.0
2026-09-04T05:55:04+00:00,Jupiter,JUP,0.22255,739138809,88,70653971,0.238119,0.217755,0.00453119,2.10971,3320312968.08
2026-09-04T05:55:04+00:00,Janus Henderson Anemoy AAA CLO Fund,JAAA,1.048,710177077,89,0.0,1.048,1.048,0.000199,0.01899,677698382.234422
2026-09-04T05:55:04+00:00,GHO,GHO,0.999011,698306687,90,5591382,0.999201,0.998574,0.00016465,0.01366,699000000.0
2026-09-04T05:55:04+00:00,PancakeSwap,CAKE,1.99,637153768,91,106722993,2.06,1.84,0.155374,8.38337,320768937.4990902
2026-09-04T05:55:04+00:00,Filecoin,FIL,0.767622,634694005,92,82167069,0.81762,0.766833,-0.04718070584947309,-5.83555,826785916.0
2026-09-04T05:55:04+00:00,Dash,DASH,49.36,632257292,93,181412794,52.83,42.33,6.72,15.81642,12825649.58461414
2026-09-04T05:55:04+00:00,Beldex,BDX,0.078804,620142691,94,9835927,0.079591,0.078545,-0.000281709657482546,-0.3785,7870482401.630497
2026-09-04T05:55:04+00:00,Official Trump,TRUMP,2.36,618135671,95,477761238,2.51,2.21,0.113887,5.21022,261880985.28763402
2026-09-04T05:55:04+00:00,Flare,FLR,0.0068658,595878664,96,3430721,0.00706302,0.00668296,0.00011948,1.77619,86793119450.61769
2026-09-04T05:55:04+00:00,Curve DAO,CRV,0.370535,575537901,97,79702804,0.381149,0.356354,0.00891512,2.53174,1553957107.0
2026-09-04T05:55:04+00:00,VeChain,VET,0.00668218,574715619,98,9316029,0.00687622,0.00656803,9.785e-05,1.47953,85985041177.0
2026-09-04T05:55:04+00:00,XDC Network,XDC,0.02830713,564635847,99,4933510,0.02838074,0.02778319,0.00052094,1.86234,19946688440.0
2026-09-04T05:55:04+00:00,SPX6900,SPX,0.595381,554272464,100,15186478,0.612836,0.52541,0.056734,10.52136,930987335.2481942
2026-09-04T10:06:34+00:00,Bitcoin,BTC,81087,1627758669048,1,42394790565,82108,77681,3484.87,4.47331,20079456.0
2026-09-04T10:06:34+00:00,Ethereum,ETH,2523.78,307886675346,2,18300068881,2543.95,2394.81,130.87,5.4351,122018029.54816364
2026-09-04T10:06:34+00:00,Tether,USDT,0.999859,183353686480,3,74760975902,1.0,0.999524,0.00029764,0.02921,183380584914.2666
2026-09-04T10:06:34+00:00,BNB,BNB,718.56,95691178362,4,1273027487,729.04,704.66,17.27,2.44056,133162116.56
2026-09-04T10:06:34+00:00,XRP,XRP,1.45,91120670670,5,4135905530,1.48,1.36,0.090181,6.56801,62744504852.0
2026-09-04T10:06:34+00:00,USDC,USDC,0.999873,74192231409,6,20673347313,1.0,0.999746,7.336e-05,0.00703,74202369213.25424
2026-09-04T10:06:34+00:00,Solana,SOL,104.07,60911329718,7,4158564894,105.61,100.32,3.91,3.86561,585360435.454785
2026-09-04T10:06:34+00:00,TRON,TRX,0.327953,31128850772,8,426871607,0.332098,0.3276,0.00097302,0.31874,94932403427.49968
2026-09-04T10:06:34+00:00,Figure Heloc,FIGR_HELOC,1.032,22913496019,9,354168044,1.036,1.008,,,22194607152.968
2026-09-04T10:06:34+00:00,Hyperliquid,HYPE,87.11,19365393259,9,1632644248,88.06,81.47,5.35,6.5531,222445714.07414138
2026-09-04T10:06:34+00:00,Zcash,ZEC,999.01,16895214448,10,1232221832,1023.4,831.99,168.51,20.20042,16912153.2905448
2026-09-04T10:06:34+00:00,Dogecoin,DOGE,0.087725,13658013104,11,1064028755,0.08987,0.082857,0.00492735,5.89678,155774226383.70523
2026-09-04T10:06:34+00:00,Rain,RAIN,0.01687853,11970680165,12,40742167,0.01718139,0.01654444,0.00031804,1.94219,709200222122.6829
2026-09-04T10:06:34+00:00,Monero,XMR,564.62,10603047243,13,206269204,564.26,499.99,52.51,10.19908,18800138.80568179
2026-09-04T10:06:34+00:00,USDS,USDS,0.999821,9785909567,14,183370098,1.0,0.999643,9.586e-05,0.01905,9787699834.688496
2026-09-04T10:06:34+00:00,Chainlink,LINK,12.03,9004407004,15,513305457,12.15,11.18,0.873677,7.67334,748099970.424884
2026-09-04T10:06:34+00:00,WhiteBIT Coin,WBT,74.01,8728625885,16,122998480,74.91,71.11,2.97,4.17319,117956019.0
2026-09-04T10:06:34+00:00,LEO Token,LEO,9.29,8542178910,17,209067,9.49,9.24,0.04778241,0.51687,919857851.9
2026-09-04T10:06:34+00:00,Cardano,ADA,0.221045,8281328727,18,705156142,0.226776,0.206633,0.01445902,6.95695,37504333228.36598
2026-09-04T10:06:34+00:00,Stellar,XLM,0.185562,6442016646,19,157143726,0.188001,0.176932,0.00920596,5.16975,34718655547.982315
2026-09-04T10:06:34+00:00,Bitcoin Cash,BCH,260.11,5223226076,20,175143533,261.07,249.31,10.99,4.3691,20084406.14665078
2026-09-04T10:06:34+00:00,Dai,DAI,0.999741,4608804784,21,383593466,1.0,0.999608,-0.000132186397093115,0.00481,4610026699.660198
2026-09-04T10:06:34+00:00,Canton,CC,0.113204,4472815113,22,10713773,0.113639,0.109212,0.00360013,3.25336,39499104403.34934
2026-09-04T10:06:34+00:00,Ethena USDe,USDE,0.999774,4290034444,23,85540607,1.0,0.999317,0.00040445,0.03875,4291030151.384037
2026-09-04T10:06:34+00:00,USD1,USD1,0.999644,4218830973,24,1568688549,0.999875,0.999185,0.00030646,0.03106,4220289593.107624
2026-09-04T10:06:34+00:00,Litecoin,LTC,51.2,3971544717,25,245724831,51.81,50.52,0.675281,1.31858,77569373.04485685
2026-09-04T10:06:34+00:00,Uniswap,UNI,6.32,3944640661,26,962004692,6.5,6.04,0.306947,5.16457,623212423.7271129
2026-09-04T10:06:34+00:00,Gram (prev. Toncoin),GRAM,1.38,3832372596,27,42099828,1.38,1.33,0.04546325,3.36539,2780837159.1224313
2026-09-04T10:06:34+00:00,Hedera,HBAR,0.079083,3466182661,28,72301914,0.080923,0.076603,0.00245222,3.13542,43831559707.34113
2026-09-04T10:06:34+00:00,Global Dollar,USDG,1.0,3247544238,29,2393243115,1.001,1.0,2.953e-05,0.00377,3247068575.105233
2026-09-04T10:06:34+00:00,Avalanche,AVAX,7.5,3238890476,30,256943176,7.56,7.26,0.246757,3.37985,431771961.1772119
2026-09-04T10:06:34+00:00,Sui,SUI,0.775446,3174958416,31,547123651,0.796305,0.763502,0.01307635,1.62945,4096537146.5409594
2026-09-04T10:06:34+00:00,Shiba Inu,SHIB,5.36e-06,3155995350,32,79377856,5.47e-06,5.2e-06,1.61473e-07,2.99314,589239322929428.0
2026-09-04T10:06:34+00:00,PayPal USD,PYUSD,1.0,3020037517,33,125210892,1.0,0.999822,9.164e-05,0.01348,3019926517.3415527
2026-09-04T10:06:34+00:00,Cronos,CRO,0.057785,2805599542,34,8484480,0.058517,0.054193,0.00294636,5.37574,48533194650.78727
2026-09-04T10:06:34+00:00,BlackRock USD Institutional Digital Liquidity Fund,BUIDL,1.0,2795015724,35,0.0,1.0,1.0,0.0,0.0,2795015724.040449
2026-09-04T10:06:34+00:00,Tether Gold,XAUT,4461.18,2733390473,36,257447995,4498.67,4418.8,41.49,0.9466,612823.6595320001
2026-09-04T10:06:34+00:00,Circle USYC,USYC,1.14,2689214373,37,0.0,1.14,1.14,9.958e-05,0.00877,2366965003.959992
2026-09-04T10:06:34+00:00,NEAR Protocol,NEAR,2.03,2651078082,38,311880810,2.03,1.88,0.162116,8.48724,1305396156.0
2026-09-04T10:06:34+00:00,Ripple USD,RLUSD,0.999975,2398780982,39,186507722,1.0,0.999833,1.627e-05,0.00445,2398880260.647202
2026-09-04T10:06:34+00:00,MemeCore,M,1.054,2390488016,40,1844852,1.089,1.032,-0.015002870527587975,-1.3464,2268926981.3097878
2026-09-04T10:06:34+00:00,OKB,OKB,109.11,2291251758,41,31203415,111.27,105.89,3.35,3.15136,21000000.0
2026-09-04T10:06:34+00:00,Bittensor,TAO,230.56,2212924646,42,146188255,231.85,220.74,9.44,4.22817,9597491.0
2026-09-04T10:06:34+00:00,Ondo US Dollar Yield,USDY,1.14,2188381223,43,2107446,1.15,1.14,-0.003644618830882074,-0.04976,1918876582.6836185
2026-09-04T10:06:34+00:00,Aave,AAVE,133.71,2063632491,44,318271344,135.94,128.52,4.48,3.41897,15426958.952838248
2026-09-04T10:06:34+00:00,Aster,ASTER,0.748269,2020103622,45,156249259,0.750292,0.709295,0.02375907,3.31734,2700010975.2797318
2026-09-04T10:06:34+00:00,PAX Gold,PAXG,4468.98,1930894684,46,159359971,4510.14,4430.56,37.52,0.85802,432102.013051
2026-09-04T10:06:34+00:00,Mantle,MNT,0.573432,1894534402,47,26690366,0.578069,0.559466,0.0112254,2.0614,3302294382.53684
2026-09-04T10:06:34+00:00,World Liberty Financial,WLFI,0.057524,1828029177,48,39876758,0.058829,0.055984,0.00161284,2.89226,31776960259.0
2026-09-04T10:06:34+00:00,Ondo,ONDO,0.366408,1783896583,49,104696427,0.371915,0.353901,0.01478115,4.1603,4869330647.0
2026-09-04T10:06:34+00:00,Morpho,MORPHO,2.5,1720090769,50,42484625,2.56,2.4,0.056228,2.20219,688554886.0476733
2026-09-04T10:06:34+00:00,Pump.fun,PUMP,0.0042475,1677032795,51,216775582,0.00454331,0.00408014,-9.355655989379e-05,-2.17258,395538921250.6796
2026-09-04T10:06:34+00:00,Ethena,ENA,0.170359,1674971255,52,971193961,0.179748,0.151117,0.01957702,12.96569,9828125000.0
2026-09-04T10:06:34+00:00,Sky,SKY,0.06867,1608301522,53,10025409,0.069764,0.067224,0.00175465,2.74698,23425496141.47854
2026-09-04T10:06:34+00:00,Pepe,PEPE,3.67e-06,1542745710,54,400051037,3.87e-06,3.46e-06,2.20606e-07,6.2418,420690000000000.0
2026-09-04T10:06:34+00:00,Polkadot,DOT,0.877226,1492130169,55,130616072,0.90025,0.866402,0.00230449,0.22206,1701166360.681352
2026-09-04T10:06:34+00:00,USDD,USDD,0.99908,1485563796,56,3907965,0.999952,0.99816,8.017e-05,-0.0029,1486940111.0
2026-09-04T10:06:34+00:00,HTX DAO,HTX,1.64e-06,1480334043,57,2767285,1.66e-06,1.62e-06,1.8286e-08,1.06279,898232728634017.2
2026-09-04T10:06:34+00:00,Internet Computer,ICP,2.57,1431855283,58,51098947,2.6,2.48,0.079192,3.10557,556204578.4173254
2026-09-04T10:06:34+00:00,Worldcoin,WLD,0.392792,1426561667,59,176658433,0.409374,0.375427,0.01927045,5.06943,3632094509.418625
2026-09-04T10:06:34+00:00,Bitget Token,BGB,1.99,1395929690,60,12441641,2.02,1.96,0.01817305,0.92453,699992029.6481038
2026-09-04T10:06:34+00:00,Falcon USD,USDF,0.996252,1339024869,61,539246,0.999818,0.993945,-0.000237574304578825,-0.02718,1344070422.590452
2026-09-04T10:06:34+00:00,USDGO,USDGO,1.0,1331596042,62,95631234,1.0,0.999903,-6.396540064002e-05,-0.00823,1331454410.77
2026-09-04T10:06:34+00:00,BFUSD,BFUSD,0.99982,1319754396,63,3499856,1.0,0.999536,0.00014163,0.01379,1320000000.0
2026-09-04T10:06:34+00:00,United Stables,U,0.999181,1270459683,64,226390597,0.999602,0.998944,0.00013814,0.01489,1271499107.8
2026-09-04T10:06:34+00:00,Spiko Amundi Overnight Swap Fund (EUR),EURSAFO,1.18,1216942867,65,0.0,1.18,1.17,0.00144664,0.11996,1035218675.93584
2026-09-04T10:06:34+00:00,Ethereum Classic,ETC,7.67,1211607419,66,41144750,7.7,7.37,0.304485,4.13776,158057864.4881589
2026-09-04T10:06:34+00:00,Bitway,BTW,0.446764,1208999740,67,25023314,0.517149,0.395499,0.04087709,9.81424,2708142280.000001
2026-09-04T10:06:34+00:00,Lighter,LIT,4.57,1141810306,68,151834177,4.6,3.83,0.751344,19.55435,250000000.0
2026-09-04T10:06:34+00:00,Pi Network,PI,0.095434,1063271194,69,6481966,0.096794,0.094241,0.00133864,1.46096,11141680597.248924
2026-09-04T10:06:34+00:00,POL (ex-MATIC),POL,0.09441,1011496232,70,72796861,0.095827,0.091717,0.00156512,1.66528,10708292824.93506
2026-09-04T10:06:34+00:00,KuCoin,KCS,7.13,978112319,71,3136132,7.21,7.0,0.162883,2.28104,137155021.2773955
2026-09-04T10:06:34+00:00,Blockchain Capital,BCAP,106.22,967888430,72,0.0,106.22,106.22,0.0,0.0,9112111.0
2026-09-04T10:06:34+00:00,Quant,QNT,66.16,962881206,73,15721365,66.46,64.91,1.33,2.04285,14544176.164081175
2026-09-04T10:06:34+00:00,Arbitrum,ARB,0.140126,936948741,74,441033232,0.146021,0.130354,0.00145786,0.79547,6678075931.0
2026-09-04T10:06:34+00:00,Gate,GT,8.49,905235429,75,3276510,8.68,8.17,0.306018,3.74344,106616147.55412182
2026-09-04T10:06:34+00:00,JUST,JST,0.108753,890275398,76,18136872,0.108956,0.106008,0.00065432,0.54934,8188743036.341737
2026-09-04T10:06:34+00:00,Spiko EU T-Bills Money Market Fund,EUTBL,1.23,877364529,77,0.0,1.23,1.23,0.00147874,0.11729,713640163.80645
2026-09-04T10:06:34+00:00,NEXO,NEXO,0.841059,841533362,78,5370588,0.857532,0.837601,0.00284053,0.3256,1000000000.0
2026-09-04T10:06:34+00:00,Invesco Short Duration US Government Securities Fund,USTB,11.2,836867110,79,0.0,11.2,11.2,0.001091,0.00974,74724080.642651
2026-09-04T10:06:34+00:00,Algorand,ALGO,0.092555,836321416,80,43777377,0.095004,0.091477,0.00030437,0.34559,9038671596.896738
2026-09-04T10:06:34+00:00,Kaspa,KAS,0.02978399,824089103,81,12628174,0.03008586,0.02887962,0.0010144,3.53318,27678662954.183525
2026-09-04T10:06:34+00:00,Venice Token,VVV,17.26,824080650,82,15953212,17.4,16.3,1.078,6.63915,47755150.863867104
2026-09-04T10:06:34+00:00,Janus Henderson Anemoy Treasury Fund,JTRSY,1.12,820662058,83,0.0,1.12,1.11,0.000264,0.02368,735979518.801272
2026-09-04T10:06:34+00:00,Cosmos Hub,ATOM,1.53,806343093,84,29699983,1.53,1.49,0.03612051,2.42479,528797232.451773
2026-09-04T10:06:34+00:00,​​Stable,STABLE,0.02942069,765601363,85,11709217,0.02954819,0.02800769,0.00095924,3.26017,26011983196.0
2026-09-04T10:06:34+00:00,Render,RENDER,1.47,763201914,86,33683566,1.49,1.44,0.03357172,2.32653,518772101.28269154
2026-09-04T10:06:34+00:00,Jupiter,JUP,0.22283,739606526,87,69424203,0.238119,0.22143,0.00113072,0.43584,3320312968.08
2026-09-04T10:06:34+00:00,Janus Henderson Anemoy AAA CLO Fund,JAAA,1.048,710335659,88,0.0,1.048,1.048,0.000433,0.04133,677698382.234422
2026-09-04T10:06:34+00:00,GHO,GHO,0.998928,698246911,89,5817934,0.999201,0.998653,0.00030533,0.03004,699000000.0
2026-09-04T10:06:34+00:00,Dash,DASH,52.04,666026541,90,240062030,54.4,42.6,9.46,22.08538,12825874.01071131
2026-09-04T10:06:34+00:00,PancakeSwap,CAKE,2.0,640822980,91,88922069,2.06,1.96,0.03959712,2.06827,320768936.5490902
2026-09-04T10:06:34+00:00,Filecoin,FIL,0.774915,640646624,92,84919135,0.809022,0.766833,-0.008034759013612947,-1.09986,826794894.0
2026-09-04T10:06:34+00:00,Official Trump,TRUMP,2.39,625112190,93,490574230,2.51,2.25,0.175966,7.92138,261880985.28763402
2026-09-04T10:06:34+00:00,SPX6900,SPX,0.671519,623081361,94,24094780,0.672911,0.535,0.143977,27.25224,930987335.2481942
2026-09-04T10:06:34+00:00,Beldex,BDX,0.078997,621407800,95,9692631,0.079591,0.078545,5.986e-05,0.02618,7870503576.81148
2026-09-04T10:06:34+00:00,Flare,FLR,0.00691148,599914392,96,3144893,0.00706302,0.00669387,0.00021607,3.18697,86793119450.61769
2026-09-04T10:06:34+00:00,VeChain,VET,0.00680912,585482667,97,9007221,0.00687622,0.00659905,0.00021643,3.23258,85985041177.0
2026-09-04T10:06:34+00:00,Curve DAO,CRV,0.374104,581893914,98,86240288,0.381302,0.356354,0.01264084,3.42851,1553981091.0
2026-09-04T10:06:34+00:00,XDC Network,XDC,0.02815276,561596296,99,5085883,0.02838074,0.02780764,0.00032612,1.19704,19946688440.0
2026-09-04T14:36:41+00:00,Bitcoin,BTC,79328,1593657224077,1,45896699658,82108,79016,-402.27086685843824,-0.50515,20079618.0
2026-09-04T14:36:41+00:00,Ethereum,ETH,2452.65,299538884423,2,20664858621,2543.95,2437.03,-5.1120106378398305,-0.16498,122018029.54816364
2026-09-04T14:36:41+00:00,Tether,USDT,0.999914,183367995300,3,81079431799,1.0,0.999741,3.787e-05,0.00768,183380584914.2666
2026-09-04T14:36:41+00:00,BNB,BNB,714.38,95187679593,4,1217317043,729.04,711.52,-4.1363934775835105,-0.57359,133162083.78
2026-09-04T14:36:41+00:00,XRP,XRP,1.4,87929345031,5,4341739612,1.48,1.4,-0.010185719326304854,-0.68722,62744504852.0
2026-09-04T14:36:41+00:00,USDC,USDC,0.99986,74169724421,6,23066085738,1.0,0.999813,-0.0001051152099244,-0.00729,74178301669.92012
2026-09-04T14:36:41+00:00,Solana,SOL,101.18,59294674259,7,4472259886,105.61,100.76,-1.5513043746730943,-1.38839,585360261.6096605
2026-09-04T14:36:41+00:00,TRON,TRX,0.329009,31232118862,8,466472070,0.332098,0.327679,-0.000244167643235427,-0.06921,94933725530.35909
2026-09-04T14:36:41+00:00,Figure Heloc,FIGR_HELOC,1.032,22975553097,9,353748271,1.036,1.008,0.01959269,1.93019,22254918397.228
2026-09-04T14:36:41+00:00,Hyperliquid,HYPE,84.44,18814394021,10,1593423633,88.06,83.4,0.922427,1.07269,222445714.07414138
2026-09-04T14:36:41+00:00,Zcash,ZEC,983.15,16660791734,11,1390968214,1023.4,866.42,120.5,14.10845,16912153.2905448
2026-09-04T14:36:41+00:00,Dogecoin,DOGE,0.084796,13227797486,12,1226697650,0.08987,0.084426,1.758e-05,0.02339,155774816383.70523
2026-09-04T14:36:41+00:00,Rain,RAIN,0.01660585,11777345492,13,42570442,0.01718139,0.01658959,-4.9541719560325e-05,-0.29787,709200330949.1613
2026-09-04T14:36:41+00:00,USDS,USDS,0.999761,9786087332,14,176825534,1.0,0.999699,-0.000325494886070143,-0.02827,9788244960.351456
2026-09-04T14:36:41+00:00,Monero,XMR,516.93,9744449542,15,216945759,565.05,499.99,2.14,0.54368,18800222.20444181
2026-09-04T14:36:41+00:00,Chainlink,LINK,11.61,8695354430,16,544350624,12.15,11.56,0.02454968,0.20247,748099970.424884
2026-09-04T14:36:41+00:00,WhiteBIT Coin,WBT,72.98,8613374575,17,136701810,74.91,72.69,0.057894,0.06971,117956019.0
2026-09-04T14:36:41+00:00,LEO Token,LEO,9.3,8553395000,18,307461,9.45,9.22,-0.021887811549172298,-0.21064,919857851.9
2026-09-04T14:36:41+00:00,Cardano,ADA,0.213091,7999081590,19,747484581,0.226776,0.212947,-0.000551280424964412,-0.1389,37504333228.36598
2026-09-04T14:36:41+00:00,Stellar,XLM,0.179797,6244402550,20,173524158,0.188001,0.179072,-0.001030692333611111,-0.55637,34718653093.35546
2026-09-04T14:36:41+00:00,Bitcoin Cash,BCH,250.98,5048330274,21,184664942,261.07,249.63,-2.1913172180448726,-0.78244,20084459.27165078
2026-09-04T14:36:41+00:00,Dai,DAI,0.999782,4602257459,22,417093460,1.0,0.999608,-0.000200257485049815,-0.00677,4602332324.690162
2026-09-04T14:36:41+00:00,Ethena USDe,USDE,0.999799,4311102858,23,90952960,1.0,0.999611,-3.3413015616879e-05,0.00369,4311771201.951767
2026-09-04T14:36:41+00:00,Canton,CC,0.108197,4280011869,24,10942682,0.113639,0.107855,-0.003080544388721018,-2.63816,39500750635.27706
2026-09-04T14:36:41+00:00,USD1,USD1,0.999623,4218810220,25,1643810955,0.999875,0.999399,-4.3395055704276e-05,0.00096,4220296038.395916
2026-09-04T14:36:41+00:00,Uniswap,UNI,6.28,3918327143,26,935888593,6.5,6.07,0.148229,2.22247,623212423.7271129
2026-09-04T14:36:41+00:00,Litecoin,LTC,50.2,3897646917,27,256448966,51.81,50.16,-0.7621471866944844,-1.46943,77569848.04623413
2026-09-04T14:36:41+00:00,Gram (prev. Toncoin),GRAM,1.37,3798183894,28,47516247,1.4,1.35,0.02439505,1.96273,2780951462.5060477
2026-09-04T14:36:41+00:00,Hedera,HBAR,0.077103,3381571781,29,75380075,0.080923,0.07721,-0.001132796581214679,-1.44132,43831559707.56387
2026-09-04T14:36:41+00:00,Global Dollar,USDG,1.0,3247349189,30,2496948871,1.0,1.0,-0.000177068941540792,-0.01283,3246931744.186215
2026-09-04T14:36:41+00:00,Avalanche,AVAX,7.36,3179927104,31,283300297,7.56,7.31,-0.005921535689583202,-0.05528,431771961.1772119
2026-09-04T14:36:41+00:00,Shiba Inu,SHIB,5.22e-06,3078440881,32,89836817,5.47e-06,5.2e-06,-5.5642931087e-08,-0.99318,589239322929428.0
2026-09-04T14:36:41+00:00,Sui,SUI,0.74834,3070731285,33,570986130,0.796305,0.745943,-0.0258498047071829,-3.25331,4096537146.5409594
2026-09-04T14:36:41+00:00,PayPal USD,PYUSD,0.999963,3040376723,34,93669088,1.0,0.999943,-0.000237241493789897,-0.01916,3040430917.6538095
2026-09-04T14:36:41+00:00,BlackRock USD Institutional Digital Liquidity Fund,BUIDL,1.0,2795015724,35,0.0,1.0,1.0,1.11e-16,0.0,2795015724.040449
2026-09-04T14:36:41+00:00,Cronos,CRO,0.05636,2735965612,36,8612436,0.058517,0.055813,0.00106956,2.03132,48533627487.52322
2026-09-04T14:36:41+00:00,Tether Gold,XAUT,4431.24,2714684069,37,311870668,4498.67,4373.38,-32.9314718186688,-0.69953,612823.6595320001
2026-09-04T14:36:41+00:00,Circle USYC,USYC,1.14,2690235537,38,0.0,1.14,1.14,0.00043142,0.03797,2366965003.959992
2026-09-04T14:36:41+00:00,NEAR Protocol,NEAR,1.94,2535425952,39,338157225,2.03,1.92,0.01715072,0.92722,1305423692.0
2026-09-04T14:36:41+00:00,MemeCore,M,1.11,2510189226,40,1992427,1.1,1.032,0.03724629,3.46429,2269004109.8799977
2026-09-04T14:36:41+00:00,Ripple USD,RLUSD,0.999926,2398826120,41,188037136,1.0,0.999785,-0.000144215646150858,-0.00969,2398880260.647216
2026-09-04T14:36:41+00:00,OKB,OKB,107.75,2263775709,42,33772944,111.27,106.96,-1.0532617557430655,-0.96589,21000000.0
2026-09-04T14:36:41+00:00,Ondo US Dollar Yield,USDY,1.14,2187606093,43,2560552,1.15,1.13,-0.00199078667560304,-0.50987,1918876600.5648441
2026-09-04T14:36:41+00:00,Bittensor,TAO,222.58,2137399247,44,163091139,231.85,221.7,-1.2222080334302916,-0.48129,9597491.0
2026-09-04T14:36:41+00:00,Aave,AAVE,130.26,2012141626,45,345698281,135.94,130.3,-1.1551583664373481,-0.96061,15427176.832441883
2026-09-04T14:36:41+00:00,Aster,ASTER,0.726518,1962654066,46,183959527,0.759111,0.709295,-0.005171834456729307,-0.77292,2700010975.2797318
2026-09-04T14:36:41+00:00,PAX Gold,PAXG,4436.74,1918667360,47,205711717,4510.14,4381.72,-37.99970765221042,-0.83429,432503.322051
2026-09-04T14:36:41+00:00,Mantle,MNT,0.574601,1897768510,48,34186147,0.591852,0.562203,0.01193726,2.1593,3302294382.53684
2026-09-04T14:36:41+00:00,World Liberty Financial,WLFI,0.057233,1818722026,49,44280246,0.058829,0.056622,0.00065766,1.22314,31776963423.0
2026-09-04T14:36:41+00:00,Ondo,ONDO,0.354771,1728712365,50,114414519,0.371915,0.352616,-0.005401791626390928,-1.54088,4869330647.0
2026-09-04T14:36:41+00:00,Pump.fun,PUMP,0.00427123,1691809921,51,240638414,0.00454331,0.00408014,-0.000169044038889361,-3.84059,395518470235.1679
2026-09-04T14:36:41+00:00,Morpho,MORPHO,2.45,1686406313,52,44909366,2.56,2.4,0.01964579,0.79806,688565979.8281442
2026-09-04T14:36:41+00:00,Ethena,ENA,0.163777,1611467923,53,1032920527,0.179748,0.159323,0.00541036,3.46666,9828125000.0
2026-09-04T14:36:41+00:00,Sky,SKY,0.067423,1579374766,54,10878786,0.069764,0.06727,-0.000880793271427829,-1.35777,23425303789.477074
2026-09-04T14:36:41+00:00,Pepe,PEPE,3.53e-06,1484233556,55,439396712,3.87e-06,3.52e-06,-3.8869275115e-08,-1.2011,420690000000000.0
2026-09-04T14:36:41+00:00,USDD,USDD,0.998009,1472626716,56,4186682,0.999952,0.997967,-0.001275328621351157,-0.10971,1475536686.0
2026-09-04T14:36:41+00:00,HTX DAO,HTX,1.64e-06,1469192464,57,6635169,1.66e-06,1.63e-06,-1.84792116e-09,-0.08448,898232728634017.2
2026-09-04T14:36:41+00:00,Polkadot,DOT,0.852604,1451257334,58,139117974,0.90025,0.8483,-0.02500071682342686,-2.9962,1701204096.195218
2026-09-04T14:36:41+00:00,Bitget Token,BGB,1.97,1377624920,59,11955364,2.02,1.95,-0.023995464540571776,-1.23665,699992029.6481038
2026-09-04T14:36:41+00:00,Worldcoin,WLD,0.375695,1366247386,60,185508566,0.409374,0.375482,-0.003971199584050344,-1.03147,3632108432.85895
2026-09-04T14:36:41+00:00,Internet Computer,ICP,2.45,1364657391,61,60682128,2.6,2.46,-0.04367318873058945,-1.7873,556204668.8856438
2026-09-04T14:36:41+00:00,USDGO,USDGO,1.0,1355508650,62,94879516,1.0,0.999903,1.05e-06,-0.01322,1355454410.77
2026-09-04T14:36:41+00:00,Falcon USD,USDF,0.996158,1338929313,63,544057,0.999818,0.993945,-0.0006402200924297,-0.05595,1344070422.590452
2026-09-04T14:36:41+00:00,BFUSD,BFUSD,0.999849,1319826393,64,5134867,1.0,0.999748,-4.3473635995217e-05,-0.00013,1320000000.0
2026-09-04T14:36:41+00:00,United Stables,U,0.999117,1274327228,65,242355254,0.999602,0.999089,-0.000247692164223712,-0.02387,1275499107.8
2026-09-04T14:36:41+00:00,Bitway,BTW,0.451369,1223426448,66,20077906,0.517149,0.395499,-0.003624493743780488,-0.58723,2708142280.000001
2026-09-04T14:36:41+00:00,Spiko Amundi Overnight Swap Fund (EUR),EURSAFO,1.18,1216490576,67,0.0,1.18,1.17,-0.000791609027025464,-0.06732,1035218675.93584
2026-09-04T14:36:41+00:00,Ethereum Classic,ETC,7.37,1165780048,68,41860478,7.7,7.36,-0.0918219365094215,-1.16214,158059882.5363689
2026-09-04T14:36:41+00:00,Lighter,LIT,4.61,1157205526,69,184848072,4.73,4.03,0.610068,15.5211,250000000.0
2026-09-04T14:36:41+00:00,Pi Network,PI,0.094486,1052968986,70,7934403,0.096794,0.093887,-0.000371846204699863,-0.40239,11141680597.248924
2026-09-04T14:36:41+00:00,POL (ex-MATIC),POL,0.091911,985099517,71,70725441,0.095827,0.091832,-0.002135579979993543,-2.21925,10708292824.93506
2026-09-04T14:36:41+00:00,Blockchain Capital,BCAP,106.22,967888430,72,0.0,106.22,106.22,-1.4211e-14,0.0,9112111.0
2026-09-04T14:36:41+00:00,KuCoin,KCS,7.02,963425364,73,3252761,7.21,6.98,-0.1002692867915993,-1.43296,137155021.2773955
2026-09-04T14:36:41+00:00,Quant,QNT,64.72,942017936,74,15947984,67.33,64.76,-0.7376568868852615,-1.16729,14544176.164081175
2026-09-04T14:36:41+00:00,Arbitrum,ARB,0.135124,902343575,75,419239437,0.146021,0.128668,0.00182538,1.49986,6678075931.0
2026-09-04T14:36:41+00:00,JUST,JST,0.10879,890793951,76,19411388,0.109201,0.106008,0.00222836,2.10975,8188743036.341737
2026-09-04T14:36:41+00:00,Gate,GT,8.32,887279822,77,3323017,8.68,8.3,-0.17887970427014466,-2.01107,106616349.45180482
2026-09-04T14:36:41+00:00,Spiko EU T-Bills Money Market Fund,EUTBL,1.23,882592148,78,0.0,1.23,1.23,-0.000688877772001772,-0.05601,718027528.4955
2026-09-04T14:36:41+00:00,Venice Token,VVV,17.64,842871833,79,19599468,17.55,16.64,0.953809,5.77453,47757075.42799705
2026-09-04T14:36:41+00:00,NEXO,NEXO,0.834039,833999943,80,5037082,0.857532,0.832977,-0.010716839295379366,-1.26908,1000000000.0
2026-09-04T14:36:41+00:00,Invesco Short Duration US Government Securities Fund,USTB,11.2,824548977,81,0.0,11.2,11.2,0.001067,0.00953,73617177.640454
2026-09-04T14:36:41+00:00,Algorand,ALGO,0.090743,820676253,82,42204976,0.095004,0.090476,-0.002514064890217702,-2.76992,9038671596.896738
2026-09-04T14:36:41+00:00,Janus Henderson Anemoy Treasury Fund,JTRSY,1.12,820662059,83,0.0,1.12,1.11,0.000264,0.02368,735979519.801272
2026-09-04T14:36:41+00:00,Kaspa,KAS,0.02943348,815247749,84,13145709,0.03049612,0.0291356,0.00012188,0.39692,27678662954.183525
2026-09-04T14:36:41+00:00,Cosmos Hub,ATOM,1.5,792206781,85,29697471,1.54,1.49,-0.013477916740263662,-0.88408,528837439.547544
2026-09-04T14:36:41+00:00,​​Stable,STABLE,0.02925761,762010265,86,10517172,0.02979714,0.02833553,0.00079968,2.84895,26017688271.0
2026-09-04T14:36:41+00:00,Render,RENDER,1.42,736320767,87,37386182,1.49,1.41,-0.03759919642489051,-2.51383,518772101.28269154
2026-09-04T14:36:41+00:00,Jupiter,JUP,0.215253,715615628,88,67289766,0.238119,0.213366,-0.014272176962292105,-6.06485,3320312968.08
2026-09-04T14:36:41+00:00,Janus Henderson Anemoy AAA CLO Fund,JAAA,1.048,710335659,89,0.0,1.048,1.048,0.000433,0.04133,677698382.234422
2026-09-04T14:36:41+00:00,GHO,GHO,0.998931,698266393,90,7190096,0.999201,0.998853,-0.000136618110579634,-0.00916,699000000.0
2026-09-04T14:36:41+00:00,Dash,DASH,49.97,643190335,91,282250711,54.4,43.57,6.84,16.05765,12825974.39666784
2026-09-04T14:36:41+00:00,PancakeSwap,CAKE,1.95,625228680,92,91838965,2.06,1.96,-0.023949653859747677,-1.25939,320768998.6303442
2026-09-04T14:36:41+00:00,Beldex,BDX,0.078895,621268728,93,9644275,0.07925,0.078564,0.00019032,0.14744,7870506235.062141
2026-09-04T14:36:41+00:00,Filecoin,FIL,0.746879,617772143,94,89265370,0.809022,0.74249,-0.0448952201442242,-5.79137,826802944.0
2026-09-04T14:36:41+00:00,Official Trump,TRUMP,2.26,590777300,95,437137402,2.51,2.22,-0.08001457666290301,-3.43637,261880985.28763402
2026-09-04T14:36:41+00:00,Flare,FLR,0.00674145,585131315,96,3072184,0.00706302,0.00674246,-7.5052577926836e-05,-1.14138,86793119421.94585
2026-09-04T14:36:41+00:00,VeChain,VET,0.0066242,569952538,97,9004505,0.00687622,0.00663071,-6.3278807150619e-05,-0.94734,85985041177.0
2026-09-04T14:36:41+00:00,SPX6900,SPX,0.607305,566120291,98,28100202,0.672911,0.566467,0.052031,9.42379,930987335.2481942
2026-09-04T14:36:41+00:00,Curve DAO,CRV,0.358152,557080238,99,85706761,0.381302,0.352903,-0.003602319948576405,-1.0395,1554023069.0
2026-09-04T14:36:41+00:00,XDC Network,XDC,0.02779268,554448646,100,5920963,0.02838074,0.02779108,-7.6471203882676e-05,-0.25544,19946688440.0
2026-09-04T17:53:14+00:00,Bitcoin,BTC,79472,1595860856118,1,40952743292,82108,78706,-1620.1379494031862,-2.00386,20079618.0
2026-09-04T17:53:14+00:00,Ethereum,ETH,2445.23,298354863982,2,18412608701,2543.95,2435.15,-57.55924444350694,-2.29668,122018029.54816364
2026-09-04T17:53:14+00:00,Tether,USDT,1.0,183401518669,3,74078866595,1.0,0.999803,0.00012854,0.01143,183380584914.2666
2026-09-04T17:53:14+00:00,BNB,BNB,717.12,95503387493,4,1086313951,729.04,709.29,-5.13074945930498,-0.7299,133162072.39
2026-09-04T17:53:14+00:00,XRP,XRP,1.39,87444505378,5,3571677764,1.48,1.38,-0.06890350067134299,-4.71837,62744504852.0
2026-09-04T17:53:14+00:00,USDC,USDC,0.999978,74219869068,6,20471092903,1.0,0.999774,4.38e-05,0.00308,74221699368.14816
2026-09-04T17:53:14+00:00,Solana,SOL,101.23,59267645320,7,3841395748,105.61,100.4,-3.8968544895545847,-3.71954,585360140.6396235
2026-09-04T17:53:14+00:00,TRON,TRX,0.330877,31416427254,8,424707858,0.331979,0.327679,-0.000681123002319761,-0.21544,94933696444.65239
2026-09-04T17:53:14+00:00,Figure Heloc,FIGR_HELOC,1.032,22973722735,9,351602304,1.036,1.012,-0.000529089605643573,-0.04972,22254918397.228
2026-09-04T17:53:14+00:00,Hyperliquid,HYPE,85.05,18922181714,10,1549637794,88.06,83.64,0.890628,1.07215,222445714.07414138
2026-09-04T17:53:14+00:00,Zcash,ZEC,1008.01,17064508669,11,1328244689,1040.19,933.53,58.49,6.27368,16912153.2905448
2026-09-04T17:53:14+00:00,Dogecoin,DOGE,0.08416,13111149226,12,961799897,0.089708,0.083882,-0.005368304800385651,-5.95958,155778446383.70523
2026-09-04T17:53:14+00:00,Rain,RAIN,0.01653568,11736299409,13,28490415,0.01718139,0.0165461,-0.000616846803426403,-3.4963,709200331264.7319
2026-09-04T17:53:14+00:00,Monero,XMR,523.01,9832675182,14,219854613,565.05,499.99,-0.35267578215530193,-0.02016,18800291.20398019
2026-09-04T17:53:14+00:00,USDS,USDS,1.0,9783935607,15,162609533,1.0,0.999699,8.944e-05,0.00745,9784405632.196249
2026-09-04T17:53:14+00:00,Chainlink,LINK,11.6,8677022994,16,505557290,12.15,11.48,-0.13969664759669165,-1.2185,748099970.424884
2026-09-04T17:53:14+00:00,WhiteBIT Coin,WBT,73.01,8612302882,17,123683944,74.91,72.4,-1.0680651515779687,-1.49415,117956019.0
2026-09-04T17:53:14+00:00,LEO Token,LEO,9.25,8509672478,18,282581,9.4,9.21,-0.14095984976996334,-1.59921,919857851.9
2026-09-04T17:53:14+00:00,Cardano,ADA,0.211319,7927925193,19,664887774,0.226776,0.209675,-0.011764322957213691,-5.2554,37504333228.36598
2026-09-04T17:53:14+00:00,Stellar,XLM,0.178091,6184046856,20,152762611,0.188001,0.177583,-0.00918519330732423,-4.87187,34718686528.91045
2026-09-04T17:53:14+00:00,Bitcoin Cash,BCH,251.64,5054138049,21,161369590,261.07,247.67,-6.727458121963082,-2.62008,20084574.89665078
2026-09-04T17:53:14+00:00,Dai,DAI,0.999961,4597252811,22,407269464,1.0,0.999608,3.21e-06,-0.00101,4598306076.804405
2026-09-04T17:53:14+00:00,Ethena USDe,USDE,0.999976,4326897593,23,92690008,1.0,0.999611,-5.2495141862896e-05,-0.00737,4327019549.240337
2026-09-04T17:53:14+00:00,USD1,USD1,0.999715,4238970306,24,1510990139,0.999795,0.999399,-7.929276844343e-06,-0.0039,4240296038.395916
2026-09-04T17:53:14+00:00,Canton,CC,0.106872,4222237765,25,10300713,0.113639,0.107353,-0.00539230322995092,-4.76627,39501585210.65956
2026-09-04T17:53:14+00:00,Litecoin,LTC,50.31,3902442827,26,242221684,51.81,49.83,-1.046430963822651,-2.01814,77570248.0474234
2026-09-04T17:53:14+00:00,Uniswap,UNI,6.2,3868616463,27,912461973,6.5,6.07,0.055094,0.96622,623212423.7271129
2026-09-04T17:53:14+00:00,Gram (prev. Toncoin),GRAM,1.37,3816941878,28,40668348,1.4,1.35,-0.001161138689567576,-0.03985,2781027201.548785
2026-09-04T17:53:14+00:00,Hedera,HBAR,0.07723,3385600403,29,64843624,0.079784,0.076474,-0.002547542932193364,-3.16724,43831559707.69992
2026-09-04T17:53:14+00:00,Global Dollar,USDG,1.0,3245945995,30,2493514294,1.0,0.999974,-5.3034996360557e-05,-0.00832,3245473806.6344
2026-09-04T17:53:14+00:00,Avalanche,AVAX,7.34,3167177275,31,253346406,7.56,7.31,-0.1823908167160493,-2.46173,431771961.1772119
2026-09-04T17:53:14+00:00,Sui,SUI,0.751129,3077066055,32,501454059,0.796305,0.740488,-0.04217860757749359,-5.32066,4096537146.5409594
2026-09-04T17:53:14+00:00,Shiba Inu,SHIB,5.19e-06,3055657142,33,76974598,5.47e-06,5.16e-06,-2.47383672957e-07,-4.51233,589239321434316.9
2026-09-04T17:53:14+00:00,PayPal USD,PYUSD,1.0,3036530969,34,87675949,1.0,0.999927,3.667e-05,0.00214,3036108353.2619963
2026-09-04T17:53:14+00:00,BlackRock USD Institutional Digital Liquidity Fund,BUIDL,1.0,2795282866,35,0.0,1.0,1.0,0.0,0.0,2795282865.800449
2026-09-04T17:53:14+00:00,Cronos,CRO,0.055913,2713762682,36,7273978,0.058517,0.05575,-0.001630376330035786,-2.77524,48533892096.80128
2026-09-04T17:53:14+00:00,Tether Gold,XAUT,4415.58,2705975601,37,285291840,4479.93,4373.38,-64.33339446697482,-1.44902,612823.6595320001
2026-09-04T17:53:14+00:00,Circle USYC,USYC,1.14,2624340328,38,0.0,1.14,1.14,0.00043142,0.03797,2308988052.650666
2026-09-04T17:53:14+00:00,NEAR Protocol,NEAR,1.97,2577717026,39,327085140,2.03,1.91,-0.028830048739291403,-1.34033,1305423574.0
2026-09-04T17:53:14+00:00,MemeCore,M,1.1,2500988068,40,1770480,1.12,1.032,0.03346573,3.13767,2269050399.021801
2026-09-04T17:53:14+00:00,Ripple USD,RLUSD,1.0,2406404228,41,150553323,1.0,0.999785,6.107e-05,-0.00096,2406411458.647215
2026-09-04T17:53:14+00:00,OKB,OKB,107.86,2265146991,42,28744363,111.0,106.58,-2.1430745329472387,-1.93808,21000000.0
2026-09-04T17:53:14+00:00,Ondo US Dollar Yield,USDY,1.14,2196772225,43,2376459,1.15,1.13,0.00332737,0.40368,1918876422.9607158
2026-09-04T17:53:14+00:00,Bittensor,TAO,222.8,2138767492,44,141585776,231.85,220.55,-5.955025423834314,-2.59637,9597491.0
2026-09-04T17:53:14+00:00,Aave,AAVE,130.31,2010853889,45,310502280,135.94,129.11,-3.921120785953235,-2.95522,15427181.61345986
2026-09-04T17:53:14+00:00,Aster,ASTER,0.734557,1983198107,46,186443459,0.759111,0.709295,0.00101131,0.27335,2700010975.2797318
2026-09-04T17:53:14+00:00,PAX Gold,PAXG,4421.26,1912131396,47,196717162,4489.76,4381.72,-68.5998055059872,-1.55191,432503.322051
2026-09-04T17:53:14+00:00,Mantle,MNT,0.575834,1901194931,48,29360107,0.591852,0.562203,0.00083852,0.13816,3302294382.53684
2026-09-04T17:53:14+00:00,World Liberty Financial,WLFI,0.057038,1812457364,49,40516334,0.058829,0.056622,-0.000909830951443688,-1.56994,31776963759.0
2026-09-04T17:53:14+00:00,Morpho,MORPHO,2.52,1737007160,50,42292232,2.56,2.42,0.01803424,0.76295,688569348.2963462
2026-09-04T17:53:14+00:00,Ondo,ONDO,0.353883,1724251578,51,104178721,0.369896,0.350126,-0.014977782701246556,-3.98799,4869330647.0
2026-09-04T17:53:14+00:00,Pump.fun,PUMP,0.00426011,1685349885,52,227601820,0.00447626,0.00408014,-0.000219492317673792,-5.03028,395493388954.9545
2026-09-04T17:53:14+00:00,Ethena,ENA,0.16433,1615013437,53,828547693,0.179748,0.161283,-0.013976704258612666,-7.67847,9828125000.0
2026-09-04T17:53:14+00:00,Sky,SKY,0.066948,1568353748,54,11022603,0.069764,0.066834,-0.00162949640715207,-2.32279,23425206250.344444
2026-09-04T17:53:14+00:00,Pepe,PEPE,3.52e-06,1483583972,55,332982967,3.87e-06,3.48e-06,-3.13926515223e-07,-8.05277,420690000000000.0
2026-09-04T17:53:14+00:00,HTX DAO,HTX,1.64e-06,1474542277,56,9082809,1.66e-06,1.63e-06,-1.4959751174e-08,-0.94678,898232728634017.2
2026-09-04T17:53:14+00:00,USDD,USDD,0.998562,1473144271,57,3837132,0.999952,0.997967,-0.001270447435246069,-0.16381,1475795792.0
2026-09-04T17:53:14+00:00,Polkadot,DOT,0.853518,1451946004,58,132686206,0.90025,0.842945,-0.03598652926141488,-4.01823,1701222727.209387
2026-09-04T17:53:14+00:00,Bitget Token,BGB,1.97,1381699794,59,10374070,2.02,1.95,-0.025840075686485386,-1.29914,699992029.6481038
2026-09-04T17:53:14+00:00,Internet Computer,ICP,2.47,1373481042,60,58546429,2.6,2.43,-0.0679030377357206,-2.65588,556204784.2416993
2026-09-04T17:53:14+00:00,Worldcoin,WLD,0.375709,1364779334,61,159890071,0.409374,0.370932,-0.023937231510121615,-6.0183,3632190059.4102283
2026-09-04T17:53:14+00:00,USDGO,USDGO,1.0,1355542735,62,82505156,1.0,0.999903,0.00013005,0.00858,1355454412.77
2026-09-04T17:53:14+00:00,Falcon USD,USDF,0.996533,1339381882,63,557897,0.999818,0.993945,9.162e-05,0.00607,1344070422.590452
2026-09-04T17:53:14+00:00,BFUSD,BFUSD,1.0,1320069904,64,4831165,1.0,0.999765,-5.255135261839e-06,-0.00203,1320000000.0
2026-09-04T17:53:14+00:00,United Stables,U,0.999466,1276769794,65,221321727,0.999602,0.998985,0.0001194,0.0107,1277499107.8
2026-09-04T17:53:14+00:00,Spiko Amundi Overnight Swap Fund (EUR),EURSAFO,1.18,1216605375,66,0.0,1.18,1.17,-0.002139899409782764,-0.18175,1035218675.93584
2026-09-04T17:53:14+00:00,Bitway,BTW,0.448564,1216300658,67,16547861,0.517149,0.433824,-0.010987141561067504,-1.97875,2708142280.000001
2026-09-04T17:53:14+00:00,Lighter,LIT,4.75,1186760624,68,195686292,4.86,4.18,0.533848,12.68501,250000000.0
2026-09-04T17:53:14+00:00,Ethereum Classic,ETC,7.35,1162395029,69,38641275,7.7,7.3,-0.27662222219675936,-3.62894,158061539.2657589
2026-09-04T17:53:14+00:00,Pi Network,PI,0.094235,1049925422,70,6683054,0.096672,0.093695,-0.002005105917771116,-2.09108,11141680597.248924
2026-09-04T17:53:14+00:00,POL (ex-MATIC),POL,0.092167,986648603,71,67917362,0.095827,0.090957,-0.002593112102921999,-2.71007,10708292824.93506
2026-09-04T17:53:14+00:00,Blockchain Capital,BCAP,106.22,967888430,72,0.0,106.22,106.22,1.4211e-14,0.0,9112111.0
2026-09-04T17:53:14+00:00,KuCoin,KCS,7.04,965713530,73,3008061,7.21,6.98,-0.10800200734654375,-1.50765,137155021.2773955
2026-09-04T17:53:14+00:00,Quant,QNT,63.9,929220415,74,15045699,67.33,64.21,-1.5163119147645077,-2.31677,14544176.164081175
2026-09-04T17:53:14+00:00,Gate,GT,8.36,891626047,75,2896554,8.68,8.27,-0.2477123264517811,-2.82462,106616545.35749921
2026-09-04T17:53:14+00:00,Arbitrum,ARB,0.132716,885782361,76,394388001,0.146021,0.128668,0.00061902,0.33202,6678075931.0
2026-09-04T17:53:14+00:00,JUST,JST,0.107955,884033724,77,17978754,0.109201,0.106362,0.00155662,1.48632,8188743036.341737
2026-09-04T17:53:14+00:00,Spiko EU T-Bills Money Market Fund,EUTBL,1.23,882489652,78,0.0,1.23,1.23,-0.002271381502779279,-0.18447,718027528.4955
2026-09-04T17:53:14+00:00,Venice Token,VVV,17.49,835624352,79,17562416,17.75,16.91,0.319995,1.73982,47757938.810045525
2026-09-04T17:53:14+00:00,NEXO,NEXO,0.825117,825541460,80,4981541,0.857532,0.82512,-0.026081716156782564,-3.00584,1000000000.0
2026-09-04T17:53:14+00:00,Algorand,ALGO,0.090697,819823726,81,39779251,0.094981,0.089698,-0.003942767724822396,-4.1992,9038671596.896738
2026-09-04T17:53:14+00:00,Kaspa,KAS,0.02898538,802062865,82,12038501,0.03049612,0.02897356,-0.000754170426141513,-2.60231,27678662954.183525
2026-09-04T17:53:14+00:00,Janus Henderson Anemoy Treasury Fund,JTRSY,1.12,799656135,83,0.0,1.12,1.11,0.000264,0.02368,717141156.78007
2026-09-04T17:53:14+00:00,Cosmos Hub,ATOM,1.48,784899484,84,28655312,1.54,1.47,-0.043256159272178296,-2.82092,528850551.481694
2026-09-04T17:53:14+00:00,Invesco Short Duration US Government Securities Fund,USTB,11.2,778899647,85,0.0,11.2,11.2,0.001067,0.00953,69541525.394742
2026-09-04T17:53:14+00:00,​​Stable,STABLE,0.02932807,763157348,86,10596115,0.02979714,0.02833553,0.00061975,2.15488,26021458847.0
2026-09-04T17:53:14+00:00,Render,RENDER,1.43,740162939,87,35748440,1.49,1.41,-0.06161142707773193,-4.15238,518772101.28269154
2026-09-04T17:53:14+00:00,Jupiter,JUP,0.216241,718244827,88,64379353,0.238119,0.213366,-0.02050126136084443,-8.72984,3320312968.08
2026-09-04T17:53:14+00:00,Dash,DASH,55.87,716316826,89,329297961,55.08,45.76,9.73,20.79792,12826550.46417882
2026-09-04T17:53:14+00:00,Janus Henderson Anemoy AAA CLO Fund,JAAA,1.048,710966727,90,0.0,1.048,1.048,0.000433,0.04133,678300455.183658
2026-09-04T17:53:14+00:00,GHO,GHO,0.999167,698412621,91,5598722,0.999201,0.998855,0.00019009,0.01741,699000000.0
2026-09-04T17:53:14+00:00,PancakeSwap,CAKE,1.97,631937366,92,91304033,2.06,1.93,-0.023858043725332845,-1.19577,320770164.28322715
2026-09-04T17:53:14+00:00,Beldex,BDX,0.078937,621393541,93,9865223,0.07925,0.078654,-1.9734905007202e-05,-0.02353,7870506252.968328
2026-09-04T17:53:14+00:00,Filecoin,FIL,0.742338,613768795,94,79511945,0.806312,0.741382,-0.059689763610819124,-7.49025,826809481.0
2026-09-04T17:53:14+00:00,Official Trump,TRUMP,2.26,592744872,95,362620194,2.47,2.22,-0.17724356634192429,-7.35474,261880985.28763402
2026-09-04T17:53:14+00:00,Flare,FLR,0.00673716,584753426,96,2773088,0.00706302,0.00669164,-0.000285528724883177,-4.04375,86793119421.94585
2026-09-04T17:53:14+00:00,VeChain,VET,0.00665461,572065225,97,7636193,0.00687622,0.00654972,-0.000201287517979967,-2.96333,85985041177.0
2026-09-04T17:53:14+00:00,SPX6900,SPX,0.601044,559768229,98,24945035,0.672911,0.584905,0.01286658,2.27089,930987335.2481942
2026-09-04T17:53:14+00:00,XDC Network,XDC,0.02777799,554078803,99,5528080,0.02838074,0.02776248,-0.000367840749084282,-1.3126,19946688440.0
2026-09-04T17:53:14+00:00,Curve DAO,CRV,0.353122,548806168,100,84527657,0.381302,0.352903,-0.016521458421182356,-4.53887,1554036946.0
2026-09-04T19:59:58+00:00,Bitcoin,BTC,79768,1601435271904,1,39056009680,82108,78706,-1982.043918944255,-2.42452,20079696.0
2026-09-04T19:59:58+00:00,Ethereum,ETH,2456.85,299737947167,2,17539411950,2543.95,2435.15,-59.075251243379626,-2.34805,122018029.54816364
2026-09-04T19:59:58+00:00,Tether,USDT,1.0,183390918878,3,71724634304,1.0,0.999803,6.737e-05,0.00674,183380584914.2666
2026-09-04T19:59:58+00:00,BNB,BNB,720.56,95936382983,4,1078248484,729.04,709.29,-3.4510047132150703,-0.47665,133162055.33
2026-09-04T19:59:58+00:00,XRP,XRP,1.4,88040771021,5,3439608856,1.48,1.38,-0.06905476482449502,-4.68863,62744504852.0
2026-09-04T19:59:58+00:00,USDC,USDC,0.999954,74256870070,6,19593534701,1.0,0.999774,1.716e-05,0.00172,74261841582.3541
2026-09-04T19:59:58+00:00,Solana,SOL,101.81,59570633202,7,3720596719,105.54,100.4,-3.3423900014713723,-3.17875,585360087.4988409
2026-09-04T19:59:58+00:00,TRON,TRX,0.331707,31492893259,8,421233609,0.331979,0.327679,0.00022293,0.06725,94933696444.65239
2026-09-04T19:59:58+00:00,Figure Heloc,FIGR_HELOC,1.032,22975419020,9,350896837,1.036,1.012,-0.003531241595282397,-0.34089,22254918397.228
2026-09-04T19:59:58+00:00,Hyperliquid,HYPE,84.97,18901257706,10,1482072052,88.06,83.64,-0.8311142455888216,-0.96869,222445714.07414138
2026-09-04T19:59:58+00:00,Zcash,ZEC,1040.39,17580420760,11,1344490543,1046.3,933.53,73.36,7.58556,16912153.2905448
2026-09-04T19:59:58+00:00,Dogecoin,DOGE,0.084757,13196805699,12,940501327,0.089307,0.083882,-0.004538318430383631,-5.08235,155779026383.70526
2026-09-04T19:59:58+00:00,Rain,RAIN,0.01658652,11761151539,13,40116534,0.01718139,0.01653194,-0.000564365082940652,-3.29059,709200331177.8596
2026-09-04T19:59:58+00:00,Monero,XMR,528.92,9943508426,14,220061536,565.05,499.99,2.62,0.49761,18800319.40394929
2026-09-04T19:59:58+00:00,USDS,USDS,0.999816,9783408909,15,177696302,1.0,0.999699,-0.000173906096020304,-0.01739,9785416325.918922
2026-09-04T19:59:58+00:00,Chainlink,LINK,11.71,8759636395,16,492477531,12.15,11.48,-0.13369843374747248,-1.12853,748099970.424884
2026-09-04T19:59:58+00:00,WhiteBIT Coin,WBT,73.25,8639232160,17,117551183,74.91,72.4,-1.4200958877830772,-1.90185,117956019.0
2026-09-04T19:59:58+00:00,LEO Token,LEO,9.24,8499765903,18,314116,9.4,9.21,-0.08154572046040798,-0.87478,919857851.9
2026-09-04T19:59:58+00:00,Cardano,ADA,0.21368,8011100252,19,646966855,0.226776,0.209675,-0.008627379751383307,-3.88083,37504333228.36598
2026-09-04T19:59:58+00:00,Stellar,XLM,0.179538,6232713817,20,152346926,0.188001,0.177583,-0.008019874462967785,-4.27594,34718913299.919464
2026-09-04T19:59:58+00:00,Bitcoin Cash,BCH,253.25,5086970791,21,159018028,261.07,247.67,-5.988609947477983,-2.31005,20084640.52165078
2026-09-04T19:59:58+00:00,Dai,DAI,0.999823,4584416315,22,400887687,1.0,0.999608,2.859e-05,0.00286,4584896442.757542
2026-09-04T19:59:58+00:00,Ethena USDe,USDE,0.999855,4323838150,23,99465577,1.0,0.999611,-0.000114890057173356,-0.01149,4324487386.013337
2026-09-04T19:59:58+00:00,USD1,USD1,0.999656,4238851295,24,1449001343,0.999804,0.999399,3.25e-05,0.00325,4240296038.395916
2026-09-04T19:59:58+00:00,Canton,CC,0.106018,4187853048,25,10163736,0.113639,0.106209,-0.005737721973642806,-5.13415,39502303113.80306
2026-09-04T19:59:58+00:00,Litecoin,LTC,50.67,3929888754,26,230254315,51.81,49.83,-1.0005542037547102,-1.93643,77570948.04928014
2026-09-04T19:59:58+00:00,Gram (prev. Toncoin),GRAM,1.39,3864155150,27,40896256,1.4,1.35,0.01743722,1.2707,2781063450.0218263
2026-09-04T19:59:58+00:00,Uniswap,UNI,6.19,3860291750,28,883128550,6.5,6.07,-0.03598190250562716,-0.57753,623212423.7271129
2026-09-04T19:59:58+00:00,Hedera,HBAR,0.077404,3392130641,29,63107447,0.079704,0.076474,-0.002236792946406468,-2.80861,43831559707.79047
2026-09-04T19:59:58+00:00,Global Dollar,USDG,0.999999,3245588443,30,2433469681,1.0,0.999974,-0.000200871835074556,-0.02008,3245668476.788262
2026-09-04T19:59:58+00:00,Avalanche,AVAX,7.39,3191191471,31,240153984,7.56,7.31,-0.14118015014074192,-1.8742,431771961.1772119
2026-09-04T19:59:58+00:00,Sui,SUI,0.759109,3108256199,32,494800107,0.794493,0.740488,-0.029261063369879436,-3.71159,4096537146.5409594
2026-09-04T19:59:58+00:00,Shiba Inu,SHIB,5.22e-06,3075272468,33,74623766,5.45e-06,5.16e-06,-2.22136547133e-07,-4.08094,589239321044316.9
2026-09-04T19:59:58+00:00,PayPal USD,PYUSD,0.999928,2931835941,34,101499320,1.0,0.999927,-0.000266361818682892,-0.02663,2932116874.8437066
2026-09-04T19:59:58+00:00,NEAR Protocol,NEAR,2.17,2830496576,35,421896711,2.04,1.91,0.186912,9.4395,1305423511.0
2026-09-04T19:59:58+00:00,BlackRock USD Institutional Digital Liquidity Fund,BUIDL,1.0,2795282866,36,0.0,1.0,1.0,0.0,0.0,2795282865.800449
2026-09-04T19:59:58+00:00,Cronos,CRO,0.055999,2718306478,37,6884081,0.058517,0.05575,-0.001756143326120008,-3.04065,48534023453.25322
2026-09-04T19:59:58+00:00,Tether Gold,XAUT,4429.08,2713926283,38,287515583,4478.4,4373.38,-37.9884699493241,-0.85041,612823.6595320001
2026-09-04T19:59:58+00:00,Circle USYC,USYC,1.14,2624340328,39,0.0,1.14,1.14,0.00043142,0.03797,2308988052.650666
2026-09-04T19:59:58+00:00,MemeCore,M,1.11,2509283423,40,1712176,1.12,1.032,0.04139565,3.88816,2269081268.4608917
2026-09-04T19:59:58+00:00,Ripple USD,RLUSD,0.999988,2406296322,41,148490005,1.0,0.999785,-3.1578596742965e-05,-0.00316,2406411458.647215
2026-09-04T19:59:58+00:00,OKB,OKB,108.25,2273074640,42,27616657,111.0,106.58,-1.7579792718390337,-1.59804,21000000.0
2026-09-04T19:59:58+00:00,Ondo US Dollar Yield,USDY,1.14,2188280238,43,2270798,1.15,1.13,-0.001252239720045178,-0.10962,1918871181.3826272
2026-09-04T19:59:58+00:00,Bittensor,TAO,224.88,2157756145,44,141143084,231.85,220.55,-4.999707078652648,-2.17492,9597491.0
2026-09-04T19:59:58+00:00,Aave,AAVE,130.56,2014202445,45,309978469,135.94,129.11,-3.539023447666068,-2.63904,15427181.728376675
2026-09-04T19:59:58+00:00,Aster,ASTER,0.740413,1999088687,46,190626546,0.759111,0.709295,0.0109357,1.49912,2700010975.2797318
2026-09-04T19:59:58+00:00,PAX Gold,PAXG,4434.45,1917750008,47,187970426,4488.42,4381.72,-42.49894940853301,-0.94928,432503.322051
2026-09-04T19:59:58+00:00,Mantle,MNT,0.569113,1879215771,48,28822178,0.591852,0.562203,-0.007891054282264331,-1.36759,3302294382.53684
2026-09-04T19:59:58+00:00,World Liberty Financial,WLFI,0.056886,1806779750,49,40785804,0.058829,0.056622,-0.001251803562789096,-2.15317,31776982796.0
2026-09-04T19:59:58+00:00,Ondo,ONDO,0.358671,1746385668,50,105615151,0.369896,0.350126,-0.008477580170562216,-2.30903,4869330647.0
2026-09-04T19:59:58+00:00,Morpho,MORPHO,2.53,1739543160,51,41994833,2.56,2.42,-0.004735051079339581,-0.18705,688575337.8343225
2026-09-04T19:59:58+00:00,Pump.fun,PUMP,0.00428605,1694205683,52,223586046,0.00447626,0.00408014,-0.000148162088239792,-3.34134,395480936825.0872
2026-09-04T19:59:58+00:00,Ethena,ENA,0.163622,1607537854,53,734920009,0.17218,0.161283,-0.007201405042705111,-4.21569,9828125000.0
2026-09-04T19:59:58+00:00,Sky,SKY,0.067566,1582846163,54,10783753,0.069764,0.06671,-0.001619129493472996,-2.34027,23425059163.378086
2026-09-04T19:59:58+00:00,Pepe,PEPE,3.58e-06,1506756381,55,318290434,3.8e-06,3.48e-06,-2.19344159232e-07,-5.76621,420690000000000.0
2026-09-04T19:59:58+00:00,Polkadot,DOT,0.875063,1488558067,56,131427868,0.900019,0.842945,-0.020330358366404844,-2.27055,1701235998.633196
2026-09-04T19:59:58+00:00,USDD,USDD,0.998578,1478450870,57,3514613,0.999952,0.997967,-0.000774356497672324,-0.07749,1480602615.0
2026-09-04T19:59:58+00:00,HTX DAO,HTX,1.64e-06,1476269515,58,9068427,1.66e-06,1.63e-06,-1.0228018892e-08,-0.61853,898232728634017.2
2026-09-04T19:59:58+00:00,Bitget Token,BGB,1.98,1384402763,59,10203879,2.02,1.95,-0.03188458568040731,-1.58603,699992029.6481038
2026-09-04T19:59:58+00:00,Internet Computer,ICP,2.49,1382584317,60,56429711,2.6,2.43,-0.04884773129540587,-1.92694,556204784.2416993
2026-09-04T19:59:58+00:00,Worldcoin,WLD,0.380854,1382378751,61,141845016,0.402356,0.370932,-0.0177983364100594,-4.46463,3632192194.4461765
2026-09-04T19:59:58+00:00,USDGO,USDGO,0.999995,1355435704,62,78370718,1.0,0.999903,3.18e-06,0.00032,1355454412.77
2026-09-04T19:59:58+00:00,Falcon USD,USDF,0.994228,1339867864,63,209380,0.999818,0.993945,-0.002189122412050382,-0.2197,1344070422.590452
2026-09-04T19:59:58+00:00,BFUSD,BFUSD,1.0,1319989837,64,5129493,1.0,0.999765,2.472e-05,0.00247,1320000000.0
2026-09-04T19:59:58+00:00,United Stables,U,0.999438,1276702818,65,214973039,0.999602,0.998985,-2.4339842193744e-05,-0.00244,1277499107.8
2026-09-04T19:59:58+00:00,Spiko Amundi Overnight Swap Fund (EUR),EURSAFO,1.18,1229018374,66,0.0,1.18,1.17,-0.001280387202432731,-0.10882,1045687476.43203
2026-09-04T19:59:58+00:00,Bitway,BTW,0.450622,1219965517,67,13507101,0.517149,0.433824,-0.0463746202757952,-9.33097,2708142280.000001
2026-09-04T19:59:58+00:00,Ethereum Classic,ETC,7.38,1166712656,68,38501190,7.7,7.3,-0.25142251578867736,-3.29314,158062469.1601589
2026-09-04T19:59:58+00:00,Lighter,LIT,4.64,1160177293,69,195170886,4.9,4.18,0.392181,9.23757,250000000.0
2026-09-04T19:59:58+00:00,Pi Network,PI,0.094188,1049747446,70,6995094,0.096468,0.093695,-0.001967831497966227,-2.0465,11141680597.248924
2026-09-04T19:59:58+00:00,POL (ex-MATIC),POL,0.093257,998659767,71,67769987,0.095827,0.090957,-0.001481429183530475,-1.5637,10708292824.93506
2026-09-04T19:59:58+00:00,KuCoin,KCS,7.07,969739665,72,2907806,7.21,6.98,-0.1042377071445797,-1.45277,137155021.2773955
2026-09-04T19:59:58+00:00,Blockchain Capital,BCAP,106.22,967888430,73,0.0,106.22,106.22,0.0,0.0,9112111.0
2026-09-04T19:59:58+00:00,Quant,QNT,63.78,927066375,74,15455978,67.33,63.71,-1.4383558450927652,-2.20545,14544176.164081175
2026-09-04T19:59:58+00:00,Gate,GT,8.36,891511580,75,2801499,8.68,8.27,-0.2724965780727633,-3.15581,106616628.55000472
2026-09-04T19:59:58+00:00,JUST,JST,0.108649,889629449,76,14894059,0.109201,0.106362,0.00219664,2.0635,8188743036.341737
2026-09-04T19:59:58+00:00,Spiko EU T-Bills Money Market Fund,EUTBL,1.23,882568572,77,0.0,1.23,1.23,-0.001372477523508442,-0.11154,718027528.4955
2026-09-04T19:59:58+00:00,Arbitrum,ARB,0.131777,879823325,78,331189822,0.146021,0.128668,-0.006393937360132274,-4.62755,6678075931.0
2026-09-04T19:59:58+00:00,Venice Token,VVV,18.41,879216065,79,19670714,17.75,16.91,1.35,7.93383,47758434.38453637
2026-09-04T19:59:58+00:00,NEXO,NEXO,0.830614,831448159,80,4741304,0.857532,0.824054,-0.022546723276949843,-2.64273,1000000000.0
2026-09-04T19:59:58+00:00,Algorand,ALGO,0.090868,821215652,81,38461834,0.09491,0.089698,-0.0033851076642058,-3.59149,9038671596.896738
2026-09-04T19:59:58+00:00,Kaspa,KAS,0.02927287,810208908,82,11097977,0.03049612,0.02892899,-0.000392551524914735,-1.32326,27678662954.183525
2026-09-04T19:59:58+00:00,Janus Henderson Anemoy Treasury Fund,JTRSY,1.12,799656135,83,0.0,1.12,1.11,0.000156,0.01399,717141156.78007
2026-09-04T19:59:58+00:00,Cosmos Hub,ATOM,1.5,794439177,84,28144551,1.54,1.47,-0.021731695907264648,-1.42613,528875078.099928
2026-09-04T19:59:58+00:00,Invesco Short Duration US Government Securities Fund,USTB,11.2,776179261,85,0.0,11.2,11.2,0.001067,0.00953,69298644.631239
2026-09-04T19:59:58+00:00,​​Stable,STABLE,0.0291875,759301808,86,10664958,0.02979714,0.02833553,0.00022719,0.78448,26024291152.0
2026-09-04T19:59:58+00:00,Render,RENDER,1.43,743953028,87,34333265,1.49,1.41,-0.04526506019642529,-3.05907,518772101.28269154
2026-09-04T19:59:58+00:00,Jupiter,JUP,0.21698,720448085,88,64825741,0.238119,0.213366,-0.019899360118432463,-8.40064,3320312968.08
2026-09-04T19:59:58+00:00,Janus Henderson Anemoy AAA CLO Fund,JAAA,1.048,710966727,89,0.0,1.048,1.048,0.000234,0.02233,678300455.183658
2026-09-04T19:59:58+00:00,Dash,DASH,55.13,707311711,90,333008768,56.33,45.92,8.79,18.9768,12826550.46417882
2026-09-04T19:59:58+00:00,GHO,GHO,0.99919,698416302,91,5543501,0.99921,0.998855,0.00011378,0.01139,699000000.0
2026-09-04T19:59:58+00:00,PancakeSwap,CAKE,1.99,637679783,92,91204723,2.06,1.93,-0.01596066242408778,-0.79639,320770180.8569102
2026-09-04T19:59:58+00:00,Beldex,BDX,0.079119,622647530,93,10196540,0.07925,0.078654,-4.0116534617579e-05,-0.05068,7870503376.170139
2026-09-04T19:59:58+00:00,Filecoin,FIL,0.751912,621675586,94,78356251,0.803384,0.741382,-0.04376470257528153,-5.50031,826817885.0
2026-09-04T19:59:58+00:00,Official Trump,TRUMP,2.27,594336743,95,345891972,2.44,2.22,-0.1336231519689841,-5.55894,261880985.28763402
2026-09-04T19:59:58+00:00,Flare,FLR,0.00672507,583589671,96,2601678,0.00703208,0.00669164,-0.000262651865885253,-3.75876,86793119421.94585
2026-09-04T19:59:58+00:00,VeChain,VET,0.00670617,576547824,97,6577566,0.0068528,0.00654972,-9.3870863642904e-05,-1.38045,85985041177.0
2026-09-04T19:59:58+00:00,SPX6900,SPX,0.602474,560760748,98,24624110,0.672911,0.584905,0.01092866,1.84748,930987335.2481942
2026-09-04T19:59:58+00:00,XDC Network,XDC,0.02776045,553701408,99,5171913,0.02838074,0.02775459,-0.000257033880578756,-0.91741,19946688440.0
2026-09-04T19:59:58+00:00,Curve DAO,CRV,0.354213,550343290,100,78269540,0.381302,0.351844,-0.017328571562768513,-4.66396,1554041999.0
2026-09-04T22:12:08+00:00,Bitcoin,BTC,79667,1599663360276,1,36867668960,81423,78706,-1759.8578702112427,-2.18355,20079703.0
2026-09-04T22:12:08+00:00,Ethereum,ETH,2453.22,299333599538,2,16782768245,2543.95,2435.15,-52.88778940209113,-2.155,122018029.54816364
2026-09-04T22:12:08+00:00,Tether,USDT,1.0,183423596789,3,68964134135,1.0,0.999803,0.0001894,0.02036,183380584914.2666
2026-09-04T22:12:08+00:00,BNB,BNB,718.17,95622097226,4,1032831562,729.04,709.29,-6.184924599226292,-0.89147,133162042.96
2026-09-04T22:12:08+00:00,XRP,XRP,1.4,87680838571,5,3145450459,1.46,1.38,-0.06050368436764475,-4.1528,62744504852.0
2026-09-04T22:12:08+00:00,USDC,USDC,1.0,74262564493,6,18745340931,1.0,0.999774,2.329e-05,0.00342,74261841582.3541
2026-09-04T22:12:08+00:00,Solana,SOL,101.75,59558130601,7,3565451674,104.7,100.4,-3.1301361563731973,-3.04137,585359989.477381
2026-09-04T22:12:08+00:00,TRON,TRX,0.331513,31471716631,8,409672450,0.331998,0.327679,0.00022159,0.06198,94933696444.65239
2026-09-04T22:12:08+00:00,Figure Heloc,FIGR_HELOC,1.039,23112458519,9,222565139,1.039,1.025,0.0145655,1.42096,22254918397.228
2026-09-04T22:12:08+00:00,Hyperliquid,HYPE,84.09,18705379189,10,1394540561,88.06,83.64,-1.4632185090045482,-1.69448,222445714.07414138
2026-09-04T22:12:08+00:00,Zcash,ZEC,1017.13,17203343734,11,1300262192,1046.3,933.53,69.37,7.23222,16912153.2905448
2026-09-04T22:12:08+00:00,Dogecoin,DOGE,0.08461,13179960920,12,882348663,0.088258,0.083882,-0.003315950033093581,-3.83656,155780126383.70517
2026-09-04T22:12:08+00:00,Rain,RAIN,0.01657491,11754779631,13,38995809,0.01718139,0.01653194,-0.000542648900665414,-3.20578,709200331676.2372
2026-09-04T22:12:08+00:00,USDS,USDS,0.999962,9800598522,14,189954000,1.0,0.999699,-1.165876148812e-05,-0.01449,9801047064.17782
2026-09-04T22:12:08+00:00,Monero,XMR,517.53,9729907716,15,213237092,565.05,499.99,-3.6740401759230963,-0.77288,18800382.40270533
2026-09-04T22:12:08+00:00,Chainlink,LINK,11.64,8705772974,16,462347601,12.15,11.48,-0.267843185451099,-2.28506,748099970.424884
2026-09-04T22:12:08+00:00,WhiteBIT Coin,WBT,73.19,8633955953,17,107757597,74.27,72.4,-1.0881670959998218,-1.46867,117956019.0
2026-09-04T22:12:08+00:00,LEO Token,LEO,9.27,8527172471,18,348412,9.37,9.18,-0.062906580618181,-0.70085,919857851.9
2026-09-04T22:12:08+00:00,Cardano,ADA,0.21155,7933701143,19,620537561,0.226776,0.209675,-0.010641855060449568,-4.84122,37504333228.36598
2026-09-04T22:12:08+00:00,Stellar,XLM,0.1793,6239467006,20,145800309,0.186742,0.177583,-0.006135919633842107,-3.28991,34802071128.02557
2026-09-04T22:12:08+00:00,Bitcoin Cash,BCH,252.32,5067282760,21,151091516,260.98,247.67,-7.161973890689609,-2.81314,20084681.14665078
2026-09-04T22:12:08+00:00,Dai,DAI,0.999674,4602348485,22,395853181,1.0,0.999606,-5.9852565985175e-05,0.00562,4603887927.859511
2026-09-04T22:12:08+00:00,Ethena USDe,USDE,1.0,4331323082,23,95830622,1.0,0.999611,-3.169469452446e-06,0.00084,4331345784.013337
2026-09-04T22:12:08+00:00,USD1,USD1,0.999768,4239350762,24,1391023980,0.999815,0.999399,0.00013102,0.02159,4240295838.339087
2026-09-04T22:12:08+00:00,Canton,CC,0.105802,4179423137,25,10078977,0.113639,0.105743,-0.00655210760392097,-5.8359,39502303113.80306
2026-09-04T22:12:08+00:00,Litecoin,LTC,50.66,3929639925,26,234291966,51.53,49.83,-0.8594631978324117,-1.74109,77571073.0498713
2026-09-04T22:12:08+00:00,Gram (prev. Toncoin),GRAM,1.4,3900825162,27,41916303,1.4,1.35,0.02616735,1.86138,2781132451.9697437
2026-09-04T22:12:08+00:00,Uniswap,UNI,6.11,3807339989,28,766586894,6.48,6.07,-0.28391882148162395,-4.44891,623212423.7271129
2026-09-04T22:12:08+00:00,Hedera,HBAR,0.078085,3422523317,29,62037182,0.079568,0.076474,-0.001253854138440313,-1.4909,43831559707.88103
2026-09-04T22:12:08+00:00,Global Dollar,USDG,1.0,3255502219,30,2427463163,1.0,0.999939,-0.00021644833843848,-0.02148,3255531352.047796
2026-09-04T22:12:08+00:00,Avalanche,AVAX,7.35,3175262667,31,235110798,7.53,7.31,-0.18265691571371345,-2.42809,431771961.1772119
2026-09-04T22:12:08+00:00,Sui,SUI,0.753745,3087933532,32,457188480,0.786743,0.740488,-0.030405704598576944,-3.90303,4096537146.5409594
2026-09-04T22:12:08+00:00,Shiba Inu,SHIB,5.21e-06,3070063135,33,73259683,5.41e-06,5.16e-06,-2.03779139016e-07,-3.90768,589239321044316.9
2026-09-04T22:12:08+00:00,PayPal USD,PYUSD,1.0,2876696475,34,108046379,1.0,0.999896,-7.1935474651008e-05,-0.01345,2876387572.4637065
2026-09-04T22:12:08+00:00,BlackRock USD Institutional Digital Liquidity Fund,BUIDL,1.0,2832282866,35,0.0,1.0,1.0,0.0,0.0,2832282865.800449
2026-09-04T22:12:08+00:00,NEAR Protocol,NEAR,2.12,2765179549,36,454637248,2.18,1.91,0.154512,7.80442,1305451097.0
2026-09-04T22:12:08+00:00,Tether Gold,XAUT,4426.12,2712367072,37,282019736,4478.4,4373.38,-41.30707701170377,-0.93084,612823.6595320001
2026-09-04T22:12:08+00:00,Cronos,CRO,0.055866,2711238295,38,6144513,0.058357,0.05575,-0.00208679421229057,-3.60286,48534275688.70583
2026-09-04T22:12:08+00:00,Circle USYC,USYC,1.14,2624340328,39,0.0,1.14,1.14,0.00043142,0.03797,2308988052.650666
2026-09-04T22:12:08+00:00,MemeCore,M,1.12,2534800434,40,1666024,1.13,1.032,0.064208,6.09153,2269127527.631312
2026-09-04T22:12:08+00:00,Ripple USD,RLUSD,0.999991,2402108613,41,136322883,1.0,0.999785,6.849e-05,-0.00245,2402151384.647226
2026-09-04T22:12:08+00:00,OKB,OKB,107.67,2261074205,42,26141081,111.0,106.58,-1.52636415606149,-1.49903,21000000.0
2026-09-04T22:12:08+00:00,Ondo US Dollar Yield,USDY,1.14,2196351824,43,618751,1.15,1.13,-4.2352392687128e-05,-0.00097,1918871181.3826272
2026-09-04T22:12:08+00:00,Bittensor,TAO,223.36,2143641593,44,139899322,231.85,220.55,-4.469588623927223,-1.97454,9597491.0
2026-09-04T22:12:08+00:00,Aave,AAVE,129.68,2000709401,45,295330159,135.94,129.11,-4.794007920866079,-3.60066,15427183.754041536
2026-09-04T22:12:08+00:00,Aster,ASTER,0.734498,1982738322,46,190505631,0.759111,0.709295,0.01785581,2.42707,2700010975.2797318
2026-09-04T22:12:08+00:00,PAX Gold,PAXG,4432.24,1916949605,47,185680839,4488.42,4381.72,-44.382997593144864,-0.99611,432503.322051
2026-09-04T22:12:08+00:00,Mantle,MNT,0.569419,1880387101,48,27640682,0.591852,0.562203,-0.002471366816179765,-0.35591,3302294382.53684
2026-09-04T22:12:08+00:00,World Liberty Financial,WLFI,0.056351,1790839487,49,40826739,0.058829,0.056239,-0.001348916465007739,-2.33147,31776982796.0
2026-09-04T22:12:08+00:00,Morpho,MORPHO,2.57,1772286694,50,42878619,2.57,2.42,0.054691,2.37184,688580878.0470446
2026-09-04T22:12:08+00:00,Ondo,ONDO,0.356742,1737737900,51,102665721,0.369896,0.350126,-0.007033175941946967,-1.97776,4869330647.0
2026-09-04T22:12:08+00:00,Pump.fun,PUMP,0.00425562,1682958869,52,211901475,0.00441021,0.00408014,-0.000114332289180554,-2.71164,395467348713.87335
2026-09-04T22:12:08+00:00,Ethena,ENA,0.163211,1604713562,53,692427454,0.17218,0.161283,-0.00501836123767041,-3.05888,9828125000.0
2026-09-04T22:12:08+00:00,Sky,SKY,0.067347,1577853461,54,9972533,0.069749,0.06671,-0.001703810088839311,-2.43258,23424961683.299446
2026-09-04T22:12:08+00:00,USDD,USDD,0.998731,1488519743,55,3411282,0.999448,0.997967,-0.000204683082842383,-0.02078,1490450111.0
2026-09-04T22:12:08+00:00,Polkadot,DOT,0.870947,1481238963,56,130318005,0.891592,0.842945,-0.019743965209659375,-2.22279,1701248249.164311
2026-09-04T22:12:08+00:00,HTX DAO,HTX,1.65e-06,1478308520,57,11531711,1.66e-06,1.63e-06,-1.0055798849e-08,-0.66377,898232728634017.2
2026-09-04T22:12:08+00:00,Pepe,PEPE,3.5e-06,1474055070,58,301614457,3.72e-06,3.48e-06,-2.25486763961e-07,-6.1034,420690000000000.0
2026-09-04T22:12:08+00:00,Bitget Token,BGB,1.98,1385148768,59,10176849,2.02,1.95,-0.03917929718244495,-1.92398,699992029.6481038
2026-09-04T22:12:08+00:00,Worldcoin,WLD,0.37906,1376644430,60,136519006,0.397425,0.370932,-0.017192714483841298,-4.39732,3632229464.8949275
2026-09-04T22:12:08+00:00,Internet Computer,ICP,2.47,1371596947,61,54593417,2.6,2.43,-0.056475630755250084,-2.1912,556205336.0063277
2026-09-04T22:12:08+00:00,USDGO,USDGO,1.0,1355471618,62,71197090,1.0,0.999906,1.759e-05,0.00333,1355454412.77
2026-09-04T22:12:08+00:00,Falcon USD,USDF,0.996784,1339736912,63,558707,0.999818,0.993522,0.00027404,0.02896,1344070422.590452
2026-09-04T22:12:08+00:00,BFUSD,BFUSD,1.0,1320213725,64,5089693,1.0,0.999765,0.00014451,0.01594,1320000000.0
2026-09-04T22:12:08+00:00,United Stables,U,0.999388,1276703803,65,207033165,0.999709,0.998985,-6.2482559856081e-05,0.00265,1277499107.8
2026-09-04T22:12:08+00:00,Spiko Amundi Overnight Swap Fund (EUR),EURSAFO,1.18,1229111162,66,0.0,1.18,1.17,-0.000825064532282038,-0.07014,1045687476.43203
2026-09-04T22:12:08+00:00,Bitway,BTW,0.449538,1217205976,67,12861011,0.462712,0.433824,-0.04833356519977394,-9.81454,2708142280.000001
2026-09-04T22:12:08+00:00,Ethereum Classic,ETC,7.39,1167088037,68,38493518,7.7,7.3,-0.22852651611818153,-3.04253,158063995.4321589
2026-09-04T22:12:08+00:00,Lighter,LIT,4.61,1153194246,69,188806366,4.9,4.24,0.253499,5.75675,250000000.0
2026-09-04T22:12:08+00:00,Pi Network,PI,0.094426,1052060169,70,6342651,0.096276,0.093695,-0.001774658907985102,-1.86529,11141680597.248924
2026-09-04T22:12:08+00:00,POL (ex-MATIC),POL,0.092925,995060372,71,66399388,0.095827,0.090957,-0.001841295017600955,-1.78924,10708292824.93506
2026-09-04T22:12:08+00:00,KuCoin,KCS,7.06,969015296,72,2840817,7.18,6.98,-0.13901569251184487,-1.94668,137155021.2773955
2026-09-04T22:12:08+00:00,Blockchain Capital,BCAP,106.22,967888430,73,0.0,106.22,106.22,0.0,0.0,9112111.0
2026-09-04T22:12:08+00:00,Quant,QNT,63.6,924968216,74,15884826,67.33,63.5,-1.6644474802556815,-2.56941,14544176.164081175
2026-09-04T22:12:08+00:00,Gate,GT,8.39,894303260,75,2689207,8.65,8.27,-0.22233364278840995,-2.58553,106616718.86579962
2026-09-04T22:12:08+00:00,JUST,JST,0.108583,889140993,76,17461501,0.109201,0.106983,0.00148298,1.44021,8188743036.341737
2026-09-04T22:12:08+00:00,Spiko EU T-Bills Money Market Fund,EUTBL,1.23,882635203,77,0.0,1.23,1.23,-0.000896288181513105,-0.07286,718027528.4955
2026-09-04T22:12:08+00:00,Arbitrum,ARB,0.130705,872485136,78,303343556,0.146021,0.128668,-0.007780993493251176,-5.72296,6678075931.0
2026-09-04T22:12:08+00:00,Venice Token,VVV,17.8,850125312,79,23444433,18.42,16.91,0.782163,4.56031,47760045.87124391
2026-09-04T22:12:08+00:00,NEXO,NEXO,0.834997,834910549,80,3362949,0.854125,0.824054,-0.015645339793767588,-1.98136,1000000000.0
2026-09-04T22:12:08+00:00,Algorand,ALGO,0.090057,814041831,81,34586518,0.09491,0.089698,-0.003258991711774767,-3.50125,9038671596.896738
2026-09-04T22:12:08+00:00,Kaspa,KAS,0.02927872,810375273,82,11788919,0.03049612,0.02892899,-0.000379008908450572,-1.27998,27678662954.183525
2026-09-04T22:12:08+00:00,Janus Henderson Anemoy Treasury Fund,JTRSY,1.12,799656135,83,0.0,1.12,1.11,0.000156,0.01399,717141156.78007
2026-09-04T22:12:08+00:00,Cosmos Hub,ATOM,1.5,790859816,84,28169822,1.54,1.47,-0.017982885632929158,-1.14697,528881470.73378
2026-09-04T22:12:08+00:00,Invesco Short Duration US Government Securities Fund,USTB,11.2,780290248,85,0.0,11.2,11.2,0.001067,0.00953,69665680.708182
2026-09-04T22:12:08+00:00,Dash,DASH,58.5,752118874,86,385458745,59.79,46.13,12.35,27.23987,12826550.46417882
2026-09-04T22:12:08+00:00,​​Stable,STABLE,0.02886388,751496871,87,11222597,0.02979714,0.02833553,6.114e-05,0.29122,26027038751.0
2026-09-04T22:12:08+00:00,Render,RENDER,1.42,737840568,88,32764684,1.48,1.41,-0.055941203835046416,-3.80483,518772101.28269154
2026-09-04T22:12:08+00:00,Jupiter,JUP,0.216183,717755467,89,64191592,0.230946,0.213366,-0.016346659622001464,-7.06039,3320312968.08
2026-09-04T22:12:08+00:00,Janus Henderson Anemoy AAA CLO Fund,JAAA,1.048,710966727,90,0.0,1.048,1.048,0.000234,0.02233,678300455.183658
2026-09-04T22:12:08+00:00,GHO,GHO,0.999406,698578501,91,6933020,0.999503,0.998855,0.00025967,0.02747,699000000.0
2026-09-04T22:12:08+00:00,PancakeSwap,CAKE,1.97,632154537,92,88133349,2.06,1.93,-0.031439389023211195,-1.59999,320770257.9831246
2026-09-04T22:12:08+00:00,Beldex,BDX,0.079123,623038377,93,10315094,0.079222,0.078654,8.381e-05,0.16045,7870505543.387611
2026-09-04T22:12:08+00:00,Filecoin,FIL,0.751972,621641352,94,77609406,0.797275,0.741382,-0.04535766026355259,-5.64093,826823511.0
2026-09-04T22:12:08+00:00,Official Trump,TRUMP,2.28,597881514,95,336696047,2.44,2.22,-0.096091695678437,-4.02719,261880985.28763402
2026-09-04T22:12:08+00:00,Flare,FLR,0.0066738,579264593,97,2735270,0.00695814,0.00666062,-0.000302936477374905,-4.49264,86797627450.08269
2026-09-04T22:12:08+00:00,VeChain,VET,0.00673799,579122373,96,6407955,0.0068528,0.00654972,-3.2711601617645e-05,-0.44993,85985041177.0
2026-09-04T22:12:08+00:00,SPX6900,SPX,0.59623,555070787,98,24158275,0.672911,0.584905,-0.00346449437321894,-0.59352,930987335.2481942
2026-09-04T22:12:08+00:00,XDC Network,XDC,0.02763294,551187305,99,4952520,0.0283316,0.02759732,-0.000433199874657775,-1.53716,19946688440.0
2026-09-04T22:12:08+00:00,Curve DAO,CRV,0.354149,550369448,100,75561324,0.381302,0.351844,-0.012115324949939943,-3.59342,1554081216.0
2026-09-05T00:27:45+00:00,Bitcoin,BTC,79652,1599394184000,1,35227846384,81379,78706,-1537.892343550222,-1.86938,20079703.0
2026-09-05T00:27:45+00:00,Ethereum,ETH,2453.76,299413339395,2,16011176755,2543.95,2435.15,-52.56146165668315,-2.07198,122018029.54816364
2026-09-05T00:27:45+00:00,Tether,USDT,1.0,183435735616,3,66471533311,1.0,0.999803,0.00019771,0.02197,183392383062.09265
2026-09-05T00:27:45+00:00,BNB,BNB,720.29,95916558871,4,1028653226,728.45,709.29,-5.870907536808545,-0.78736,133162042.96
2026-09-05T00:27:45+00:00,XRP,XRP,1.4,87712168098,5,2931597148,1.46,1.38,-0.0502125887309417,-3.44712,62744504852.0
2026-09-05T00:27:45+00:00,USDC,USDC,1.0,74579067266,6,17966480808,1.0,0.999774,4.377e-05,0.00619,74577763841.1553
2026-09-05T00:27:45+00:00,Solana,SOL,101.81,59598775394,7,3328582455,104.7,100.4,-1.898853290483018,-1.77554,585359938.0279961
2026-09-05T00:27:45+00:00,TRON,TRX,0.331647,31482521229,8,402823989,0.331998,0.327679,0.00137486,0.41376,94933696444.65239
2026-09-05T00:27:45+00:00,Figure Heloc,FIGR_HELOC,1.035,23031553798,9,149561129,1.039,1.03,0.00521309,1.047,22254918397.228
2026-09-05T00:27:45+00:00,Hyperliquid,HYPE,84.5,18794840635,10,1289297669,87.5,83.64,-2.3548696944311587,-2.7017,222445714.07414138
2026-09-05T00:27:45+00:00,Zcash,ZEC,1017.62,17206204145,11,1269574767,1046.3,933.53,74.3,8.07914,16912153.2905448
2026-09-05T00:27:45+00:00,Dogecoin,DOGE,0.084739,13202116079,12,841164266,0.088258,0.083882,-0.002720087576268584,-3.08,155780126383.70517
2026-09-05T00:27:45+00:00,Rain,RAIN,0.01656602,11748768966,13,33300278,0.01717041,0.01653194,-0.000576691707569538,-3.33066,709200343202.9011
2026-09-05T00:27:45+00:00,Monero,XMR,523.74,9840054428,14,215133294,565.05,499.99,2.32,0.48832,18800429.80246923
2026-09-05T00:27:45+00:00,USDS,USDS,0.999949,9802123704,15,186723890,1.0,0.999699,4.282e-05,-0.00324,9802585530.319656
2026-09-05T00:27:45+00:00,Chainlink,LINK,11.62,8690160746,16,448448019,12.15,11.48,-0.21443537148268454,-1.7881,748099970.424884
2026-09-05T00:27:45+00:00,WhiteBIT Coin,WBT,73.2,8634801976,17,101915935,74.26,72.4,-0.8172125243985846,-1.0851,117956019.0
2026-09-05T00:27:45+00:00,LEO Token,LEO,9.22,8479102400,18,170503,9.37,9.18,-0.13557235697148506,-1.4488,919857851.9
2026-09-05T00:27:45+00:00,Cardano,ADA,0.211289,7927759380,19,593968117,0.226776,0.209569,-0.0088839531103794,-4.09968,37504333228.36598
2026-09-05T00:27:45+00:00,Stellar,XLM,0.179188,6237044296,20,138604513,0.186742,0.177583,-0.004849531133902824,-2.59989,34802070728.04277
2026-09-05T00:27:45+00:00,Bitcoin Cash,BCH,246.17,4944577785,21,152216705,260.98,247.22,-10.394878433008245,-4.03078,20084971.77165078
2026-09-05T00:27:45+00:00,Dai,DAI,0.999673,4595865053,22,386910043,1.0,0.999606,-0.000304369034363372,-0.01905,4597347858.521661
2026-09-05T00:27:45+00:00,Ethena USDe,USDE,0.999975,4331229807,23,92919352,1.0,0.999611,0.00010296,0.01323,4331307097.647337
2026-09-05T00:27:45+00:00,USD1,USD1,0.999755,4239292346,24,1308131793,0.999848,0.999399,5.79e-05,0.00489,4240300397.599086
2026-09-05T00:27:45+00:00,Canton,CC,0.107151,4231314513,25,9907813,0.113489,0.105739,-0.005757682315583504,-5.1081,39503144302.1079
2026-09-05T00:27:45+00:00,Litecoin,LTC,51.02,3958358933,26,225987331,51.4,49.83,-0.3456932967280508,-0.64771,77571441.80086392
2026-09-05T00:27:45+00:00,Gram (prev. Toncoin),GRAM,1.39,3865504711,27,51597510,1.43,1.35,0.01833396,1.4167,2781171141.767868
2026-09-05T00:27:45+00:00,Uniswap,UNI,6.13,3821865994,28,735143471,6.48,6.07,-0.2317661716004773,-3.70901,623212423.7271129
2026-09-05T00:27:45+00:00,Hedera,HBAR,0.078913,3456324005,29,63498047,0.079568,0.076474,-0.000259315972536381,-0.33145,43831559707.97083
2026-09-05T00:27:45+00:00,Global Dollar,USDG,1.0,3256152670,30,2470395131,1.0,0.999939,-5.1133228566203e-05,0.00116,3255531352.047796
2026-09-05T00:27:45+00:00,Avalanche,AVAX,7.39,3192050649,31,223062627,7.53,7.31,-0.10533995928972573,-1.37008,431771961.1772119
2026-09-05T00:27:45+00:00,Sui,SUI,0.75644,3098799157,32,434574029,0.782224,0.740488,-0.02497927397901234,-3.15486,4096537146.5409594
2026-09-05T00:27:45+00:00,Shiba Inu,SHIB,5.23e-06,3079656533,33,70230034,5.39e-06,5.16e-06,-1.60963690935e-07,-2.89041,589239321044316.9
2026-09-05T00:27:45+00:00,NEAR Protocol,NEAR,2.23,2909765343,34,518221264,2.2,1.91,0.282471,14.57562,1305451053.0
2026-09-05T00:27:45+00:00,PayPal USD,PYUSD,1.0,2876842185,35,105943118,1.0,0.999896,-7.190271054558e-06,-0.00282,2876387572.4559565
2026-09-05T00:27:45+00:00,BlackRock USD Institutional Digital Liquidity Fund,BUIDL,1.0,2832282866,36,0.0,1.0,1.0,0.0,0.0,2832282865.800449
2026-09-05T00:27:45+00:00,Tether Gold,XAUT,4427.57,2713330604,37,274809635,4478.4,4373.38,-39.849887899210444,-0.89326,612823.6595320001
2026-09-05T00:27:45+00:00,Cronos,CRO,0.055885,2712516489,38,5926835,0.058357,0.055659,-0.00164575910038478,-2.77825,48534417655.8303
2026-09-05T00:27:45+00:00,Circle USYC,USYC,1.14,2624340328,39,0.0,1.14,1.14,0.00043142,0.03797,2308988052.650666
2026-09-05T00:27:45+00:00,MemeCore,M,1.13,2555508085,40,1724214,1.13,1.032,0.08857,8.46186,2269158397.062397
2026-09-05T00:27:45+00:00,Ripple USD,RLUSD,1.0,2407397087,41,128648737,1.0,0.999785,4.325e-05,0.00143,2407151384.647224
2026-09-05T00:27:45+00:00,OKB,OKB,108.12,2269506432,42,25562234,111.0,106.58,-1.485816078389064,-1.31817,21000000.0
2026-09-05T00:27:45+00:00,Ondo US Dollar Yield,USDY,1.14,2196556539,43,2042191,1.15,1.13,-0.003979714400900392,-0.37785,1918871204.1074388
2026-09-05T00:27:45+00:00,Bittensor,TAO,225.69,2165956778,44,140356267,231.85,220.55,-0.07843749199255967,-0.07608,9597491.0
2026-09-05T00:27:45+00:00,Aave,AAVE,131.32,2026401543,45,293147752,135.94,129.11,-1.2819898121199742,-1.04714,15427184.365125816
2026-09-05T00:27:45+00:00,Aster,ASTER,0.739273,1994822548,46,190180452,0.759111,0.709295,0.01937964,2.8064,2700010975.2797318
2026-09-05T00:27:45+00:00,PAX Gold,PAXG,4433.02,1917304603,47,181245366,4488.42,4381.72,-44.0437479819966,-0.97971,432503.322051
2026-09-05T00:27:45+00:00,Mantle,MNT,0.573909,1895468139,48,28486782,0.591852,0.562203,0.00499438,0.83694,3302294382.53684
2026-09-05T00:27:45+00:00,World Liberty Financial,WLFI,0.056402,1792414197,49,39490038,0.058829,0.056129,-0.000912416576672348,-1.49636,31776982796.0
2026-09-05T00:27:45+00:00,Ondo,ONDO,0.36045,1755556758,50,100094783,0.369896,0.350126,-0.002920233296375141,-0.82954,4869330647.0
2026-09-05T00:27:45+00:00,Morpho,MORPHO,2.54,1752781277,51,41126892,2.58,2.42,0.056428,2.30361,688584213.8671385
2026-09-05T00:27:45+00:00,Pump.fun,PUMP,0.00425642,1683257636,52,201679246,0.00441021,0.00408014,-2.1575568358635e-05,-0.54406,395460426188.26483
2026-09-05T00:27:45+00:00,Ethena,ENA,0.162272,1594457575,53,656439568,0.17218,0.161283,-0.007477492621817711,-4.42181,9828125000.0
2026-09-05T00:27:45+00:00,Sky,SKY,0.067719,1585974398,54,9876503,0.069749,0.06671,-0.001051251614556561,-1.51324,23424912927.393703
2026-09-05T00:27:45+00:00,Polkadot,DOT,0.88996,1514572562,55,141986256,0.901832,0.842945,0.00093458,0.10556,1701260116.879619
2026-09-05T00:27:45+00:00,HTX DAO,HTX,1.65e-06,1481489304,56,12345557,1.65e-06,1.63e-06,-2.615770563e-09,-0.17114,898232728634017.2
2026-09-05T00:27:45+00:00,Pepe,PEPE,3.51e-06,1477548165,57,286658515,3.71e-06,3.48e-06,-1.81042238591e-07,-4.96399,420690000000000.0
2026-09-05T00:27:45+00:00,USDD,USDD,0.998731,1476432311,58,3125877,0.999448,0.997967,-1.966372869866e-05,-0.0011,1478322424.0
2026-09-05T00:27:45+00:00,Worldcoin,WLD,0.386447,1402694201,59,121016531,0.396491,0.370932,-0.008712673611102006,-2.16442,3632232800.8460083
2026-09-05T00:27:45+00:00,Bitget Token,BGB,1.98,1387956017,60,9879298,2.0,1.95,-0.007956522000248212,-0.41516,699992029.6481038
2026-09-05T00:27:45+00:00,Internet Computer,ICP,2.46,1371068830,61,54125433,2.6,2.43,-0.04969365421710714,-1.94164,556205336.0063277
2026-09-05T00:27:45+00:00,USDGO,USDGO,1.0,1355490644,62,67135795,1.0,0.999906,6.235e-05,0.00874,1355454412.77
2026-09-05T00:27:45+00:00,Falcon USD,USDF,0.99677,1339734600,63,540699,0.999818,0.993522,0.00026852,0.02964,1344070422.590452
2026-09-05T00:27:45+00:00,BFUSD,BFUSD,1.0,1320349952,64,5112691,1.0,0.999765,0.00015525,0.01783,1320000000.0
2026-09-05T00:27:45+00:00,United Stables,U,0.999453,1276806102,65,193821925,0.999709,0.998985,0.00014735,0.02624,1277499107.8
2026-09-05T00:27:45+00:00,Spiko Amundi Overnight Swap Fund (EUR),EURSAFO,1.18,1229111162,66,0.0,1.18,1.17,-0.001017905591645496,-0.08653,1045687476.43203
2026-09-05T00:27:45+00:00,Lighter,LIT,4.78,1198052881,67,188900451,4.9,4.24,0.286906,6.31803,250000000.0
2026-09-05T00:27:45+00:00,Ethereum Classic,ETC,7.43,1175236534,68,38849090,7.7,7.3,-0.16252654027277114,-2.08371,158064972.9937589
2026-09-05T00:27:45+00:00,Bitway,BTW,0.433693,1174330836,69,10639613,0.461943,0.433824,-0.02425445325380432,-5.25921,2708142280.000001
2026-09-05T00:27:45+00:00,Pi Network,PI,0.094239,1049829630,70,6041959,0.096276,0.093695,-0.001571924596834806,-1.5949,11141680597.248924
2026-09-05T00:27:45+00:00,POL (ex-MATIC),POL,0.092891,994639677,71,64267004,0.095827,0.090957,-0.001799459568808212,-1.84663,10708292824.93506
2026-09-05T00:27:45+00:00,KuCoin,KCS,7.07,969629268,72,2829687,7.15,6.98,-0.08754194200563159,-1.21057,137155021.2773955
2026-09-05T00:27:45+00:00,Blockchain Capital,BCAP,106.22,967888430,73,0.0,106.22,106.22,-1.4211e-14,0.0,9112111.0
2026-09-05T00:27:45+00:00,Quant,QNT,63.66,925884956,74,14554518,67.33,63.5,-1.5416478607912651,-2.37845,14544176.164081175
2026-09-05T00:27:45+00:00,Gate,GT,8.42,897853445,75,2624556,8.65,8.27,-0.090005764366758,-1.04603,106616828.85129002
2026-09-05T00:27:45+00:00,JUST,JST,0.108611,889404474,76,17594784,0.109201,0.107005,0.00139463,1.31009,8188743036.341737
2026-09-05T00:27:45+00:00,Spiko EU T-Bills Money Market Fund,EUTBL,1.23,882635203,77,0.0,1.23,1.23,-0.001213856355842591,-0.09865,718027528.4955
2026-09-05T00:27:45+00:00,Arbitrum,ARB,0.131753,879870922,78,283917612,0.146021,0.128668,-0.011368993583301734,-8.20693,6678075931.0
2026-09-05T00:27:45+00:00,Venice Token,VVV,18.01,860136386,79,22623632,18.42,16.91,0.768805,4.46092,47760282.411952466
2026-09-05T00:27:45+00:00,NEXO,NEXO,0.839342,839462627,80,3271985,0.851639,0.824054,-0.011498923032843056,-1.32293,1000000000.0
2026-09-05T00:27:45+00:00,Kaspa,KAS,0.02981632,825234491,81,11443154,0.03049612,0.02892899,-0.000136024916676272,-0.53293,27678662954.183525
2026-09-05T00:27:45+00:00,Algorand,ALGO,0.090471,817746675,82,33535238,0.09491,0.089698,-0.002566556379642662,-2.18209,9038671596.896738
2026-09-05T00:27:45+00:00,Dash,DASH,62.73,805370818,83,471948897,63.9,46.13,15.69,33.51435,12826690.26082087
2026-09-05T00:27:45+00:00,Janus Henderson Anemoy Treasury Fund,JTRSY,1.12,799656135,84,0.0,1.12,1.11,0.000156,0.01399,717141156.78007
2026-09-05T00:27:45+00:00,Cosmos Hub,ATOM,1.5,791428580,85,27849805,1.54,1.47,-0.010700871735721096,-0.62834,528906568.937201
2026-09-05T00:27:45+00:00,Invesco Short Duration US Government Securities Fund,USTB,11.2,781554338,86,0.0,11.2,11.2,0.001067,0.00953,69778540.889526
2026-09-05T00:27:45+00:00,​​Stable,STABLE,0.02859856,744847770,87,10687396,0.02979714,0.02833553,-2.0587985334067e-05,-0.07012,26029452331.0
2026-09-05T00:27:45+00:00,Render,RENDER,1.43,742333176,88,31442148,1.48,1.41,-0.037889766439283656,-2.57475,518772101.28269154
2026-09-05T00:27:45+00:00,Jupiter,JUP,0.216466,718768569,89,60771073,0.228224,0.213366,-0.013389139277473955,-5.77275,3320312968.08
2026-09-05T00:27:45+00:00,Janus Henderson Anemoy AAA CLO Fund,JAAA,1.048,710966727,90,0.0,1.048,1.048,0.000234,0.02233,678300455.183658
2026-09-05T00:27:45+00:00,GHO,GHO,0.999422,698601254,91,6749491,0.999503,0.998855,0.00034878,0.03722,699000000.0
2026-09-05T00:27:45+00:00,PancakeSwap,CAKE,1.97,632313497,92,80919749,2.04,1.93,-0.08677326040817723,-4.21715,320770257.9831246
2026-09-05T00:27:45+00:00,Filecoin,FIL,0.755349,624659490,93,77299122,0.781623,0.741382,-0.028926256799788108,-3.61703,826825503.0
2026-09-05T00:27:45+00:00,Beldex,BDX,0.079118,622786457,94,10456267,0.079226,0.078654,6.85e-05,0.07178,7870506767.996368
2026-09-05T00:27:45+00:00,Official Trump,TRUMP,2.32,607935428,95,337206190,2.44,2.22,-0.04091197947726499,-1.64726,261880985.28763402
2026-09-05T00:27:45+00:00,VeChain,VET,0.00687449,591190036,96,7088086,0.00686667,0.00654972,0.00011623,1.69346,85985041177.0
2026-09-05T00:27:45+00:00,Flare,FLR,0.00670185,581693066,97,2743743,0.00694209,0.00665649,-0.000227190852990741,-3.24438,86797627450.08269
2026-09-05T00:27:45+00:00,SPX6900,SPX,0.597368,556458110,98,23039072,0.672911,0.584905,-0.013310859433987243,-2.15592,930987335.2481942
2026-09-05T00:27:45+00:00,XDC Network,XDC,0.02763624,551246770,99,4852175,0.0283316,0.02759732,-0.000429557539799556,-1.52602,19946688440.0
2026-09-05T00:27:45+00:00,Usual USD,USD0,0.99895,548497991,100,77692,0.999474,0.998219,0.0001084,0.01321,549073424.5529644
2026-09-05T05:01:59+00:00,Bitcoin,BTC,79513,1596701167953,1,32708569444,81379,78706,-1490.4691060059122,-1.83964,20079703.0
2026-09-05T05:01:59+00:00,Ethereum,ETH,2449.35,298900412628,2,14898110227,2543.95,2435.15,-58.24508450603844,-2.29026,122020932.85347287
2026-09-05T05:01:59+00:00,Tether,USDT,1.0,183416794746,3,62603605243,1.0,0.999803,0.00019918,0.0222,183392383062.09265
2026-09-05T05:01:59+00:00,BNB,BNB,721.54,96088543478,4,955751270,726.89,709.29,-4.043215343531983,-0.53508,133162023.11
2026-09-05T05:01:59+00:00,XRP,XRP,1.4,87732042359,5,2735070936,1.46,1.38,-0.05019003028070146,-3.43913,62744504852.0
2026-09-05T05:01:59+00:00,USDC,USDC,0.999966,74613392912,6,16864585567,1.0,0.999774,7.844e-05,0.01063,74615334107.61635
2026-09-05T05:01:59+00:00,Solana,SOL,101.77,59585742495,7,3188998236,104.7,100.4,-1.9937869172906773,-1.86919,585359784.4913628
2026-09-05T05:01:59+00:00,TRON,TRX,0.331772,31497076912,8,391554640,0.332135,0.327679,0.00270537,0.82747,94933696444.65239
2026-09-05T05:01:59+00:00,Figure Heloc,FIGR_HELOC,1.037,23084070800,9,27123099,1.041,1.03,0.00492879,0.47525,22254918397.228
2026-09-05T05:01:59+00:00,Hyperliquid,HYPE,83.99,18692890769,10,1216418219,87.31,83.64,-2.423955929154886,-2.7408,222445714.07414138
2026-09-05T05:01:59+00:00,Zcash,ZEC,1015.67,17174770363,11,1290006132,1046.3,949.54,69.61,7.38261,16912153.2905448
2026-09-05T05:01:59+00:00,Dogecoin,DOGE,0.084681,13192892790,12,830919221,0.088258,0.083882,-0.002466048443809932,-2.76162,155780126383.70517
2026-09-05T05:01:59+00:00,Rain,RAIN,0.01640554,11638638324,13,32237675,0.01707448,0.01642037,-0.000667300240178189,-3.89952,709200343267.5815
2026-09-05T05:01:59+00:00,Monero,XMR,532.83,10017321108,14,206445874,565.05,502.3,31.01,6.29698,18800462.20246923
2026-09-05T05:01:59+00:00,USDS,USDS,0.999767,9814115038,15,181276765,1.0,0.999669,-0.000124512833844515,-0.01044,9816372032.791365
2026-09-05T05:01:59+00:00,Chainlink,LINK,11.64,8709073446,16,428509386,12.15,11.48,-0.26647921604040903,-2.19715,748099970.424884
2026-09-05T05:01:59+00:00,WhiteBIT Coin,WBT,73.09,8621929572,17,94995204,74.26,72.4,-0.8299817454560952,-1.12419,117956019.0
2026-09-05T05:01:59+00:00,LEO Token,LEO,9.22,8479930863,18,185720,9.35,9.18,-0.09317362131891826,-0.99896,919857851.9
2026-09-05T05:01:59+00:00,Cardano,ADA,0.21079,7906477185,19,529815688,0.224559,0.209454,-0.011979388818247477,-5.31208,37504333228.36598
2026-09-05T05:01:59+00:00,Stellar,XLM,0.181142,6305247206,20,137656269,0.186742,0.177583,-0.001900820749103499,-0.99144,34802069618.36052
2026-09-05T05:01:59+00:00,Bitcoin Cash,BCH,248.11,4983406105,21,158523655,260.98,245.18,-7.902344215549732,-3.05858,20084790.52165078
2026-09-05T05:01:59+00:00,Dai,DAI,0.999668,4596274232,22,367079398,1.0,0.999606,-0.000121664542267363,-0.00039,4597783399.446081
2026-09-05T05:01:59+00:00,Ethena USDe,USDE,0.999884,4334282589,23,89038975,1.0,0.999611,0.00014442,0.01807,4334769976.027657
2026-09-05T05:01:59+00:00,Canton,CC,0.108291,4276718760,24,9249838,0.113489,0.105739,-0.003144930765878476,-2.74532,39504856814.9666
2026-09-05T05:01:59+00:00,USD1,USD1,0.999622,4238737917,25,1274065311,0.999848,0.999399,-1.5827527017231e-05,0.00041,4240300397.59908
2026-09-05T05:01:59+00:00,Litecoin,LTC,52.59,4080818399,26,289549364,52.8,49.83,1.49,3.07297,77571804.30144548
2026-09-05T05:01:59+00:00,Uniswap,UNI,6.29,3919790785,27,657429078,6.45,6.07,0.074216,1.38234,623212423.7271129
2026-09-05T05:01:59+00:00,Gram (prev. Toncoin),GRAM,1.4,3894751614,28,52238597,1.43,1.35,0.02603004,1.85739,2781290185.150518
2026-09-05T05:01:59+00:00,Hedera,HBAR,0.079162,3469568537,29,64290075,0.079568,0.076474,0.00092429,1.22655,43831559705.23865
2026-09-05T05:01:59+00:00,Global Dollar,USDG,1.0,3258287479,30,2316241188,1.0,0.999939,-9.766550118373e-05,-0.00614,3258073539.091178
2026-09-05T05:01:59+00:00,Avalanche,AVAX,7.41,3197524876,31,216256559,7.53,7.31,-0.08795907162501404,-1.11323,431771961.1772119
2026-09-05T05:01:59+00:00,Sui,SUI,0.76662,3141282519,32,465163431,0.782224,0.740488,-0.00544556266641727,-0.50808,4096537146.5409594
2026-09-05T05:01:59+00:00,Shiba Inu,SHIB,5.29e-06,3116077377,33,67472017,5.37e-06,5.16e-06,-6.1114294693e-08,-1.06454,589239321044316.9
2026-09-05T05:01:59+00:00,NEAR Protocol,NEAR,2.22,2904968868,34,576927639,2.27,1.91,0.280273,14.47559,1305478331.0
2026-09-05T05:01:59+00:00,PayPal USD,PYUSD,1.0,2870685993,35,100749460,1.0,0.999896,-7.4636167617159e-05,-0.00524,2870618340.8931646
2026-09-05T05:01:59+00:00,BlackRock USD Institutional Digital Liquidity Fund,BUIDL,1.0,2832282866,36,0.0,1.0,1.0,0.0,0.0,2832282865.800449
2026-09-05T05:01:59+00:00,Tether Gold,XAUT,4426.46,2712652164,37,253461448,4478.4,4373.38,-39.405166547657245,-0.88309,612823.6595320001
2026-09-05T05:01:59+00:00,Cronos,CRO,0.055687,2702678485,38,5401200,0.058157,0.055659,-0.002104429069263961,-3.65159,48534849797.96545
2026-09-05T05:01:59+00:00,Circle USYC,USYC,1.14,2624340328,39,0.0,1.14,1.14,0.00043142,0.03797,2308988052.650666
2026-09-05T05:01:59+00:00,MemeCore,M,1.13,2565806465,40,1604954,1.14,1.032,0.095302,9.12928,2269220105.92758
2026-09-05T05:01:59+00:00,Ripple USD,RLUSD,0.999933,2406997849,41,115818004,1.0,0.999785,-4.1654211914488e-05,0.003,2407151384.647228
2026-09-05T05:01:59+00:00,OKB,OKB,109.19,2293127507,42,25387587,111.0,106.58,-0.11137596512779169,-0.09827,21000000.0
2026-09-05T05:01:59+00:00,Ondo US Dollar Yield,USDY,1.14,2185736583,43,493008,1.15,1.13,0.00013036,0.44882,1918871204.1074388
2026-09-05T05:01:59+00:00,Bittensor,TAO,227.09,2179612875,44,147245862,231.85,220.55,-2.4083920047199,-1.04257,9597491.0
2026-09-05T05:01:59+00:00,Aave,AAVE,129.81,2002894688,45,281568599,135.94,129.11,-3.981272679073186,-2.93927,15427184.534296947
2026-09-05T05:01:59+00:00,Aster,ASTER,0.731319,1974494703,46,196044835,0.759111,0.717048,0.01114458,1.57382,2700010975.2797318
2026-09-05T05:01:59+00:00,PAX Gold,PAXG,4432.48,1917072600,47,169865489,4488.42,4381.72,-42.44725500437926,-0.94155,432503.322051
2026-09-05T05:01:59+00:00,Mantle,MNT,0.572295,1889918949,48,28012149,0.591852,0.562203,0.00544756,0.96891,3302294382.53684
2026-09-05T05:01:59+00:00,Ondo,ONDO,0.371101,1807453749,49,122804977,0.369896,0.350126,0.00721384,2.17906,4869330647.0
2026-09-05T05:01:59+00:00,World Liberty Financial,WLFI,0.056499,1795315045,50,38360537,0.058326,0.056129,-0.001739646938010687,-2.99414,31776983128.0
2026-09-05T05:01:59+00:00,Morpho,MORPHO,2.52,1733996340,51,41643000,2.58,2.42,0.04772031,1.94853,688594471.464482
2026-09-05T05:01:59+00:00,Pump.fun,PUMP,0.0042563,1684223066,52,173098633,0.00441021,0.00409649,-8.4927202027506e-05,-1.76105,395435618062.7032
2026-09-05T05:01:59+00:00,Ethena,ENA,0.163713,1652433574,53,599217570,0.17218,0.161283,-0.001511703302968737,-0.83268,10095312500.0
2026-09-05T05:01:59+00:00,Sky,SKY,0.067164,1573198762,54,8517005,0.069262,0.06671,-0.00253649930664035,-3.58208,23424669415.5158
2026-09-05T05:01:59+00:00,Polkadot,DOT,0.888802,1512105052,55,153772464,0.910212,0.842945,0.01576161,1.78949,1701273643.542143
2026-09-05T05:01:59+00:00,HTX DAO,HTX,1.65e-06,1484657652,56,13904277,1.65e-06,1.63e-06,3.664e-09,0.21246,898232728634017.2
2026-09-05T05:01:59+00:00,USDD,USDD,0.998546,1478906856,57,2974455,0.999407,0.997902,-0.000860293851627447,-0.10202,1481262261.0
2026-09-05T05:01:59+00:00,Pepe,PEPE,3.49e-06,1465823472,58,297586094,3.71e-06,3.45e-06,-1.72070502559e-07,-4.80694,420690000000000.0
2026-09-05T05:01:59+00:00,Internet Computer,ICP,2.63,1461263382,59,56548296,2.6,2.43,0.079164,2.7618,556205664.5178335
2026-09-05T05:01:59+00:00,Worldcoin,WLD,0.38871,1412388125,60,139993957,0.395316,0.370932,-0.003241137009728334,-0.67226,3633627644.954258
2026-09-05T05:01:59+00:00,Bitget Token,BGB,1.98,1384950067,61,8155665,2.0,1.95,-0.002411171582209493,-0.16515,699992029.6481038
2026-09-05T05:01:59+00:00,USDGO,USDGO,0.999955,1355397364,62,61365684,1.0,0.999912,-8.3463254164751e-05,-0.00747,1355454412.77
2026-09-05T05:01:59+00:00,Falcon USD,USDF,0.995849,1339645788,63,678271,0.999818,0.993522,-0.000522796061107167,0.03545,1344070422.590452
2026-09-05T05:01:59+00:00,BFUSD,BFUSD,1.0,1320085548,64,4417935,1.0,0.999765,0.00016821,0.01901,1320000000.0
2026-09-05T05:01:59+00:00,United Stables,U,0.999344,1276666400,65,180051918,0.999709,0.998985,0.00012627,0.01543,1277499107.8
2026-09-05T05:01:59+00:00,Bitway,BTW,0.457685,1239290601,66,11273976,0.461943,0.428104,0.00419602,0.78491,2708142280.000001
2026-09-05T05:01:59+00:00,Spiko Amundi Overnight Swap Fund (EUR),EURSAFO,1.18,1229111162,67,0.0,1.18,1.17,-0.000972766910300127,-0.08269,1045687476.43203
2026-09-05T05:01:59+00:00,Ethereum Classic,ETC,7.56,1194510580,68,40774753,7.7,7.3,-0.029409744906502056,-0.36408,158066779.4604675
2026-09-05T05:01:59+00:00,Lighter,LIT,4.7,1176108151,69,181786838,4.9,4.29,0.421088,10.104,250000000.0
2026-09-05T05:01:59+00:00,Pi Network,PI,0.093933,1046547141,70,7005812,0.096276,0.093695,-0.001483240202825253,-1.55577,11141680597.248924
2026-09-05T05:01:59+00:00,POL (ex-MATIC),POL,0.094435,1011314555,71,67741998,0.095827,0.090957,0.00081602,0.86337,10708873805.9877
2026-09-05T05:01:59+00:00,Blockchain Capital,BCAP,106.22,967888430,72,0.0,106.22,106.22,0.0,0.0,9112111.0
2026-09-05T05:01:59+00:00,KuCoin,KCS,7.05,966778973,73,2614961,7.15,6.98,-0.06000767505061155,-0.83253,137155021.2773955
2026-09-05T05:01:59+00:00,Quant,QNT,63.51,923418671,74,15639267,67.33,63.5,-2.1718770954847955,-3.18837,14544176.164081175
2026-09-05T05:01:59+00:00,Gate,GT,8.52,908725541,75,2503059,8.6,8.27,-0.042997975675133304,-0.64143,106617071.15318261
2026-09-05T05:01:59+00:00,Dash,DASH,69.32,888150257,76,523063464,68.46,49.42,19.23,38.24956,12826690.26082087
2026-09-05T05:01:59+00:00,JUST,JST,0.107928,883801659,77,17308933,0.109201,0.107868,-0.000280894657458244,-0.26197,8188743036.341737
2026-09-05T05:01:59+00:00,Spiko EU T-Bills Money Market Fund,EUTBL,1.23,882635203,78,0.0,1.23,1.23,-0.001050760329107669,-0.08541,718027528.4955
2026-09-05T05:01:59+00:00,Arbitrum,ARB,0.130443,871056349,79,217706934,0.141557,0.128668,-0.004501733137076885,-3.38163,6678075931.0
2026-09-05T05:01:59+00:00,Venice Token,VVV,17.83,851678418,80,23896468,18.42,16.91,0.783965,4.69469,47761931.64605352
2026-09-05T05:01:59+00:00,NEXO,NEXO,0.843866,843901097,81,3149208,0.848838,0.824054,0.00200403,0.18649,1000000000.0
2026-09-05T05:01:59+00:00,Algorand,ALGO,0.093341,843802611,82,32490801,0.093489,0.089698,0.00080265,0.98917,9038671596.896738
2026-09-05T05:01:59+00:00,Kaspa,KAS,0.02976388,823700816,83,12627824,0.03049612,0.02892899,-4.724398807044e-05,-0.26411,27678662954.183525
2026-09-05T05:01:59+00:00,Cosmos Hub,ATOM,1.54,812747985,84,29296462,1.54,1.47,0.02011864,1.32917,528912306.876442
2026-09-05T05:01:59+00:00,Janus Henderson Anemoy Treasury Fund,JTRSY,1.12,799656135,85,0.0,1.12,1.11,0.000156,0.01399,717141156.78007
2026-09-05T05:01:59+00:00,Invesco Short Duration US Government Securities Fund,USTB,11.2,782184518,86,0.0,11.2,11.2,0.001067,0.00953,69834804.429284
2026-09-05T05:01:59+00:00,Render,RENDER,1.45,751652496,87,35091554,1.48,1.41,-0.01151227834141122,-0.76703,518772101.28269154
2026-09-05T05:01:59+00:00,​​Stable,STABLE,0.02880316,749902493,88,9222954,0.02979714,0.02856697,0.00027667,0.95859,26035182098.0
2026-09-05T05:01:59+00:00,Jupiter,JUP,0.216758,719701134,89,55875723,0.224963,0.213366,-0.008178419259786796,-3.63837,3320312968.08
2026-09-05T05:01:59+00:00,Janus Henderson Anemoy AAA CLO Fund,JAAA,1.048,710966727,90,0.0,1.048,1.048,0.000234,0.02233,678300455.183658
2026-09-05T05:01:59+00:00,GHO,GHO,0.999213,698450590,91,6361005,0.999503,0.998855,0.00025992,0.028,699000000.0
2026-09-05T05:01:59+00:00,Filecoin,FIL,0.767239,634380351,92,73363707,0.776187,0.741382,-0.007131409923160414,-0.91183,826834851.0
2026-09-05T05:01:59+00:00,PancakeSwap,CAKE,1.97,630214083,93,79118550,2.04,1.93,-0.04313243814468137,-2.19721,320770259.28200346
2026-09-05T05:01:59+00:00,Beldex,BDX,0.078884,620827519,94,10567655,0.079226,0.078654,5.871e-05,0.06384,7870506412.934597
2026-09-05T05:01:59+00:00,Official Trump,TRUMP,2.33,610577031,95,314662660,2.41,2.22,-0.04719492323049845,-1.93549,261880985.28763402
2026-09-05T05:01:59+00:00,VeChain,VET,0.00688656,592331145,96,7575831,0.00697425,0.00654972,0.00015449,2.32053,85985041177.0
2026-09-05T05:01:59+00:00,Flare,FLR,0.00663725,576098280,97,2634269,0.00694209,0.00663275,-0.000241915742814734,-3.48072,86797627450.08269
2026-09-05T05:01:59+00:00,SPX6900,SPX,0.594601,553819603,98,22880673,0.672911,0.584905,-0.003841560222665907,-0.47875,930987335.2481942
2026-09-05T05:01:59+00:00,XDC Network,XDC,0.02762129,550949576,99,4431856,0.02829241,0.02759732,-0.000398333353665039,-1.44224,19946688440.0
2026-09-05T05:01:59+00:00,Usual USD,USD0,0.998167,548069109,100,82190,0.999474,0.998141,-0.001119855945008741,-0.10991,549073424.5529644
2026-09-05T06:01:06+00:00,Bitcoin,BTC,79598,1598190168545,1,32361156353,81379,78706,-1403.1628150906909,-1.73228,20079703.0
2026-09-05T06:01:06+00:00,Ethereum,ETH,2451.78,299159716700,2,14635184898,2543.95,2435.15,-57.67572996471108,-2.29834,122020932.85347287
2026-09-05T06:01:06+00:00,Tether,USDT,1.0,183421240649,3,61957564959,1.0,0.999803,0.00021433,0.02143,183392383062.09265
2026-09-05T06:01:06+00:00,BNB,BNB,722.77,96243320356,4,957851368,726.89,709.29,-2.0226584360991637,-0.27907,133162023.11
2026-09-05T06:01:06+00:00,XRP,XRP,1.4,87862640336,5,2690276742,1.46,1.38,-0.0476911558203954,-3.29365,62744504852.0
2026-09-05T06:01:06+00:00,USDC,USDC,0.999982,74605912622,6,16545254665,1.0,0.999774,8.158e-05,0.00816,74606890830.32384
2026-09-05T06:01:06+00:00,Solana,SOL,101.92,59657142529,7,3156265602,104.7,100.4,-1.7927521830641382,-1.72851,585359752.7321877
2026-09-05T06:01:06+00:00,TRON,TRX,0.331984,31511730220,8,384203057,0.332135,0.327679,0.00327935,0.99766,94933696444.65239
2026-09-05T06:01:06+00:00,Figure Heloc,FIGR_HELOC,1.038,23096050709,9,25174931,1.041,1.03,0.00547477,0.53034,22254918397.228
2026-09-05T06:01:06+00:00,Hyperliquid,HYPE,84.28,18748481075,10,1205156252,87.31,83.64,-1.8596762187650597,-2.15879,222445714.07414138
2026-09-05T06:01:06+00:00,Zcash,ZEC,1019.02,17234127000,11,1286735456,1046.3,949.54,62.26,6.50783,16912153.2905448
2026-09-05T06:01:06+00:00,Dogecoin,DOGE,0.084754,13202502578,12,821798790,0.088258,0.083882,-0.00224398804010574,-2.57936,155780126383.70517
2026-09-05T06:01:06+00:00,Rain,RAIN,0.01641634,11640837328,13,39444838,0.01707448,0.01640004,-0.000660204857009437,-3.86615,709200343054.4866
2026-09-05T06:01:06+00:00,Monero,XMR,528.53,9936597964,14,202028651,565.05,502.3,25.78,5.12772,18800540.80243103
2026-09-05T06:01:06+00:00,USDS,USDS,0.999708,9817444657,15,179947906,1.0,0.999669,-9.6527096309917e-05,-0.00965,9820307355.391298
2026-09-05T06:01:06+00:00,Chainlink,LINK,11.66,8721150254,16,425887329,12.15,11.48,-0.23247650837081402,-1.95517,748099970.424884
2026-09-05T06:01:06+00:00,WhiteBIT Coin,WBT,73.15,8628830517,17,93572130,74.26,72.4,-0.7412817871487931,-1.00316,117956019.0
2026-09-05T06:01:06+00:00,LEO Token,LEO,9.27,8522713063,18,271036,9.35,9.18,-0.04712401199874705,-0.50604,919857851.9
2026-09-05T06:01:06+00:00,Cardano,ADA,0.211265,7923256780,19,523164596,0.224559,0.209454,-0.009968838602530922,-4.50601,37504333228.36598
2026-09-05T06:01:06+00:00,Stellar,XLM,0.181303,6309856748,20,136497816,0.186742,0.177583,-0.001791423258649366,-0.97842,34802069332.79498
2026-09-05T06:01:06+00:00,Bitcoin Cash,BCH,248.68,4994280898,21,154431372,260.98,245.18,-6.347381825362504,-2.48894,20084799.89665078
2026-09-05T06:01:06+00:00,Dai,DAI,0.999895,4599730044,22,358182713,1.0,0.999606,0.00018698,0.0187,4600654258.601286
2026-09-05T06:01:06+00:00,Ethena USDe,USDE,0.999963,4336006101,23,89988579,1.0,0.999611,0.00022185,0.02219,4336170006.107657
2026-09-05T06:01:06+00:00,Canton,CC,0.107988,4266049251,24,9206512,0.113489,0.105739,-0.002364796749376258,-2.14294,39504856814.9666
2026-09-05T06:01:06+00:00,USD1,USD1,0.999642,4238846780,25,1238916084,0.999848,0.999399,-5.664163478647e-05,-0.00567,4240300194.726904
2026-09-05T06:01:06+00:00,Litecoin,LTC,52.85,4099628414,26,301037247,52.8,49.83,1.98,3.88814,77571804.30144548
2026-09-05T06:01:06+00:00,Uniswap,UNI,6.29,3916248032,27,648475287,6.45,6.07,-0.02553427088285254,-0.40462,623212423.7271129
2026-09-05T06:01:06+00:00,Gram (prev. Toncoin),GRAM,1.4,3905212844,28,51289333,1.43,1.35,0.04309381,3.16746,2781314502.48976
2026-09-05T06:01:06+00:00,Hedera,HBAR,0.079603,3488990403,29,65892219,0.079568,0.076474,0.00170444,2.18802,43831559705.28308
2026-09-05T06:01:06+00:00,Global Dollar,USDG,1.0,3258410621,30,2212371238,1.0,0.999939,3.657e-05,0.00366,3258069583.733661
2026-09-05T06:01:06+00:00,Avalanche,AVAX,7.42,3202652870,31,209164896,7.53,7.31,-0.040261699555884434,-0.53981,431771961.1772119
2026-09-05T06:01:06+00:00,Sui,SUI,0.772342,3163057741,32,462077704,0.782224,0.740488,0.00396661,0.51623,4096537146.5409594
2026-09-05T06:01:06+00:00,Shiba Inu,SHIB,5.32e-06,3139238757,33,70681468,5.37e-06,5.16e-06,3.232e-09,0.06073,589239321044316.9
2026-09-05T06:01:06+00:00,NEAR Protocol,NEAR,2.24,2919586903,34,600679650,2.27,1.91,0.30776,15.9616,1305478306.0
2026-09-05T06:01:06+00:00,PayPal USD,PYUSD,0.999973,2870540568,35,100560106,1.0,0.999896,-8.8493239977394e-05,-0.00885,2870618340.8931646
2026-09-05T06:01:06+00:00,BlackRock USD Institutional Digital Liquidity Fund,BUIDL,1.0,2832282866,36,0.0,1.0,1.0,-1.11e-16,0.0,2832282865.800449
2026-09-05T06:01:06+00:00,Tether Gold,XAUT,4427.86,2713498441,37,252716068,4478.4,4373.38,-32.72763992580258,-0.73371,612823.6595320001
2026-09-05T06:01:06+00:00,Cronos,CRO,0.055783,2705964435,38,5486030,0.058157,0.055659,-0.00143833752972701,-2.51366,48534944386.34733
2026-09-05T06:01:06+00:00,Circle USYC,USYC,1.14,2624340328,39,0.0,1.14,1.14,0.00043142,0.03797,2308988052.650666
2026-09-05T06:01:06+00:00,MemeCore,M,1.13,2560510497,40,1563469,1.14,1.032,0.082622,7.90077,2269235525.658396
2026-09-05T06:01:06+00:00,Ripple USD,RLUSD,1.0,2407198675,41,105737589,1.0,0.999785,-1.6325817247198e-05,-0.00163,2407151384.647221
2026-09-05T06:01:06+00:00,OKB,OKB,109.28,2294765796,42,25206181,111.0,106.58,-0.4208213867282353,-0.38363,21000000.0
2026-09-05T06:01:06+00:00,Ondo US Dollar Yield,USDY,1.14,2191078173,43,476939,1.15,1.13,0.00243626,0.21329,1918871204.1074388
2026-09-05T06:01:06+00:00,Bittensor,TAO,227.75,2185896814,44,137421045,231.85,220.55,-1.2995735870971998,-0.56736,9597491.0
2026-09-05T06:01:06+00:00,Aave,AAVE,129.61,1999454860,45,281048493,135.94,129.11,-4.2939848559937275,-3.2067,15427184.534296947
2026-09-05T06:01:06+00:00,Aster,ASTER,0.72972,1970356041,46,191780107,0.759111,0.717048,0.01145987,1.5955,2700010975.2797318
2026-09-05T06:01:06+00:00,PAX Gold,PAXG,4433.44,1917504861,47,167693622,4488.42,4381.72,-36.662773378324346,-0.82018,432503.322051
2026-09-05T06:01:06+00:00,Mantle,MNT,0.573159,1892732407,48,28523094,0.591852,0.562203,0.00587584,1.03579,3302294382.53684
2026-09-05T06:01:06+00:00,Ondo,ONDO,0.373545,1818783626,49,125776166,0.376156,0.350126,0.01219247,3.37412,4869330647.0
2026-09-05T06:01:06+00:00,World Liberty Financial,WLFI,0.056635,1799334765,50,36410266,0.058326,0.056129,-0.001480641540032912,-2.54775,31776983128.0
2026-09-05T06:01:06+00:00,Morpho,MORPHO,2.5,1723557511,51,41298858,2.58,2.42,0.01701119,0.68427,688596551.824313
2026-09-05T06:01:06+00:00,Pump.fun,PUMP,0.00419151,1657337537,52,167245083,0.00441021,0.00409649,-0.000144105920761978,-3.32377,395432217576.94037
2026-09-05T06:01:06+00:00,Ethena,ENA,0.163269,1647686131,53,569082792,0.17218,0.161283,0.00081974,0.50461,10095312500.0
2026-09-05T06:01:06+00:00,Sky,SKY,0.067484,1580699648,54,8240278,0.069262,0.06671,-0.001767100616122091,-2.55174,23424620606.999046
2026-09-05T06:01:06+00:00,Polkadot,DOT,0.90124,1532637958,55,154414307,0.910212,0.842945,0.03189659,3.66904,1701294061.114737
2026-09-05T06:01:06+00:00,HTX DAO,HTX,1.65e-06,1484339947,56,13816203,1.65e-06,1.63e-06,7.221e-09,0.4389,898232728634017.2
2026-09-05T06:01:06+00:00,USDD,USDD,0.998283,1478711239,57,2935200,0.999407,0.997902,-0.000851534439981316,-0.08523,1481265464.0
2026-09-05T06:01:06+00:00,Pepe,PEPE,3.49e-06,1466788568,58,299334782,3.71e-06,3.45e-06,-1.47750290238e-07,-4.06466,420690000000000.0
2026-09-05T06:01:06+00:00,Internet Computer,ICP,2.62,1458421715,59,61047370,2.63,2.43,0.091818,3.62639,556205664.5178335
2026-09-05T06:01:06+00:00,Worldcoin,WLD,0.389526,1415251373,60,137501565,0.395316,0.370932,0.0006122,0.15741,3633629174.636317
2026-09-05T06:01:06+00:00,Bitget Token,BGB,1.98,1383191452,61,8067230,2.0,1.95,-0.006957748949237397,-0.35087,699992029.6481038
2026-09-05T06:01:06+00:00,USDGO,USDGO,0.999956,1355394674,62,52191421,1.0,0.999912,-4.2472382386527e-05,-0.00425,1355454412.77
2026-09-05T06:01:06+00:00,Falcon USD,USDF,0.996531,1339391998,63,552354,0.999818,0.993522,0.00014299,0.01435,1344070422.590452
2026-09-05T06:01:06+00:00,BFUSD,BFUSD,1.0,1320258113,64,4378120,1.0,0.999765,0.00029151,0.02915,1320000000.0
2026-09-05T06:01:06+00:00,United Stables,U,0.999393,1276738681,65,176725588,0.999709,0.998985,9.624e-05,0.00963,1277499107.8
2026-09-05T06:01:06+00:00,Spiko Amundi Overnight Swap Fund (EUR),EURSAFO,1.18,1229163986,66,0.0,1.18,1.17,-0.000897631302408275,-0.07631,1045687476.43203
2026-09-05T06:01:06+00:00,Bitway,BTW,0.451875,1223776729,67,11089905,0.466131,0.428104,-0.002180545042862414,-0.48024,2708142280.000001
2026-09-05T06:01:06+00:00,Ethereum Classic,ETC,7.59,1198940995,68,41224702,7.7,7.3,0.01503007,0.19852,158067175.1852675
2026-09-05T06:01:06+00:00,Lighter,LIT,4.73,1181742828,69,179620683,4.9,4.29,0.398491,9.20973,250000000.0
2026-09-05T06:01:06+00:00,Pi Network,PI,0.093855,1045665643,70,6822987,0.096276,0.093657,-0.001376221461138791,-1.44514,11141680597.248924
2026-09-05T06:01:06+00:00,POL (ex-MATIC),POL,0.094198,1008717378,71,65587128,0.095827,0.090957,0.00028989,0.30869,10708873805.9877
2026-09-05T06:01:06+00:00,Blockchain Capital,BCAP,106.22,967888430,72,0.0,106.22,106.22,1.4211e-14,0.0,9112111.0
2026-09-05T06:01:06+00:00,KuCoin,KCS,7.05,966888520,73,2705007,7.15,6.98,-0.04516563283809649,-0.63656,137155021.2773955
2026-09-05T06:01:06+00:00,Quant,QNT,63.72,926773096,74,15672772,67.33,63.43,-1.6538928314448924,-2.52972,14544176.164081175
2026-09-05T06:01:06+00:00,Dash,DASH,71.28,914678486,75,590781523,69.52,49.42,21.55,43.3207,12826690.26082087
2026-09-05T06:01:06+00:00,Gate,GT,8.49,905262569,76,2441072,8.6,8.27,-0.08859253649039012,-1.03315,106617109.47949481
2026-09-05T06:01:06+00:00,JUST,JST,0.107981,884502212,77,17469123,0.109201,0.107862,-0.000524406358534568,-0.4833,8188743036.341737
2026-09-05T06:01:06+00:00,Spiko EU T-Bills Money Market Fund,EUTBL,1.23,882673137,78,0.0,1.23,1.23,-0.00097218240233321,-0.07902,718027528.4955
2026-09-05T06:01:06+00:00,Arbitrum,ARB,0.130815,873453819,79,218171111,0.141557,0.128668,-0.004814474239173444,-3.54972,6678075931.0
2026-09-05T06:01:06+00:00,Venice Token,VVV,17.78,849213878,80,23621127,18.42,16.91,0.795167,4.68063,47762202.09022682
2026-09-05T06:01:06+00:00,Algorand,ALGO,0.093451,844611585,81,33015711,0.093489,0.089698,0.00156228,1.7002,9038671596.896738
2026-09-05T06:01:06+00:00,NEXO,NEXO,0.84394,843916091,82,3129504,0.848838,0.824054,0.00227705,0.27054,1000000000.0
2026-09-05T06:01:06+00:00,Kaspa,KAS,0.02992822,828077474,83,12633001,0.03049612,0.02892899,0.00033872,1.14474,27678662954.183525
2026-09-05T06:01:06+00:00,Cosmos Hub,ATOM,1.54,813523111,84,30095706,1.54,1.47,0.02713506,1.7947,528952037.444603
2026-09-05T06:01:06+00:00,Janus Henderson Anemoy Treasury Fund,JTRSY,1.12,799656135,85,0.0,1.12,1.11,0.000156,0.01399,717141156.78007
2026-09-05T06:01:06+00:00,Invesco Short Duration US Government Securities Fund,USTB,11.2,782184518,86,0.0,11.2,11.2,0.001067,0.00953,69834804.429284
2026-09-05T06:01:06+00:00,Render,RENDER,1.47,764710899,87,36161985,1.48,1.41,0.01885708,1.29522,518772101.28269154
2026-09-05T06:01:06+00:00,​​Stable,STABLE,0.02895712,754092826,88,9502026,0.02979714,0.02856697,0.00034209,1.19548,26036522633.0
2026-09-05T06:01:06+00:00,Jupiter,JUP,0.216708,719664717,89,53965670,0.224963,0.213366,-0.006586262786889063,-2.94959,3320312968.08
2026-09-05T06:01:06+00:00,Janus Henderson Anemoy AAA CLO Fund,JAAA,1.048,710966727,90,0.0,1.048,1.048,0.000234,0.02233,678300455.183658
2026-09-05T06:01:06+00:00,GHO,GHO,0.999367,698557843,91,6278768,0.999503,0.998855,0.00037477,0.03752,699000000.0
2026-09-05T06:01:06+00:00,PancakeSwap,CAKE,1.99,637800491,92,79658063,2.04,1.93,0.00193411,0.09735,320770474.28200346
2026-09-05T06:01:06+00:00,Filecoin,FIL,0.766922,634103006,93,72496859,0.776187,0.741382,-0.002546577960861773,-0.33095,826836483.0
2026-09-05T06:01:06+00:00,Beldex,BDX,0.078929,621256875,94,10542993,0.079226,0.078654,8.22e-05,0.10425,7870507217.129978
2026-09-05T06:01:06+00:00,Official Trump,TRUMP,2.34,611682402,95,312662214,2.41,2.22,-0.03227382812615387,-1.36314,261880985.28763402
2026-09-05T06:01:06+00:00,VeChain,VET,0.00691019,594154546,96,7623652,0.00697425,0.00654972,0.00021198,3.16471,85985041177.0
2026-09-05T06:01:06+00:00,Flare,FLR,0.00666441,578389555,97,2601097,0.00694209,0.00662881,-0.000205609411470764,-2.99285,86797627450.08269
2026-09-05T06:01:06+00:00,SPX6900,SPX,0.59881,557118858,98,22952232,0.672911,0.584905,0.00130564,0.21852,930987335.2481942
2026-09-05T06:01:06+00:00,Curve DAO,CRV,0.357303,555301600,99,65422026,0.381302,0.348013,-0.015772470367220737,-4.22768,1554227157.0
2026-09-05T06:01:06+00:00,XDC Network,XDC,0.02760031,550494177,100,4324041,0.02829241,0.02759732,-0.000710614359093167,-2.51004,19946688440.0
2026-09-05T07:01:09+00:00,Bitcoin,BTC,79680,1599685959931,1,32089628058,81379,78706,-1095.6675641695765,-1.36488,20079703.0
2026-09-05T07:01:09+00:00,Ethereum,ETH,2453.9,299402132987,2,14411149430,2543.95,2435.15,-53.456320193171905,-2.13589,122020932.85347287
2026-09-05T07:01:09+00:00,Tether,USDT,1.0,183423816671,3,61280904220,1.0,0.999803,0.0002542,0.0263,183392383062.09265
2026-09-05T07:01:09+00:00,BNB,BNB,727.14,96786899435,4,979961684,726.89,709.29,7.0,0.90701,133162017.38
2026-09-05T07:01:09+00:00,XRP,XRP,1.4,88068760749,5,2640234008,1.46,1.38,-0.04194977041506509,-2.93138,62744504852.0
2026-09-05T07:01:09+00:00,USDC,USDC,0.999993,74613376254,6,16072766868,1.0,0.999774,0.00010916,0.01265,74612686241.75078
2026-09-05T07:01:09+00:00,Solana,SOL,102.32,59870762464,7,3169333146,104.7,100.4,-1.2765608199369183,-1.29887,585359722.6409928
2026-09-05T07:01:09+00:00,TRON,TRX,0.332761,31591120010,8,377470415,0.332135,0.327679,0.00459769,1.4213,94933696444.65239
2026-09-05T07:01:09+00:00,Figure Heloc,FIGR_HELOC,1.038,23110496007,9,23227697,1.041,1.03,0.00609734,0.58996,22254918397.228
2026-09-05T07:01:09+00:00,Hyperliquid,HYPE,84.33,18754988731,10,1193444999,87.31,83.64,-1.6550440964743984,-1.93798,222445714.07414138
2026-09-05T07:01:09+00:00,Zcash,ZEC,1017.18,17199139151,11,1289527063,1046.3,957.87,59.3,6.24042,16912153.2905448
2026-09-05T07:01:09+00:00,Dogecoin,DOGE,0.085616,13332885308,12,843967086,0.088258,0.083882,-0.001427357757417633,-1.64791,155780126383.70517
2026-09-05T07:01:09+00:00,Rain,RAIN,0.01643725,11653903206,13,43330374,0.01703417,0.01638085,-0.000596916775692735,-3.52857,709200784781.7506
2026-09-05T07:01:09+00:00,Monero,XMR,531.38,9991373333,14,189315169,565.05,513.76,0.190618,0.06758,18800540.80243103
2026-09-05T07:01:09+00:00,USDS,USDS,0.999701,9817525882,15,184547686,1.0,0.999669,-8.7691314370031e-05,-0.01168,9820307355.391298
2026-09-05T07:01:09+00:00,Chainlink,LINK,11.73,8770509360,16,427610242,12.15,11.48,-0.14969832662517746,-1.2612,748099970.424884
2026-09-05T07:01:09+00:00,WhiteBIT Coin,WBT,73.2,8633672939,17,92373099,74.26,72.4,-0.5994376719583414,-0.82027,117956019.0
2026-09-05T07:01:09+00:00,LEO Token,LEO,9.25,8507843063,18,271917,9.35,9.18,-0.05456642383571797,-0.58646,919857851.9
2026-09-05T07:01:09+00:00,Cardano,ADA,0.213274,7997106572,19,532150467,0.224559,0.209454,-0.007784080993287978,-3.53107,37504333228.36598
2026-09-05T07:01:09+00:00,Stellar,XLM,0.182971,6365895619,20,140310085,0.186742,0.177583,-0.00018134983134635,-0.0814,34802069028.653725
2026-09-05T07:01:09+00:00,Bitcoin Cash,BCH,251.21,5041972678,21,156269619,260.98,245.18,-3.928667525828132,-1.60859,20084831.14665078
2026-09-05T07:01:09+00:00,Dai,DAI,0.999895,4599669822,22,343475847,1.0,0.999606,1.276e-05,-0.02625,4600955320.274836
2026-09-05T07:01:09+00:00,Ethena USDe,USDE,0.999978,4336143692,23,89245215,1.0,0.999666,0.00024637,0.02738,4336170006.107657
2026-09-05T07:01:09+00:00,Canton,CC,0.108348,4280309567,24,9245942,0.113489,0.105739,-0.0021238315694318,-1.919,39504856814.9666
2026-09-05T07:01:09+00:00,USD1,USD1,0.999651,4238923209,25,1232089064,0.999848,0.999399,-5.8290601302913e-05,-0.00698,4240300194.726904
2026-09-05T07:01:09+00:00,Litecoin,LTC,53.69,4163466137,26,324341606,52.92,49.83,2.69,5.27296,77572448.05224529
2026-09-05T07:01:09+00:00,Gram (prev. Toncoin),GRAM,1.42,3936611527,27,53347906,1.43,1.35,0.055311,4.05479,2781338966.321704
2026-09-05T07:01:09+00:00,Uniswap,UNI,6.29,3921929592,28,643575575,6.45,6.07,-0.05580886832010723,-0.69284,623212423.7271129
2026-09-05T07:01:09+00:00,Hedera,HBAR,0.079766,3496251339,29,66565746,0.079609,0.076474,0.00187222,2.40582,43831559705.32734
2026-09-05T07:01:09+00:00,Global Dollar,USDG,1.0,3258458388,30,2167170883,1.0,0.999939,-3.7930389709784e-05,-0.00605,3258069583.733661
2026-09-05T07:01:09+00:00,Avalanche,AVAX,7.46,3220629777,31,215131077,7.53,7.31,-0.009842124341400194,-0.1309,431771961.1772119
2026-09-05T07:01:09+00:00,Sui,SUI,0.781572,3202003176,32,484489947,0.782224,0.740488,0.01171599,1.51485,4096537146.5409594
2026-09-05T07:01:09+00:00,Shiba Inu,SHIB,5.4e-06,3179365357,33,76937767,5.37e-06,5.16e-06,8.6336e-08,1.54422,589239321044316.9
2026-09-05T07:01:09+00:00,NEAR Protocol,NEAR,2.28,2984073106,34,621056307,2.27,1.91,0.322139,16.62471,1305478282.0
2026-09-05T07:01:09+00:00,PayPal USD,PYUSD,0.999989,2870636859,35,98989561,1.0,0.999896,2.9e-06,-0.00055,2870618340.8931646
2026-09-05T07:01:09+00:00,BlackRock USD Institutional Digital Liquidity Fund,BUIDL,1.0,2832282866,36,0.0,1.0,1.0,0.0,0.0,2832282865.800449
2026-09-05T07:01:09+00:00,Cronos,CRO,0.055967,2716022203,37,5335794,0.058157,0.055622,-0.001043530241249056,-1.85958,48535030512.15992
2026-09-05T07:01:09+00:00,Tether Gold,XAUT,4427.58,2713382320,38,245008483,4478.4,4373.38,-25.777624438391285,-0.57661,612823.6595320001
2026-09-05T07:01:09+00:00,Circle USYC,USYC,1.14,2624340328,39,0.0,1.14,1.14,0.00043142,0.03797,2308988052.650666
2026-09-05T07:01:09+00:00,MemeCore,M,1.13,2574630723,40,1651123,1.14,1.032,0.095165,9.13458,2269250975.3882236
2026-09-05T07:01:09+00:00,Ripple USD,RLUSD,1.0,2407267650,41,105868601,1.0,0.999785,-1.0370593220843e-05,-0.00142,2407151384.647223
2026-09-05T07:01:09+00:00,OKB,OKB,109.77,2305069222,42,25433819,111.0,106.58,0.161543,0.09997,21000000.0
2026-09-05T07:01:09+00:00,Bittensor,TAO,234.91,2253546158,43,160931563,231.85,220.55,5.96,2.38711,9597491.0
2026-09-05T07:01:09+00:00,Ondo US Dollar Yield,USDY,1.14,2190042176,44,1816710,1.15,1.13,-0.001436687280991222,-0.33207,1918871204.1074388
2026-09-05T07:01:09+00:00,Aave,AAVE,130.18,2007891501,45,279637275,135.94,128.88,-2.6759980746751353,-2.01678,15427184.905185726
2026-09-05T07:01:09+00:00,Aster,ASTER,0.730624,1972504096,46,194360576,0.759111,0.717985,0.01148358,1.59015,2700010975.2797318
2026-09-05T07:01:09+00:00,PAX Gold,PAXG,4434.2,1917842087,47,165642995,4488.42,4381.72,-27.923564445231932,-0.62168,432503.322051
2026-09-05T07:01:09+00:00,Mantle,MNT,0.574677,1897733178,48,26371656,0.591852,0.562273,0.01240414,2.1819,3302294382.53684
2026-09-05T07:01:09+00:00,Ondo,ONDO,0.373725,1820045980,49,126705704,0.376156,0.350126,0.01272577,3.5584,4869330647.0
2026-09-05T07:01:09+00:00,World Liberty Financial,WLFI,0.056736,1802771971,50,35871236,0.058326,0.056129,-0.001460503229567187,-2.47701,31776983128.0
2026-09-05T07:01:09+00:00,Morpho,MORPHO,2.51,1727515688,51,39568108,2.58,2.42,0.02191459,0.86775,688598636.5220457
2026-09-05T07:01:09+00:00,Ethena,ENA,0.166121,1677507772,52,575046012,0.17218,0.161283,0.00181378,1.07142,10095312500.0
2026-09-05T07:01:09+00:00,Pump.fun,PUMP,0.00418029,1652302537,53,159068394,0.00440766,0.00409649,-0.000213338473699723,-4.81753,395428897168.1534
2026-09-05T07:01:09+00:00,Sky,SKY,0.06768,1585308928,54,8448155,0.06911,0.06671,-0.00075539064044805,-1.12283,23424620606.999046
2026-09-05T07:01:09+00:00,Polkadot,DOT,0.914241,1555620565,55,158751003,0.910212,0.842945,0.0424867,4.74979,1701300952.05023
2026-09-05T07:01:09+00:00,Internet Computer,ICP,2.71,1508058874,56,65346484,2.63,2.43,0.169805,6.71816,556205748.7959671
2026-09-05T07:01:09+00:00,HTX DAO,HTX,1.65e-06,1483887460,57,13872538,1.65e-06,1.63e-06,6.644e-09,0.39781,898232728634017.2
2026-09-05T07:01:09+00:00,USDD,USDD,0.998577,1479636556,58,2910560,0.999407,0.997902,-0.000642166998167548,-0.07047,1481860107.0
2026-09-05T07:01:09+00:00,Pepe,PEPE,3.51e-06,1477506913,59,302473722,3.71e-06,3.45e-06,-1.24451165982e-07,-3.36569,420690000000000.0
2026-09-05T07:01:09+00:00,Worldcoin,WLD,0.393434,1429847348,60,136896159,0.395316,0.370932,0.00397392,1.03054,3633630623.0446634
2026-09-05T07:01:09+00:00,Bitget Token,BGB,1.98,1386102935,61,8022023,2.0,1.95,-0.00524742582891613,-0.23093,699992029.6481038
2026-09-05T07:01:09+00:00,USDGO,USDGO,0.999955,1355403097,62,49520791,1.0,0.999912,-7.7957357170644e-05,-0.01468,1355454412.77
2026-09-05T07:01:09+00:00,Falcon USD,USDF,0.996545,1339447421,63,608860,0.99867,0.993522,0.0002946,0.03257,1344070422.590452
2026-09-05T07:01:09+00:00,BFUSD,BFUSD,1.0,1320277417,64,4355108,1.0,0.999765,0.00033176,0.03383,1320000000.0
2026-09-05T07:01:09+00:00,United Stables,U,0.999399,1276763033,65,173557400,0.999709,0.998985,7.195e-05,0.02141,1277499107.8
2026-09-05T07:01:09+00:00,Spiko Amundi Overnight Swap Fund (EUR),EURSAFO,1.18,1229005528,66,0.0,1.18,1.17,-0.001216052806651824,-0.10336,1045687476.43203
2026-09-05T07:01:09+00:00,Ethereum Classic,ETC,7.71,1219594336,67,43074017,7.7,7.3,0.154628,1.96083,158067175.1852675
2026-09-05T07:01:09+00:00,Bitway,BTW,0.44616,1207970935,68,10932674,0.466131,0.428104,-0.003586684141569429,-0.84646,2708142280.000001
2026-09-05T07:01:09+00:00,Lighter,LIT,4.63,1158681757,69,179305459,4.9,4.32,0.257349,5.91415,250000000.0
2026-09-05T07:01:09+00:00,Pi Network,PI,0.094219,1049849258,70,6636358,0.096276,0.093657,-0.000792952979242922,-0.80721,11141680597.248924
2026-09-05T07:01:09+00:00,POL (ex-MATIC),POL,0.095167,1018969895,71,61506758,0.095827,0.090957,5.031e-05,0.09546,10708873805.9877
2026-09-05T07:01:09+00:00,KuCoin,KCS,7.06,968603113,72,2692622,7.15,6.98,-0.01884415824180774,-0.27129,137155021.2773955
2026-09-05T07:01:09+00:00,Blockchain Capital,BCAP,106.22,967888430,73,0.0,106.22,106.22,0.0,0.0,9112111.0
2026-09-05T07:01:09+00:00,Quant,QNT,63.96,930229029,74,15699174,67.33,63.43,-1.495547183128238,-2.26051,14544176.164081175
2026-09-05T07:01:09+00:00,Dash,DASH,71.44,915749083,75,600214130,72.29,49.42,20.92,40.82068,12826700.60747006
2026-09-05T07:01:09+00:00,Gate,GT,8.51,906857858,76,2423870,8.59,8.27,-0.06574803984354105,-0.68677,106617146.27485381
2026-09-05T07:01:09+00:00,Arbitrum,ARB,0.133901,894452592,77,220882943,0.141557,0.128668,-0.002267706647958723,-1.60095,6678075931.0
2026-09-05T07:01:09+00:00,JUST,JST,0.108582,889151707,78,14746864,0.109201,0.107852,-0.000127240843171061,-0.07349,8188743036.341737
2026-09-05T07:01:09+00:00,Spiko EU T-Bills Money Market Fund,EUTBL,1.23,882559347,79,0.0,1.23,1.23,-0.001305194085101657,-0.10607,718027528.4955
2026-09-05T07:01:09+00:00,Algorand,ALGO,0.094179,851622583,80,32667682,0.093792,0.089698,0.00162016,1.74255,9038671596.896738
2026-09-05T07:01:09+00:00,Venice Token,VVV,17.73,846957331,81,21401623,18.42,16.91,0.726622,4.24302,47762478.44706732
2026-09-05T07:01:09+00:00,Kaspa,KAS,0.03052707,844866383,82,13181428,0.03049612,0.02892899,0.001276,4.37221,27678662954.183525
2026-09-05T07:01:09+00:00,NEXO,NEXO,0.833401,833210971,83,4108398,0.848838,0.824054,-0.007717064595923362,-0.94084,1000000000.0
2026-09-05T07:01:09+00:00,Cosmos Hub,ATOM,1.56,823362950,84,32033379,1.54,1.47,0.04304069,2.79287,528952037.444603
2026-09-05T07:01:09+00:00,Janus Henderson Anemoy Treasury Fund,JTRSY,1.12,799656135,85,0.0,1.12,1.11,0.000156,0.01399,717141156.78007
2026-09-05T07:01:09+00:00,Invesco Short Duration US Government Securities Fund,USTB,11.2,782184518,86,0.0,11.2,11.2,0.001067,0.00953,69834804.429284
2026-09-05T07:01:09+00:00,Render,RENDER,1.49,772576619,87,37948943,1.48,1.41,0.02977831,2.024,518772101.28269154
2026-09-05T07:01:09+00:00,​​Stable,STABLE,0.02922248,760889100,88,9562122,0.02979714,0.02856697,0.00034652,1.1885,26037535665.0
2026-09-05T07:01:09+00:00,Jupiter,JUP,0.218391,724834173,89,53737183,0.224963,0.213366,-0.004106384537764268,-1.87603,3320312968.08
2026-09-05T07:01:09+00:00,Janus Henderson Anemoy AAA CLO Fund,JAAA,1.048,710966727,90,0.0,1.048,1.048,0.000234,0.02233,678300455.183658
2026-09-05T07:01:09+00:00,GHO,GHO,0.99923,698473371,91,6251454,0.999503,0.998855,0.00028817,0.02949,699000000.0
2026-09-05T07:01:09+00:00,PancakeSwap,CAKE,2.0,640230953,92,80256659,2.04,1.93,0.02552396,1.28887,320770474.28200346
2026-09-05T07:01:09+00:00,Filecoin,FIL,0.771696,637999674,93,72792632,0.776187,0.741382,0.00207262,0.2179,826837556.0
2026-09-05T07:01:09+00:00,Official Trump,TRUMP,2.4,626987968,94,333461702,2.41,2.22,0.0147065,0.51379,261880985.28763402
2026-09-05T07:01:09+00:00,Beldex,BDX,0.07916,623099057,95,10578499,0.079226,0.078654,0.00019684,0.2561,7870507807.637259
2026-09-05T07:01:09+00:00,VeChain,VET,0.00698399,600565643,96,7500623,0.00697425,0.00654972,0.0002658,4.01887,85985041177.0
2026-09-05T07:01:09+00:00,Flare,FLR,0.00668876,580507200,97,2567418,0.00694209,0.00662881,-0.000182189542195659,-2.64594,86797627450.08269
2026-09-05T07:01:09+00:00,SPX6900,SPX,0.603099,561278366,98,22558476,0.672911,0.584905,0.01045731,1.73911,930987335.2481942
2026-09-05T07:01:09+00:00,Curve DAO,CRV,0.358564,557026335,99,63797511,0.381302,0.348013,-0.01363247161883091,-3.6575,1554233166.0
2026-09-05T07:01:09+00:00,XDC Network,XDC,0.02792512,556930431,100,4362160,0.02828502,0.02758866,-0.000239803253306463,-0.86598,19946688440.0
2026-09-05T08:01:00+00:00,Bitcoin,BTC,79716,1600737207016,1,31525437970,81379,78706,-937.7959124666086,-1.16009,20079703.0
2026-09-05T08:01:00+00:00,Ethereum,ETH,2457.48,299906160508,2,14087560562,2543.95,2435.15,-46.609762085406146,-1.86192,122020932.85347287
2026-09-05T08:01:00+00:00,Tether,USDT,1.0,183411900303,3,60186833804,1.0,0.999803,0.00027517,0.0285,183392383062.09265
2026-09-05T08:01:00+00:00,BNB,BNB,738.76,98409871387,4,1073013343,727.38,709.29,24.52,3.46983,133162014.84
2026-09-05T08:01:00+00:00,XRP,XRP,1.4,88059005692,5,2579203671,1.46,1.38,-0.039941603912997836,-2.77061,62744504852.0
2026-09-05T08:01:00+00:00,USDC,USDC,0.999976,74600009595,6,15759483046,1.0,0.999774,0.00014391,0.01536,74601770898.83363
2026-09-05T08:01:00+00:00,Solana,SOL,102.21,59830074049,7,3022637779,104.7,100.4,-1.3592655600403987,-1.31233,585359692.2740679
2026-09-05T08:01:00+00:00,TRON,TRX,0.332657,31578956604,8,367528907,0.332784,0.327679,0.00471919,1.44499,94933696444.65239
2026-09-05T08:01:00+00:00,Figure Heloc,FIGR_HELOC,1.039,23112094310,9,23228809,1.041,1.03,0.00608463,0.5882,22254918397.228
2026-09-05T08:01:00+00:00,Hyperliquid,HYPE,84.55,18809883462,10,1175796661,87.31,83.64,-1.7572851222899004,-2.03667,222445714.07414138
2026-09-05T08:01:00+00:00,Zcash,ZEC,1002.21,16982448368,11,1253204416,1046.3,966.66,34.73,3.515,16912153.2905448
2026-09-05T08:01:00+00:00,Dogecoin,DOGE,0.085549,13328668426,12,838142167,0.088258,0.083882,-0.001474450012943371,-1.67149,155780126383.70517
2026-09-05T08:01:00+00:00,Rain,RAIN,0.0164393,11661776099,13,43377131,0.0169319,0.01638085,-0.000380356604340857,-2.30564,709200784781.7506
2026-09-05T08:01:00+00:00,Monero,XMR,530.12,9969681777,14,170973593,565.05,513.76,-10.50794052175138,-1.98672,18800557.00243103
2026-09-05T08:01:00+00:00,USDS,USDS,0.999658,9816902794,15,191480970,1.0,0.999669,-4.5943405019511e-05,-0.01142,9820307355.391298
2026-09-05T08:01:00+00:00,Chainlink,LINK,11.73,8781015140,16,423984317,12.15,11.48,-0.18578487616612804,-1.60434,748099970.424884
2026-09-05T08:01:00+00:00,WhiteBIT Coin,WBT,73.25,8641248569,17,90940660,74.26,72.4,-0.38407089222616264,-0.53636,117956019.0
2026-09-05T08:01:00+00:00,LEO Token,LEO,9.24,8502207439,18,271787,9.35,9.18,-0.06020478845085897,-0.64692,919857851.9
2026-09-05T08:01:00+00:00,Cardano,ADA,0.213487,8007917447,19,533334813,0.224559,0.209454,-0.006676684840085378,-2.97839,37504333228.36598
2026-09-05T08:01:00+00:00,Stellar,XLM,0.182238,6344293861,20,140388607,0.186742,0.177583,-0.001066048701489547,-0.58804,34802068786.667725
2026-09-05T08:01:00+00:00,Bitcoin Cash,BCH,252.42,5070746167,21,156976093,260.98,245.18,-4.172507524387839,-1.60331,20084853.02165078
2026-09-05T08:01:00+00:00,Dai,DAI,0.999752,4603167083,22,335328889,1.0,0.999606,-0.000146846973768322,-0.01301,4603889758.98586
2026-09-05T08:01:00+00:00,Ethena USDe,USDE,0.999898,4335709665,23,86449088,1.0,0.999666,0.00018174,0.01907,4336170006.107657
2026-09-05T08:01:00+00:00,Canton,CC,0.108893,4301583145,24,9239982,0.113489,0.105739,-0.00206604709340702,-1.86895,39504856814.9666
2026-09-05T08:01:00+00:00,USD1,USD1,0.999571,4238473567,25,1237588576,0.999848,0.999399,-2.863528660191e-06,0.0069,4240300194.726904
2026-09-05T08:01:00+00:00,Litecoin,LTC,53.75,4171737069,26,366864996,53.81,49.83,2.56,4.9571,77572448.05224529
2026-09-05T08:01:00+00:00,Gram (prev. Toncoin),GRAM,1.42,3954905060,27,54420445,1.43,1.35,0.056343,4.05747,2781362864.5148196
2026-09-05T08:01:00+00:00,Uniswap,UNI,6.21,3870242169,28,638831416,6.45,6.07,-0.016135080943087132,-0.34683,623212423.7271129
2026-09-05T08:01:00+00:00,Hedera,HBAR,0.079744,3495789138,29,66369481,0.079822,0.076474,0.00195186,2.49539,43831559705.37135
2026-09-05T08:01:00+00:00,Global Dollar,USDG,1.0,3258524984,30,2114470016,1.0,0.999939,-0.000118879679441131,-0.01712,3258069583.733661
2026-09-05T08:01:00+00:00,Avalanche,AVAX,7.48,3231987407,32,224365755,7.53,7.31,0.00915365,0.12259,431771961.1772119
2026-09-05T08:01:00+00:00,Sui,SUI,0.788822,3231770660,31,509088604,0.782909,0.740488,0.01960452,2.56112,4096537146.5409594
2026-09-05T08:01:00+00:00,Shiba Inu,SHIB,5.39e-06,3172790070,33,77791198,5.41e-06,5.16e-06,7.0975e-08,1.28393,589239321044316.9
2026-09-05T08:01:00+00:00,NEAR Protocol,NEAR,2.23,2911837018,34,605064008,2.29,1.91,0.273529,13.90719,1305478255.0
2026-09-05T08:01:00+00:00,PayPal USD,PYUSD,0.999956,2870478360,35,95873790,1.0,0.999896,-3.7440764317331e-05,-0.00554,2870618340.8931646
2026-09-05T08:01:00+00:00,BlackRock USD Institutional Digital Liquidity Fund,BUIDL,1.0,2832282866,36,0.0,1.0,1.0,0.0,0.0,2832282865.800449
2026-09-05T08:01:00+00:00,Cronos,CRO,0.056402,2737672181,37,5456828,0.058157,0.055622,-0.000542729413170608,-0.97691,48535117487.40355
2026-09-05T08:01:00+00:00,Tether Gold,XAUT,4426.96,2712959665,38,243578736,4477.76,4373.38,-46.73329851705694,-1.05104,612823.6595320001
2026-09-05T08:01:00+00:00,Circle USYC,USYC,1.14,2624340328,39,0.0,1.14,1.14,0.00043142,0.03797,2308988052.650666
2026-09-05T08:01:00+00:00,MemeCore,M,1.12,2546208060,40,1546438,1.14,1.032,0.087099,8.43735,2269266395.1122346
2026-09-05T08:01:00+00:00,Ripple USD,RLUSD,0.999971,2407176962,41,112420647,1.0,0.999785,-1.7991609217227e-05,-0.00522,2407151384.647223
2026-09-05T08:01:00+00:00,OKB,OKB,110.27,2315631300,42,25933000,111.0,106.58,0.808751,0.8046,21000000.0
2026-09-05T08:01:00+00:00,Bittensor,TAO,233.55,2241717586,43,175130396,237.12,220.55,4.88,2.11419,9597491.0
2026-09-05T08:01:00+00:00,Ondo US Dollar Yield,USDY,1.14,2184818457,44,438980,1.15,1.13,0.0054822,-0.0019,1919744421.8351278
2026-09-05T08:01:00+00:00,Aave,AAVE,129.82,2003204726,45,276092770,135.94,128.88,-3.923458363762421,-2.90874,15427186.628433336
2026-09-05T08:01:00+00:00,Aster,ASTER,0.733605,1980501356,46,198363579,0.759111,0.720807,0.01064068,1.47432,2700010975.2797318
2026-09-05T08:01:00+00:00,PAX Gold,PAXG,4434.78,1918038920,47,163775926,4485.6,4381.72,-48.33823537427543,-1.06176,432503.322051
2026-09-05T08:01:00+00:00,Mantle,MNT,0.574527,1897452979,48,25750852,0.591852,0.562658,0.01189649,2.12154,3302294382.53684
2026-09-05T08:01:00+00:00,Ondo,ONDO,0.369452,1799661716,49,127040971,0.376156,0.350126,0.00840588,2.32829,4869330647.0
2026-09-05T08:01:00+00:00,World Liberty Financial,WLFI,0.056546,1798035342,50,35860045,0.058326,0.056129,-0.001356634026165766,-2.39992,31776983128.0
2026-09-05T08:01:00+00:00,Morpho,MORPHO,2.54,1748826300,51,41732723,2.58,2.42,0.055683,2.22204,688601371.7300174
2026-09-05T08:01:00+00:00,Pump.fun,PUMP,0.00420686,1663957506,52,155994861,0.0044048,0.00409649,-0.000139887964471156,-3.3157,395426056058.0716
2026-09-05T08:01:00+00:00,Ethena,ENA,0.164444,1660005598,53,567361431,0.17218,0.161283,-0.00118436595100499,-0.74685,10095312500.0
2026-09-05T08:01:00+00:00,Sky,SKY,0.067666,1584646078,54,8478183,0.06911,0.06671,-0.000748819034851841,-1.1471,23424571788.60085
2026-09-05T08:01:00+00:00,Polkadot,DOT,0.906795,1543011893,55,158713022,0.914549,0.842945,0.03378494,3.8511,1701307332.539608
2026-09-05T08:01:00+00:00,HTX DAO,HTX,1.65e-06,1484699549,56,14006690,1.65e-06,1.63e-06,7.544e-09,0.48923,898232728634017.2
2026-09-05T08:01:00+00:00,USDD,USDD,0.998995,1479401407,57,3921095,0.999407,0.997902,-9.892324737582e-06,-0.03542,1481416031.0
2026-09-05T08:01:00+00:00,Pepe,PEPE,3.52e-06,1478640319,58,303348588,3.71e-06,3.45e-06,-1.08385568732e-07,-3.20911,420690000000000.0
2026-09-05T08:01:00+00:00,Internet Computer,ICP,2.64,1470434991,59,70715540,2.71,2.43,0.11857,4.63985,556205721.952875
2026-09-05T08:01:00+00:00,Worldcoin,WLD,0.391688,1423663208,60,138355258,0.395316,0.370932,0.00242652,0.60451,3633631835.7269206
2026-09-05T08:01:00+00:00,Bitget Token,BGB,1.98,1385551550,61,7936624,2.0,1.95,0.00204233,0.19274,699992029.6481038
2026-09-05T08:01:00+00:00,USDGO,USDGO,1.0,1355388842,62,46586939,1.0,0.999912,-0.000110615302653327,-0.00958,1355454412.77
2026-09-05T08:01:00+00:00,Falcon USD,USDF,0.996523,1339391061,63,664300,0.998229,0.993522,0.00028256,0.02946,1344070422.590452
2026-09-05T08:01:00+00:00,BFUSD,BFUSD,1.0,1320186172,64,4287698,1.0,0.999765,0.0003439,0.03554,1320000000.0
2026-09-05T08:01:00+00:00,United Stables,U,0.999342,1276643373,65,170988264,0.999709,0.998985,9.041e-05,0.00684,1277499107.8
2026-09-05T08:01:00+00:00,Spiko Amundi Overnight Swap Fund (EUR),EURSAFO,1.18,1229005528,66,0.0,1.18,1.17,-0.001153122781872851,-0.09802,1045687476.43203
2026-09-05T08:01:00+00:00,Bitway,BTW,0.450001,1218528069,67,10828007,0.466131,0.428104,-0.005485606868583015,-1.10385,2708142280.000001
2026-09-05T08:01:00+00:00,Ethereum Classic,ETC,7.7,1218485475,68,44234976,7.72,7.3,0.120261,1.58303,158067882.9228675
2026-09-05T08:01:00+00:00,Lighter,LIT,4.62,1155256846,69,181305853,4.9,4.4,0.224293,5.06835,250000000.0
2026-09-05T08:01:00+00:00,Pi Network,PI,0.094463,1052461325,70,6524377,0.096276,0.093657,-0.000698356223759716,-0.73736,11141680597.248924
2026-09-05T08:01:00+00:00,POL (ex-MATIC),POL,0.095165,1019130533,71,61134187,0.095827,0.090957,0.00041214,0.40685,10708873805.9877
2026-09-05T08:01:00+00:00,KuCoin,KCS,7.07,970129256,72,2669243,7.15,6.98,-0.009537124247137818,-0.13848,137155021.2773955
2026-09-05T08:01:00+00:00,Blockchain Capital,BCAP,106.22,967888430,73,0.0,106.22,106.22,-1.4211e-14,0.0,9112111.0
2026-09-05T08:01:00+00:00,Quant,QNT,64.14,933073970,74,14402880,67.33,63.43,-1.1495855414381566,-1.74763,14544176.164081175
2026-09-05T08:01:00+00:00,Gate,GT,8.52,909602099,75,2363880,8.54,8.27,0.03419526,0.38068,106617192.66726792
2026-09-05T08:01:00+00:00,JUST,JST,0.109102,893509785,76,15191990,0.109201,0.107852,0.00040308,0.37575,8188743036.341737
2026-09-05T08:01:00+00:00,Arbitrum,ARB,0.132954,888522694,77,226961486,0.141557,0.128668,-0.004808092519299173,-3.48813,6678075931.0
2026-09-05T08:01:00+00:00,Spiko EU T-Bills Money Market Fund,EUTBL,1.23,882559347,78,0.0,1.23,1.23,-0.001239379734607082,-0.10073,718027528.4955
2026-09-05T08:01:00+00:00,Dash,DASH,66.55,854354244,79,589186218,73.23,49.42,16.73,33.56186,12826803.48295869
2026-09-05T08:01:00+00:00,Algorand,ALGO,0.094011,850333501,80,32330991,0.094286,0.089698,0.00160122,1.76154,9038671596.896738
2026-09-05T08:01:00+00:00,Kaspa,KAS,0.03052003,844887573,81,13593516,0.03070059,0.02892899,0.00129596,4.38577,27678662954.183525
2026-09-05T08:01:00+00:00,Venice Token,VVV,17.65,843150185,82,20883232,18.42,16.91,0.560428,3.35084,47762744.386028394
2026-09-05T08:01:00+00:00,NEXO,NEXO,0.838403,838206744,83,3061011,0.848838,0.824054,0.0003092,-0.02371,1000000000.0
2026-09-05T08:01:00+00:00,Cosmos Hub,ATOM,1.55,822513612,84,32284187,1.56,1.47,0.03952575,2.53928,528959413.707545
2026-09-05T08:01:00+00:00,Janus Henderson Anemoy Treasury Fund,JTRSY,1.12,799656135,85,0.0,1.12,1.12,0.0,0.0,717141156.78007
2026-09-05T08:01:00+00:00,Invesco Short Duration US Government Securities Fund,USTB,11.2,780840040,86,0.0,11.2,11.2,0.001067,0.00953,69714767.139932
2026-09-05T08:01:00+00:00,Render,RENDER,1.48,767883450,87,39384281,1.5,1.41,0.02155897,1.43295,518772101.28269154
2026-09-05T08:01:00+00:00,​​Stable,STABLE,0.0292348,761186253,88,9033896,0.02979714,0.02856697,1.432e-05,-0.07824,26038742455.0
2026-09-05T08:01:00+00:00,Jupiter,JUP,0.218666,726071581,89,52237431,0.224963,0.213366,-0.003527779148517429,-1.57012,3320312968.08
2026-09-05T08:01:00+00:00,Janus Henderson Anemoy AAA CLO Fund,JAAA,1.048,710966727,90,0.0,1.048,1.048,0.0,0.0,678300455.183658
2026-09-05T08:01:00+00:00,GHO,GHO,0.99922,698451627,91,6132177,0.999503,0.998855,0.0003192,0.03167,699000000.0
2026-09-05T08:01:00+00:00,PancakeSwap,CAKE,2.04,654494607,92,84545423,2.04,1.93,0.072898,3.72486,320770474.28200346
2026-09-05T08:01:00+00:00,Official Trump,TRUMP,2.43,635783740,93,343880093,2.42,2.22,0.071857,3.49533,261880985.28763402
2026-09-05T08:01:00+00:00,Filecoin,FIL,0.768567,635678586,94,72574226,0.776187,0.741382,-0.001333080629893457,-0.10868,826838295.0
2026-09-05T08:01:00+00:00,Beldex,BDX,0.079205,623380114,95,10567911,0.079236,0.078654,0.0003072,0.4557,7870508622.044943
2026-09-05T08:01:00+00:00,VeChain,VET,0.00692678,595808418,96,7526118,0.00698825,0.00654972,0.00019041,2.79026,85985041177.0
2026-09-05T08:01:00+00:00,Flare,FLR,0.00668796,580491050,97,2540554,0.00694209,0.00662881,-0.000173234396549707,-2.51239,86797627450.08269
2026-09-05T08:01:00+00:00,SPX6900,SPX,0.601048,562743821,98,22106941,0.672911,0.588615,-0.001343149141177613,-0.66986,930987335.2481942
2026-09-05T08:01:00+00:00,XDC Network,XDC,0.02790731,556627313,99,4317034,0.02828502,0.02758866,-0.000247583904219997,-0.88067,19946688440.0
2026-09-05T08:01:00+00:00,Curve DAO,CRV,0.357406,555598705,100,63471403,0.381302,0.348013,-0.011602174574493418,-3.24538,1554248045.0
2026-09-05T09:01:04+00:00,Bitcoin,BTC,79629,1598873460322,1,30551889523,81379,78706,-1486.3066415279318,-1.83233,20079921.0
2026-09-05T09:01:04+00:00,Ethereum,ETH,2456.03,299670804957,2,13439934699,2543.95,2435.15,-69.75560024490505,-2.76174,122020932.85347287
2026-09-05T09:01:04+00:00,Tether,USDT,1.0,183399081717,3,58957066349,1.0,0.999825,0.00016999,0.017,183392383062.09265
2026-09-05T09:01:04+00:00,BNB,BNB,749.6,99853717848,4,1317728954,739.11,709.29,30.89,4.29773,133162010.54
2026-09-05T09:01:04+00:00,XRP,XRP,1.41,88238437253,5,2524441388,1.46,1.38,-0.04977583547409181,-3.41826,62744504852.0
2026-09-05T09:01:04+00:00,USDC,USDC,0.999941,74597366751,6,15468030615,1.0,0.999774,9.011e-05,0.00901,74601770898.83363
2026-09-05T09:01:04+00:00,Solana,SOL,102.53,60010168380,7,2951520590,104.7,100.4,-1.7937818214278565,-1.71948,585359674.8416728
2026-09-05T09:01:04+00:00,TRON,TRX,0.332771,31594793511,8,367388326,0.333201,0.327679,0.00445353,1.35647,94933696444.65239
2026-09-05T09:01:04+00:00,Figure Heloc,FIGR_HELOC,1.039,23113642386,9,23230469,1.041,1.03,0.00619555,0.60012,22254918397.228
2026-09-05T09:01:04+00:00,Hyperliquid,HYPE,84.7,18839775295,10,1159883206,87.31,83.64,-2.108327165199441,-2.42876,222445714.07414138
2026-09-05T09:01:04+00:00,Zcash,ZEC,1005.2,16997667348,11,1207276710,1046.3,966.84,-17.25432272091109,-1.68753,16912153.2905448
2026-09-05T09:01:04+00:00,Dogecoin,DOGE,0.085777,13360836642,12,835366517,0.088258,0.083882,-0.001858393110638554,-2.12058,155780126383.70517
2026-09-05T09:01:04+00:00,Rain,RAIN,0.01642656,11651805473,13,44258529,0.0169319,0.01638085,-0.000446497502575333,-2.64622,709200784574.6117
2026-09-05T09:01:04+00:00,Monero,XMR,529.42,9952061191,14,155840417,565.05,513.76,-21.882017855418326,-3.96917,18800578.00243103
2026-09-05T09:01:04+00:00,USDS,USDS,0.999627,9817241940,15,197683449,1.0,0.999642,-0.000151908236509235,-0.01519,9820307355.391298
2026-09-05T09:01:04+00:00,Chainlink,LINK,11.78,8810524993,16,413895889,12.15,11.48,-0.2828246539059389,-2.34519,748099970.424884
2026-09-05T09:01:04+00:00,WhiteBIT Coin,WBT,73.16,8629302243,17,87183629,74.26,72.4,-0.9019684101971706,-1.21779,117956019.0
2026-09-05T09:01:04+00:00,LEO Token,LEO,9.27,8526696819,18,272510,9.35,9.18,-0.03404440047551027,-0.36593,919857851.9
2026-09-05T09:01:04+00:00,Cardano,ADA,0.213512,8008330192,19,530173378,0.224559,0.209454,-0.009237541544737715,-4.14706,37504333228.36598
2026-09-05T09:01:04+00:00,Stellar,XLM,0.18277,6359858785,20,137619512,0.186742,0.177583,-0.002726457074717636,-1.46982,34802068658.669426
2026-09-05T09:01:04+00:00,Bitcoin Cash,BCH,252.41,5066748080,21,160924565,260.98,245.18,-6.701417661560043,-2.58629,20084853.02165078
2026-09-05T09:01:04+00:00,Dai,DAI,0.99968,4602471770,22,334797122,1.0,0.999606,-0.00014893593301768,-0.0149,4603943870.839997
2026-09-05T09:01:04+00:00,Ethena USDe,USDE,0.999842,4335851233,23,85419945,1.0,0.99968,7.33e-05,0.00733,4336479584.308658
2026-09-05T09:01:04+00:00,Canton,CC,0.108124,4271510010,24,9202912,0.113489,0.105739,-0.004544807387243763,-4.03378,39505801422.29254
2026-09-05T09:01:04+00:00,USD1,USD1,0.999584,4238691105,25,1225484670,0.999848,0.999529,-1.709623193813e-05,-0.00171,4240300194.726904
2026-09-05T09:01:04+00:00,Litecoin,LTC,53.07,4115935272,26,380078538,54.32,49.83,1.76,3.43902,77572804.30293323
2026-09-05T09:01:04+00:00,Gram (prev. Toncoin),GRAM,1.42,3958202815,27,57096548,1.43,1.35,0.050171,3.65481,2781377302.7343082
2026-09-05T09:01:04+00:00,Uniswap,UNI,6.21,3869290278,28,622191152,6.45,6.07,-0.14911272366221162,-2.34553,623212423.7271129
2026-09-05T09:01:04+00:00,Hedera,HBAR,0.079932,3503370041,29,64857993,0.080252,0.076474,0.00138685,1.76568,43831559705.41527
2026-09-05T09:01:04+00:00,Global Dollar,USDG,1.0,3258473350,30,2013811531,1.0,0.999939,-0.000215057869705104,-0.0215,3258069583.733661
2026-09-05T09:01:04+00:00,Avalanche,AVAX,7.48,3230589074,31,217657792,7.53,7.31,-0.035347201350220736,-0.47008,431771961.1772119
2026-09-05T09:01:04+00:00,Sui,SUI,0.786671,3222181670,32,529111360,0.792998,0.740488,0.01035312,1.33362,4096537146.5409594
2026-09-05T09:01:04+00:00,Shiba Inu,SHIB,5.42e-06,3194688030,33,77458124,5.41e-06,5.16e-06,6.5374e-08,1.22107,589239321044316.9
2026-09-05T09:01:04+00:00,NEAR Protocol,NEAR,2.22,2898310020,34,596549362,2.29,1.91,0.244336,12.36231,1305478239.0
2026-09-05T09:01:04+00:00,PayPal USD,PYUSD,0.99991,2870487364,35,92589783,1.0,0.999896,-0.00013384693921592,-0.01338,2870618340.8931646
2026-09-05T09:01:04+00:00,BlackRock USD Institutional Digital Liquidity Fund,BUIDL,1.0,2832282866,36,0.0,1.0,1.0,0.0,0.0,2832282865.800449
2026-09-05T09:01:04+00:00,Cronos,CRO,0.056205,2727654874,37,5428829,0.058157,0.055622,-0.001244160666162404,-2.16566,48535174323.136894
2026-09-05T09:01:04+00:00,Tether Gold,XAUT,4425.63,2712074401,38,240091695,4470.29,4373.38,-44.78700894591748,-1.00185,612823.6595320001
2026-09-05T09:01:04+00:00,Circle USYC,USYC,1.14,2624340328,39,0.0,1.14,1.14,0.00043142,0.03797,2308988052.650666
2026-09-05T09:01:04+00:00,MemeCore,M,1.12,2551522788,40,1513633,1.14,1.032,0.091007,8.80614,2269281814.8363237
2026-09-05T09:01:04+00:00,Ripple USD,RLUSD,0.999928,2406978652,41,118709907,1.0,0.999785,-0.000130384399424255,-0.01304,2407151384.647227
2026-09-05T09:01:04+00:00,OKB,OKB,110.62,2322616338,42,23472152,111.0,106.58,1.99,1.82814,21000000.0
2026-09-05T09:01:04+00:00,Bittensor,TAO,236.3,2267447125,43,174843042,237.38,220.55,6.56,2.85585,9597491.0
2026-09-05T09:01:04+00:00,Ondo US Dollar Yield,USDY,1.15,2198159852,44,387450,1.15,1.13,0.00379298,0.33236,1919744421.8351278
2026-09-05T09:01:04+00:00,Aster,ASTER,0.749728,2024482568,45,201840541,0.759111,0.720807,0.01495095,2.03476,2700010975.2797318
2026-09-05T09:01:04+00:00,Aave,AAVE,129.65,1999946519,46,273075865,135.94,128.88,-6.028991448410494,-4.44361,15427188.545548879
2026-09-05T09:01:04+00:00,PAX Gold,PAXG,4432.28,1916831488,47,161036686,4479.1,4381.72,-46.918923006574005,-1.04748,432503.322051
2026-09-05T09:01:04+00:00,Mantle,MNT,0.576478,1903679912,48,25573246,0.591852,0.566142,0.01009083,1.78161,3302294382.53684
2026-09-05T09:01:04+00:00,World Liberty Financial,WLFI,0.056587,1797394828,49,36138183,0.058241,0.056129,-0.001644971216765337,-2.82485,31776983128.0
2026-09-05T09:01:04+00:00,Ondo,ONDO,0.36912,1797044563,50,124918441,0.376156,0.350126,0.00121082,0.32911,4869330647.0
2026-09-05T09:01:04+00:00,Morpho,MORPHO,2.53,1740355621,51,41989336,2.58,2.42,0.03329424,1.3359,688602413.6051385
2026-09-05T09:01:04+00:00,Ethena,ENA,0.163868,1654500628,52,552294619,0.17218,0.161283,-0.00598718059020989,-3.52488,10095312500.0
2026-09-05T09:01:04+00:00,Pump.fun,PUMP,0.0041793,1652419263,53,156153988,0.0044048,0.00409649,-0.000168500844699304,-3.87554,395422796390.4383
2026-09-05T09:01:04+00:00,Sky,SKY,0.067426,1579222102,54,7854996,0.06911,0.06671,-0.001477361760918283,-2.1441,23424523098.49012
2026-09-05T09:01:04+00:00,Polkadot,DOT,0.901511,1533775136,55,156288843,0.915055,0.842945,0.02076488,2.35765,1701313585.418153
2026-09-05T09:01:04+00:00,HTX DAO,HTX,1.65e-06,1486076636,56,14300786,1.65e-06,1.63e-06,8.7e-09,0.52863,898232728634017.2
2026-09-05T09:01:04+00:00,Pepe,PEPE,3.52e-06,1481897850,57,299327824,3.71e-06,3.45e-06,-1.53597463326e-07,-4.18046,420690000000000.0
2026-09-05T09:01:04+00:00,USDD,USDD,0.99852,1478735980,58,3928515,0.999588,0.997902,-0.000513519632176052,-0.0514,1480931629.0
2026-09-05T09:01:04+00:00,Internet Computer,ICP,2.65,1474415441,59,73171534,2.71,2.43,0.08862,3.45976,556205721.952875
2026-09-05T09:01:04+00:00,Worldcoin,WLD,0.396465,1440707802,60,130605013,0.395316,0.370932,0.00318729,0.81044,3633633049.8790383
2026-09-05T09:01:04+00:00,Bitget Token,BGB,1.98,1388222133,61,7867511,2.0,1.95,-0.003351510863811136,-0.16871,699992029.6481038
2026-09-05T09:01:04+00:00,USDGO,USDGO,1.0,1355520573,62,48820074,1.0,0.999912,-4.9026278145847e-05,-0.0049,1355454412.77
2026-09-05T09:01:04+00:00,Falcon USD,USDF,0.99647,1339326342,63,678609,0.998229,0.988429,0.00028512,0.02862,1344070422.590452
2026-09-05T09:01:04+00:00,BFUSD,BFUSD,0.999978,1319970755,64,2826498,1.0,0.999788,5.492e-05,0.00549,1320000000.0
2026-09-05T09:01:04+00:00,United Stables,U,0.999387,1276599276,65,164709882,0.999709,0.998985,0.00014431,0.01444,1277499107.8
2026-09-05T09:01:04+00:00,Spiko Amundi Overnight Swap Fund (EUR),EURSAFO,1.18,1229005528,66,0.0,1.18,1.17,-0.000779785254028775,-0.0663,1045687476.43203
2026-09-05T09:01:04+00:00,Ethereum Classic,ETC,7.69,1215759477,67,44378989,7.78,7.3,0.02918862,0.38097,158068232.9772675
2026-09-05T09:01:04+00:00,Bitway,BTW,0.447634,1212161837,68,10926263,0.466131,0.428104,-0.000841607901056141,-0.18766,2708142280.000001
2026-09-05T09:01:04+00:00,Lighter,LIT,4.61,1153258148,69,174231021,4.9,4.49,0.04587154,1.00453,250000000.0
2026-09-05T09:01:04+00:00,Pi Network,PI,0.094462,1052225343,70,6347661,0.096276,0.093657,-0.000874151994407324,-0.91692,11141680597.248924
2026-09-05T09:01:04+00:00,POL (ex-MATIC),POL,0.094398,1010790344,71,60591861,0.095827,0.090957,-0.001045967714441848,-1.0959,10708873805.9877
2026-09-05T09:01:04+00:00,KuCoin,KCS,7.07,970333327,72,2640519,7.15,6.98,-0.0532063141191248,-0.74643,137155021.2773955
2026-09-05T09:01:04+00:00,Blockchain Capital,BCAP,106.22,967888430,73,0.0,106.22,106.22,-1.4211e-14,0.0,9112111.0
2026-09-05T09:01:04+00:00,Quant,QNT,63.94,929772856,74,15579837,67.33,63.43,-1.9557495835409497,-2.96813,14544176.164081175
2026-09-05T09:01:04+00:00,Gate,GT,8.62,919103847,75,2385206,8.54,8.27,0.131363,1.54748,106617244.25511841
2026-09-05T09:01:04+00:00,JUST,JST,0.10919,893810096,76,12052785,0.109245,0.107852,0.00026697,0.2451,8188743036.341737
2026-09-05T09:01:04+00:00,Spiko EU T-Bills Money Market Fund,EUTBL,1.23,882559347,77,0.0,1.23,1.23,-0.000848930708142515,-0.06902,718027528.4955
2026-09-05T09:01:04+00:00,Arbitrum,ARB,0.131947,881213681,78,225797945,0.141557,0.128668,-0.005241279251967768,-3.82049,6678075931.0
2026-09-05T09:01:04+00:00,Dash,DASH,67.34,863453372,79,609920504,73.23,49.42,14.21,26.73414,12826803.48295869
2026-09-05T09:01:04+00:00,Venice Token,VVV,17.82,851377425,80,22288403,18.42,16.91,0.467776,2.69534,47763015.69264831
2026-09-05T09:01:04+00:00,Algorand,ALGO,0.093666,846818387,81,32426417,0.094323,0.089698,0.00116682,1.26145,9038671596.896738
2026-09-05T09:01:04+00:00,Kaspa,KAS,0.03040567,841689593,82,13582423,0.03070059,0.02892899,0.0005844,1.95966,27678662954.183525
2026-09-05T09:01:04+00:00,NEXO,NEXO,0.840602,840013926,83,2958997,0.848838,0.824054,-0.001510876044468645,-0.17941,1000000000.0
2026-09-05T09:01:04+00:00,Cosmos Hub,ATOM,1.56,823862039,84,32316721,1.56,1.47,0.03345461,2.19503,528969422.781447
2026-09-05T09:01:04+00:00,Janus Henderson Anemoy Treasury Fund,JTRSY,1.12,799656135,85,0.0,1.12,1.12,0.0,0.0,717141156.78007
2026-09-05T09:01:04+00:00,Invesco Short Duration US Government Securities Fund,USTB,11.2,780840040,86,0.0,11.2,11.2,0.001067,0.00953,69714767.139932
2026-09-05T09:01:04+00:00,Render,RENDER,1.48,767812331,87,41530566,1.5,1.41,0.00601723,0.40802,518772101.28269154
2026-09-05T09:01:04+00:00,​​Stable,STABLE,0.02923343,761241145,88,9164178,0.02979714,0.02856697,-0.000135127527290571,-0.46011,26040188614.0
2026-09-05T09:01:04+00:00,Jupiter,JUP,0.218448,725281581,89,51066599,0.224963,0.213366,-0.005755073169610353,-2.5669,3320312968.08
2026-09-05T09:01:04+00:00,Janus Henderson Anemoy AAA CLO Fund,JAAA,1.048,710966727,90,0.0,1.048,1.048,0.0,0.0,678300455.183658
2026-09-05T09:01:04+00:00,GHO,GHO,0.999092,698367499,91,6061772,0.999503,0.998855,0.0001693,0.01695,699000000.0
2026-09-05T09:01:04+00:00,PancakeSwap,CAKE,2.1,675088240,92,93871585,2.05,1.93,0.117881,5.93993,320770474.28200346
2026-09-05T09:01:04+00:00,Filecoin,FIL,0.764708,632193041,93,69774723,0.776187,0.741382,-0.007907236188641864,-1.02344,826839762.0
2026-09-05T09:01:04+00:00,Beldex,BDX,0.080105,630314834,94,10722490,0.079297,0.078654,0.00123106,1.5608,7870509045.175634
2026-09-05T09:01:04+00:00,Official Trump,TRUMP,2.39,626365449,95,352032243,2.45,2.22,-0.001421069481411852,-0.05937,261880985.28763402
2026-09-05T09:01:04+00:00,VeChain,VET,0.00690035,593530194,96,7448586,0.00698825,0.00654972,7.498e-05,1.09858,85985041177.0
2026-09-05T09:01:04+00:00,Pons,PONS,0.826034,587935398,97,194666187,0.774281,0.628628,0.150839,22.34016,712104762.0614183
2026-09-05T09:01:04+00:00,Flare,FLR,0.00669964,581424157,98,2621575,0.00694209,0.00662881,-0.000201267372512737,-2.91653,86797627450.08269
2026-09-05T09:01:04+00:00,SPX6900,SPX,0.598617,557273432,99,22732832,0.672911,0.588615,-0.04352902643181167,-6.77868,930987335.2481942
2026-09-05T09:01:04+00:00,Curve DAO,CRV,0.358516,557124549,100,60821135,0.381302,0.348013,-0.01711498804064493,-4.55633,1554248045.0
2026-09-05T09:36:13+00:00,Bitcoin,BTC,79695,1600305345559,1,29471864059,81379,78706,-1370.9221787489223,-1.69111,20079921.0
2026-09-05T09:36:13+00:00,Ethereum,ETH,2457.85,299909665173,2,12331690862,2529.56,2435.15,-68.51143496956001,-2.71187,122020932.85347287
2026-09-05T09:36:13+00:00,Tether,USDT,1.0,183401571137,3,56537531392,1.0,0.999838,0.0001787,0.01787,183392383062.09265
2026-09-05T09:36:13+00:00,BNB,BNB,749.9,99841711982,4,1386005784,751.81,709.29,31.33,4.36035,133162010.54
2026-09-05T09:36:13+00:00,XRP,XRP,1.41,88347298452,5,2390813342,1.46,1.38,-0.04667875291950119,-3.20917,62744504852.0
2026-09-05T09:36:13+00:00,USDC,USDC,0.999951,74599620366,6,15233381157,1.0,0.999774,8.995e-05,0.009,74601770898.83363
2026-09-05T09:36:13+00:00,Solana,SOL,102.59,60051647437,7,2859702880,104.47,100.4,-1.6806808321833557,-1.61184,585359662.4716278
2026-09-05T09:36:13+00:00,TRON,TRX,0.332811,31596609752,8,328125321,0.333201,0.327679,0.00473201,1.44234,94933696444.65239
2026-09-05T09:36:13+00:00,Figure Heloc,FIGR_HELOC,1.039,23113333503,9,23230570,1.041,1.03,,,22254918397.228
2026-09-05T09:36:13+00:00,Hyperliquid,HYPE,84.71,18843795040,10,1129291284,87.31,83.64,-2.0310309613507798,-2.34145,222445714.07414138
2026-09-05T09:36:13+00:00,Zcash,ZEC,1007.6,17035189135,11,1156696567,1046.3,966.84,3.55,0.35407,16912153.2905448
2026-09-05T09:36:13+00:00,Dogecoin,DOGE,0.086067,13407495525,12,783441275,0.087992,0.083882,-0.001756523855491382,-2.00007,155780126383.70517
2026-09-05T09:36:13+00:00,Rain,RAIN,0.01643103,11654475027,13,44555625,0.01690609,0.01638085,-0.00046069330663024,-2.72733,709200784574.6117
2026-09-05T09:36:13+00:00,Monero,XMR,524.86,9867947218,14,151402856,565.05,513.76,-22.462725260044294,-4.10414,18800578.00243103
2026-09-05T09:36:13+00:00,USDS,USDS,0.999682,9817343891,15,195047287,1.0,0.999562,-0.000119330372931326,-0.01194,9820307355.391298
2026-09-05T09:36:13+00:00,Chainlink,LINK,11.84,8855226059,16,410898964,12.08,11.48,-0.24116187714784765,-1.99668,748099970.424884
2026-09-05T09:36:13+00:00,WhiteBIT Coin,WBT,73.21,8635951779,17,82609300,74.23,72.4,-0.8105190079316316,-1.09495,117956019.0
2026-09-05T09:36:13+00:00,LEO Token,LEO,9.27,8526733043,18,272472,9.35,9.18,-0.014701117140141662,-0.15834,919857851.9
2026-09-05T09:36:13+00:00,Cardano,ADA,0.21363,8012043595,19,503699990,0.221917,0.209454,-0.009518703864451833,-4.26563,37504333228.36598
2026-09-05T09:36:13+00:00,Stellar,XLM,0.183226,6374695171,20,136787679,0.185562,0.177583,-0.002567950820899889,-1.38215,34802068565.79633
2026-09-05T09:36:13+00:00,Bitcoin Cash,BCH,251.8,5056288930,21,154454211,260.54,245.18,-7.736403838640996,-2.98091,20084853.02165078
2026-09-05T09:36:13+00:00,Dai,DAI,0.999964,4603423518,22,332363606,1.0,0.999606,0.00021413,0.02142,4603943870.839997
2026-09-05T09:36:13+00:00,Ethena USDe,USDE,0.999876,4336024225,23,84871617,1.0,0.99973,0.00014214,0.01422,4336479584.308658
2026-09-05T09:36:13+00:00,Canton,CC,0.108576,4289405586,24,8923392,0.113489,0.105739,-0.004195577145609516,-3.72042,39505801422.29254
2026-09-05T09:36:13+00:00,USD1,USD1,0.999612,4238671073,25,1191481251,0.999848,0.999466,-7.99096535165e-07,-8e-05,4240300194.726904
2026-09-05T09:36:13+00:00,Litecoin,LTC,53.0,4110795967,26,382949582,54.32,49.83,1.77,3.44911,77572804.30293323
2026-09-05T09:36:13+00:00,Gram (prev. Toncoin),GRAM,1.42,3962527203,27,56046380,1.43,1.35,0.04820112,3.5014,2781384643.3919306
2026-09-05T09:36:13+00:00,Uniswap,UNI,6.3,3930459079,28,573805284,6.38,6.07,-0.05666367156900165,-0.89096,623212423.7271129
2026-09-05T09:36:13+00:00,Hedera,HBAR,0.080402,3524114381,29,64003243,0.080252,0.076474,0.00133927,1.69394,43831559705.41527
2026-09-05T09:36:13+00:00,Global Dollar,USDG,1.0,3258541163,30,1988851084,1.0,0.999939,-0.000120247016108799,-0.01202,3258069583.733661
2026-09-05T09:36:13+00:00,Avalanche,AVAX,7.5,3238026423,31,201307425,7.52,7.31,-0.003441503627050757,-0.04588,431771961.1772119
2026-09-05T09:36:13+00:00,Sui,SUI,0.787868,3227239086,32,517686993,0.792998,0.740488,0.01110286,1.42937,4096537146.5409594
2026-09-05T09:36:13+00:00,Shiba Inu,SHIB,5.4e-06,3182793333,33,68530547,5.43e-06,5.16e-06,4.5963e-08,0.85817,589239321044316.9
2026-09-05T09:36:13+00:00,NEAR Protocol,NEAR,2.22,2897447088,34,583361394,2.29,1.91,0.217027,10.8415,1305478230.0
2026-09-05T09:36:13+00:00,PayPal USD,PYUSD,0.999944,2870505355,35,92406763,1.0,0.999865,-7.5442209817145e-05,-0.00754,2870618340.8931646
2026-09-05T09:36:13+00:00,BlackRock USD Institutional Digital Liquidity Fund,BUIDL,1.0,2832282866,36,0.0,1.0,1.0,1.11e-16,0.0,2832282865.800449
2026-09-05T09:36:13+00:00,Cronos,CRO,0.056217,2728602805,37,5147961,0.058157,0.055622,-0.001654341502121147,-2.85867,48535202127.27517
2026-09-05T09:36:13+00:00,Tether Gold,XAUT,4426.27,2712557349,38,236604742,4469.49,4373.38,-33.75752139837823,-0.75689,612823.6595320001
2026-09-05T09:36:13+00:00,Circle USYC,USYC,1.14,2624340328,39,0.0,1.14,1.14,0.00043142,0.03797,2308988052.650666
2026-09-05T09:36:13+00:00,MemeCore,M,1.12,2547518973,40,1556373,1.14,1.051,0.085231,8.20923,2269297264.564439
2026-09-05T09:36:13+00:00,Ripple USD,RLUSD,0.999964,2407064112,41,118209332,1.0,0.999785,-1.313875608222e-05,-0.00131,2407151384.647227
2026-09-05T09:36:13+00:00,OKB,OKB,111.54,2341830949,42,23335371,111.51,106.58,1.61,1.46855,21000000.0
2026-09-05T09:36:13+00:00,Bittensor,TAO,235.73,2263445027,43,181049022,237.38,220.55,4.89,2.11973,9597491.0
2026-09-05T09:36:13+00:00,Ondo US Dollar Yield,USDY,1.14,2197730120,44,374601,1.15,1.13,0.00322345,0.28237,1919744421.8351278
2026-09-05T09:36:13+00:00,Aster,ASTER,0.754746,2038727693,45,198412427,0.759111,0.720807,0.01063891,1.42976,2700010975.2797318
2026-09-05T09:36:13+00:00,Aave,AAVE,129.97,2004922365,46,237370069,135.78,128.88,-4.667001572766196,-3.46629,15427188.916196572
2026-09-05T09:36:13+00:00,PAX Gold,PAXG,4432.35,1917038709,47,159515408,4476.76,4381.72,-35.00412540296202,-0.78355,432503.322051
2026-09-05T09:36:13+00:00,Mantle,MNT,0.575593,1900922141,48,25697868,0.591852,0.568021,0.00786528,1.3854,3302294382.53684
2026-09-05T09:36:13+00:00,World Liberty Financial,WLFI,0.056538,1797506421,49,32738992,0.057687,0.056129,-0.001040848920256285,-1.80768,31776983128.0
2026-09-05T09:36:13+00:00,Ondo,ONDO,0.367992,1792172457,50,123405302,0.376156,0.350126,0.00051623,0.14048,4869330647.0
2026-09-05T09:36:13+00:00,Morpho,MORPHO,2.53,1743424641,51,41464239,2.58,2.42,0.01972527,0.78519,688603455.4802595
2026-09-05T09:36:13+00:00,Pump.fun,PUMP,0.00418453,1654651410,52,153210933,0.0044048,0.00409649,-0.000118130077059768,-2.74551,395422796390.4383
2026-09-05T09:36:13+00:00,Ethena,ENA,0.163476,1650287129,53,540930553,0.171626,0.161283,-0.007415501548512393,-4.3393,10095312500.0
2026-09-05T09:36:13+00:00,Sky,SKY,0.067343,1577771249,54,8037827,0.068933,0.06671,-0.001432319450238348,-2.08259,23424474536.54553
2026-09-05T09:36:13+00:00,Polkadot,DOT,0.903424,1537137129,55,146952326,0.915055,0.842945,0.02630507,2.99903,1701313585.418153
2026-09-05T09:36:13+00:00,HTX DAO,HTX,1.66e-06,1487058159,56,14482922,1.66e-06,1.63e-06,1.0031e-08,0.60933,898232728634017.2
2026-09-05T09:36:13+00:00,Pepe,PEPE,3.53e-06,1486120610,57,272057345,3.71e-06,3.45e-06,-1.41539953563e-07,-3.85168,420690000000000.0
2026-09-05T09:36:13+00:00,USDD,USDD,0.998529,1478729197,58,3912535,0.999588,0.997902,-0.000529544987139419,-0.053,1480912913.0
2026-09-05T09:36:13+00:00,Internet Computer,ICP,2.65,1472189321,59,72000568,2.71,2.43,0.061826,2.39232,556205721.952875
2026-09-05T09:36:13+00:00,Worldcoin,WLD,0.396254,1440052964,60,136883325,0.396576,0.370932,0.00269348,0.68439,3633633049.8790383
2026-09-05T09:36:13+00:00,Bitget Token,BGB,2.01,1410336613,61,8796399,2.0,1.95,0.02284166,1.14667,699992029.6481038
2026-09-05T09:36:13+00:00,USDGO,USDGO,0.999973,1355511914,62,48233947,1.0,0.999896,-5.7531440201708e-05,-0.00575,1355454412.77
2026-09-05T09:36:13+00:00,Falcon USD,USDF,0.996594,1339505841,63,611447,0.998229,0.988429,0.00041114,0.04127,1344070422.590452
2026-09-05T09:36:13+00:00,BFUSD,BFUSD,0.999974,1319988398,64,2824270,1.0,0.999799,0.00015549,0.01555,1320000000.0
2026-09-05T09:36:13+00:00,United Stables,U,0.999282,1276602788,65,162489062,0.999709,0.998985,7.21e-06,0.00072,1277499107.8
2026-09-05T09:36:13+00:00,Spiko Amundi Overnight Swap Fund (EUR),EURSAFO,1.18,1229005528,66,0.0,1.18,1.17,-0.000558356304640961,-0.04748,1045687476.43203
2026-09-05T09:36:13+00:00,Ethereum Classic,ETC,7.67,1212509866,67,43245234,7.78,7.3,0.00057618,0.00751,158068232.9772675
2026-09-05T09:36:13+00:00,Bitway,BTW,0.445913,1208267868,68,10763732,0.467435,0.428104,-0.002094259350902627,-0.46746,2708142280.000001
2026-09-05T09:36:13+00:00,Lighter,LIT,4.61,1154094938,69,170662614,4.9,4.51,0.064044,1.40769,250000000.0
2026-09-05T09:36:13+00:00,Pi Network,PI,0.095167,1060227752,70,6394472,0.096276,0.093657,2.98713e-07,0.00031,11141680597.248924
2026-09-05T09:36:13+00:00,POL (ex-MATIC),POL,0.094404,1011013330,71,56053188,0.09572,0.090957,8.403e-05,0.08909,10708873805.9877
2026-09-05T09:36:13+00:00,KuCoin,KCS,7.08,971108808,72,2600877,7.15,6.98,-0.04570354285195233,-0.64138,137155021.2773955
2026-09-05T09:36:13+00:00,Blockchain Capital,BCAP,106.22,967888430,73,0.0,106.22,106.22,-1.4211e-14,0.0,9112111.0
2026-09-05T09:36:13+00:00,Quant,QNT,63.98,930519338,74,15174249,67.33,63.43,-1.8937120974847232,-2.8749,14544176.164081175
2026-09-05T09:36:13+00:00,Gate,GT,8.65,923124443,75,1495470,8.65,8.27,0.160456,1.88953,106617244.25511841
2026-09-05T09:36:13+00:00,JUST,JST,0.109011,892825509,76,18013847,0.109253,0.107852,0.0003352,0.30844,8188743036.341737
2026-09-05T09:36:13+00:00,Arbitrum,ARB,0.133176,886645755,77,227893894,0.140499,0.128668,-0.007409716926099569,-5.27059,6678075931.0
2026-09-05T09:36:13+00:00,Spiko EU T-Bills Money Market Fund,EUTBL,1.23,882559347,78,0.0,1.23,1.23,-0.000617352816097316,-0.0502,718027528.4955
2026-09-05T09:36:13+00:00,Venice Token,VVV,17.98,858709144,79,23122750,18.42,16.91,0.687992,3.97758,47763001.18352393
2026-09-05T09:36:13+00:00,Dash,DASH,66.79,856449766,80,584756698,73.23,49.42,13.78,25.98413,12826803.48295869
2026-09-05T09:36:13+00:00,Algorand,ALGO,0.09361,846049478,81,32275915,0.094323,0.089698,0.00097765,1.05541,9038671596.896738
2026-09-05T09:36:13+00:00,NEXO,NEXO,0.83768,838231836,83,2852134,0.84726,0.824054,-0.009986990426109288,-1.17817,1000000000.0
2026-09-05T09:36:13+00:00,Kaspa,KAS,0.03026065,837665418,82,13399062,0.03070059,0.02892899,0.00043652,1.46363,27678662954.183525
2026-09-05T09:36:13+00:00,Cosmos Hub,ATOM,1.55,817612004,84,31683921,1.56,1.47,0.02502734,1.64591,528969422.781447
2026-09-05T09:36:13+00:00,Janus Henderson Anemoy Treasury Fund,JTRSY,1.12,799656135,85,0.0,1.12,1.12,0.0,0.0,717141156.78007
2026-09-05T09:36:13+00:00,Invesco Short Duration US Government Securities Fund,USTB,11.2,780840040,86,0.0,11.2,11.2,0.001067,0.00953,69714767.139932
2026-09-05T09:36:13+00:00,Render,RENDER,1.49,770479792,87,41998234,1.5,1.41,0.01505833,1.02436,518772101.28269154
2026-09-05T09:36:13+00:00,​​Stable,STABLE,0.02914722,759123660,88,9164937,0.02979714,0.02856697,-4.4526415917154e-05,-0.15253,26040705761.0
2026-09-05T09:36:13+00:00,Jupiter,JUP,0.219205,727836821,89,50707964,0.222924,0.213366,-0.004699922640475335,-2.09907,3320312968.08
2026-09-05T09:36:13+00:00,Janus Henderson Anemoy AAA CLO Fund,JAAA,1.048,710966727,90,0.0,1.048,1.048,0.0,0.0,678300455.183658
2026-09-05T09:36:13+00:00,GHO,GHO,0.999145,698414508,91,6027756,0.999503,0.998855,0.00020772,0.02079,699000000.0
2026-09-05T09:36:13+00:00,PancakeSwap,CAKE,2.14,686358227,92,98726307,2.11,1.93,0.151214,7.59771,320770474.28200346
2026-09-05T09:36:13+00:00,Filecoin,FIL,0.766784,634067622,93,71042597,0.774915,0.741382,-0.00720086058245728,-0.93036,826840424.0
2026-09-05T09:36:13+00:00,Beldex,BDX,0.080114,630511824,94,10724052,0.080143,0.078654,0.00123435,1.56485,7870509382.000912
2026-09-05T09:36:13+00:00,Official Trump,TRUMP,2.38,624458039,95,361220576,2.45,2.22,-0.003585608285864517,-0.15012,261880985.28763402
2026-09-05T09:36:13+00:00,Pons,PONS,0.864855,615120562,96,204227903,0.848949,0.628628,0.18473,27.16123,712104762.0614183
2026-09-05T09:36:13+00:00,VeChain,VET,0.00690821,593994289,97,7035004,0.00698825,0.00654972,0.00010823,1.59156,85985041177.0
2026-09-05T09:36:13+00:00,Flare,FLR,0.0067136,583170487,98,2578475,0.00691482,0.00662881,-0.000215855474337493,-3.11504,86797627450.08269
2026-09-05T09:36:13+00:00,Curve DAO,CRV,0.360333,560059555,99,58967024,0.374792,0.348013,-0.01865389800371503,-4.92205,1554276707.0
2026-09-05T09:36:13+00:00,SPX6900,SPX,0.597203,556192513,100,18681250,0.672796,0.588615,-0.06120817456536498,-9.29634,930987335.2481942
2026-09-05T10:01:11+00:00,Bitcoin,BTC,79621,1598791385864,1,29165114347,81379,78706,-1428.8720453005226,-1.76295,20079921.0
2026-09-05T10:01:11+00:00,Ethereum,ETH,2458.39,299980663846,2,12239832736,2529.56,2435.15,-62.780056618206345,-2.49012,122020932.85347287
2026-09-05T10:01:11+00:00,Tether,USDT,1.0,183395912537,3,56017249510,1.0,0.999838,0.00017084,0.01709,183392383062.09265
2026-09-05T10:01:11+00:00,BNB,BNB,747.75,99580223455,4,1410705996,751.81,709.29,29.11,4.05096,133162005.38
2026-09-05T10:01:11+00:00,XRP,XRP,1.41,88235045876,5,2350794725,1.46,1.38,-0.045942566587800826,-3.16359,62744504852.0
2026-09-05T10:01:11+00:00,USDC,USDC,0.99994,74597412824,6,15062438478,1.0,0.999774,9.353e-05,0.00935,74601770898.83363
2026-09-05T10:01:11+00:00,Solana,SOL,102.54,60023605837,7,2832351533,104.47,100.4,-1.5178448786565042,-1.45867,585359644.8411102
2026-09-05T10:01:11+00:00,TRON,TRX,0.332196,31534937247,8,330001258,0.333201,0.327679,0.00427253,1.30291,94933696444.65239
2026-09-05T10:01:11+00:00,Figure Heloc,FIGR_HELOC,1.039,23114055898,9,23230988,1.041,1.03,,,22254918397.228
2026-09-05T10:01:11+00:00,Hyperliquid,HYPE,84.82,18863615981,10,1133467893,87.31,83.64,-2.0619956512880577,-2.3733,222445714.07414138
2026-09-05T10:01:11+00:00,Zcash,ZEC,1009.86,17076298032,11,1148995215,1046.3,966.84,6.26,0.62349,16912153.2905448
2026-09-05T10:01:11+00:00,Dogecoin,DOGE,0.086035,13401686732,12,778279813,0.087992,0.083882,-0.001661267422540247,-1.89435,155780126383.70517
2026-09-05T10:01:11+00:00,Rain,RAIN,0.01644479,11658687301,13,32356996,0.01690609,0.01638085,-0.000425143452356797,-2.52013,709200784574.6117
2026-09-05T10:01:11+00:00,Monero,XMR,524.54,9863187117,14,143131022,565.05,513.76,-38.1208058738722,-6.77511,18800591.80240712
2026-09-05T10:01:11+00:00,USDS,USDS,0.999763,9810193882,15,188626794,1.0,0.999562,-3.9965304594936e-05,-0.004,9812477352.352877
2026-09-05T10:01:11+00:00,Chainlink,LINK,11.81,8832403508,16,404598228,12.08,11.48,-0.23825771008806917,-1.97825,748099970.424884
2026-09-05T10:01:11+00:00,WhiteBIT Coin,WBT,73.19,8632618220,17,83263315,74.23,72.4,-0.792584757512202,-1.07138,117956019.0
2026-09-05T10:01:11+00:00,LEO Token,LEO,9.27,8526794842,18,271539,9.35,9.18,-0.01662397847314878,-0.17902,919857851.9
2026-09-05T10:01:11+00:00,Cardano,ADA,0.213357,8001534417,19,496708423,0.221917,0.209454,-0.007729358841516237,-3.49609,37504333228.36598
2026-09-05T10:01:11+00:00,Stellar,XLM,0.183103,6372784817,20,135737322,0.185562,0.177583,-0.00228413145142542,-1.23209,34802068406.38587
2026-09-05T10:01:11+00:00,Bitcoin Cash,BCH,251.82,5058009000,21,153446736,260.54,245.18,-8.109062175716218,-3.11975,20085149.89665078
2026-09-05T10:01:11+00:00,Dai,DAI,0.999755,4596242885,22,328872733,1.0,0.999606,-5.0863261124245e-05,-0.00509,4597347473.113773
2026-09-05T10:01:11+00:00,Ethena USDe,USDE,0.999878,4336375730,23,85346024,1.0,0.99973,0.00014816,0.01482,4336882845.473658
2026-09-05T10:01:11+00:00,Canton,CC,0.108619,4291099151,24,8858320,0.113489,0.105739,-0.004779959473144621,-4.21515,39505801422.29254
2026-09-05T10:01:11+00:00,USD1,USD1,0.999582,4238595537,25,1193732421,0.999848,0.999466,-1.8747021896526e-05,-0.00188,4240300194.726904
2026-09-05T10:01:11+00:00,Litecoin,LTC,53.08,4117279263,26,387313191,54.32,49.83,1.89,3.69495,77572804.30293323
2026-09-05T10:01:11+00:00,Uniswap,UNI,6.36,3966048856,27,595939661,6.38,6.07,0.03426964,0.54145,623212423.7271129
2026-09-05T10:01:11+00:00,Gram (prev. Toncoin),GRAM,1.42,3953412444,28,56907217,1.43,1.35,0.0433656,3.14695,2781398520.3207674
2026-09-05T10:01:11+00:00,Hedera,HBAR,0.080403,3524301993,29,66697806,0.080252,0.076474,0.00131161,1.65835,43831559705.459175
2026-09-05T10:01:11+00:00,Global Dollar,USDG,1.0,3258392407,30,1965825200,1.0,0.999939,-3.2800643126052e-05,-0.00328,3258037863.284672
2026-09-05T10:01:11+00:00,Avalanche,AVAX,7.5,3238307719,31,206114823,7.52,7.31,0.00725228,0.09677,431771961.1772119
2026-09-05T10:01:11+00:00,Sui,SUI,0.784759,3215034986,32,515228376,0.792998,0.740488,0.00944367,1.21804,4096537146.5409594
2026-09-05T10:01:11+00:00,Shiba Inu,SHIB,5.4e-06,3179190626,33,68838872,5.43e-06,5.16e-06,4.107e-08,0.76692,589239321044316.9
2026-09-05T10:01:11+00:00,NEAR Protocol,NEAR,2.23,2914473799,34,562317112,2.29,1.91,0.210805,10.42709,1305478215.0
2026-09-05T10:01:11+00:00,PayPal USD,PYUSD,0.999997,2870623501,35,89000577,1.0,0.999865,-2.0349679526688e-05,-0.00203,2870618340.8931646
2026-09-05T10:01:11+00:00,BlackRock USD Institutional Digital Liquidity Fund,BUIDL,1.0,2832282866,36,0.0,1.0,1.0,0.0,0.0,2832282865.800449
2026-09-05T10:01:11+00:00,Cronos,CRO,0.056336,2734406659,37,5180909,0.058157,0.055622,-0.001437232554695633,-2.4877,48535255528.469955
2026-09-05T10:01:11+00:00,Tether Gold,XAUT,4425.02,2711816752,38,235027092,4469.49,4373.38,-35.14451757835377,-0.78796,612823.6595320001
2026-09-05T10:01:11+00:00,Circle USYC,USYC,1.14,2624340328,39,0.0,1.14,1.14,0.00043142,0.03797,2308988052.650666
2026-09-05T10:01:11+00:00,MemeCore,M,1.12,2542679767,40,1453728,1.14,1.051,0.063212,5.97887,2269297264.564439
2026-09-05T10:01:11+00:00,Ripple USD,RLUSD,0.999912,2406971054,41,116923286,1.0,0.999785,9.15e-06,0.00092,2407151384.647229
2026-09-05T10:01:11+00:00,OKB,OKB,111.52,2341775889,42,23586111,111.51,106.58,2.2,2.01621,21000000.0
2026-09-05T10:01:11+00:00,Bittensor,TAO,235.92,2264126431,43,179251115,237.38,220.55,5.4,2.34215,9597491.0
2026-09-05T10:01:11+00:00,Ondo US Dollar Yield,USDY,1.14,2197759261,44,372991,1.15,1.13,0.00535631,0.47008,1919744421.8351278
2026-09-05T10:01:11+00:00,Aster,ASTER,0.757236,2044393026,45,198495539,0.759111,0.720807,0.00733994,0.97879,2700010975.2797318
2026-09-05T10:01:11+00:00,Aave,AAVE,130.46,2012229906,46,238625847,135.78,128.88,-3.43944817225227,-2.56864,15427188.916196572
2026-09-05T10:01:11+00:00,PAX Gold,PAXG,4432.89,1917250724,47,158612317,4476.76,4381.72,-36.43085304559736,-0.81513,432503.322051
2026-09-05T10:01:11+00:00,Mantle,MNT,0.576577,1904032610,48,25535596,0.591852,0.568021,0.00473184,0.82747,3302294382.53684
2026-09-05T10:01:11+00:00,World Liberty Financial,WLFI,0.056539,1796908676,49,32326162,0.057687,0.056129,-0.000931400379957231,-1.62067,31776983128.0
2026-09-05T10:01:11+00:00,Ondo,ONDO,0.368144,1792605695,50,124042463,0.376156,0.350126,0.00136217,0.37139,4869330647.0
2026-09-05T10:01:11+00:00,Morpho,MORPHO,2.54,1747472130,51,41882113,2.58,2.42,0.05217,2.09949,688604497.3553805
2026-09-05T10:01:11+00:00,Pump.fun,PUMP,0.00419068,1656873417,52,151069073,0.0044048,0.00409649,-5.9746550062873e-05,-1.40566,395422796390.4383
2026-09-05T10:01:11+00:00,Ethena,ENA,0.163612,1651039255,53,533027570,0.171626,0.161283,-0.006916803919890496,-4.0561,10095312500.0
2026-09-05T10:01:11+00:00,Sky,SKY,0.067443,1579476915,54,8005616,0.068933,0.06671,-0.001223637157596866,-1.78199,23424474536.54553
2026-09-05T10:01:11+00:00,Polkadot,DOT,0.913493,1553536906,55,147054102,0.915055,0.842945,0.03742461,4.27188,1701320476.349738
2026-09-05T10:01:11+00:00,Pepe,PEPE,3.54e-06,1487277065,56,274374869,3.71e-06,3.45e-06,-1.26580459103e-07,-3.45421,420690000000000.0
2026-09-05T10:01:11+00:00,HTX DAO,HTX,1.66e-06,1487134359,57,14424438,1.66e-06,1.63e-06,1.0918e-08,0.66384,898232728634017.2
2026-09-05T10:01:11+00:00,USDD,USDD,0.998502,1478034189,58,3273955,0.999588,0.997902,-0.000563763540468942,-0.05643,1480233039.0
2026-09-05T10:01:11+00:00,Internet Computer,ICP,2.64,1467703653,59,70810969,2.71,2.43,0.060655,2.35274,556205721.952875
2026-09-05T10:01:11+00:00,Worldcoin,WLD,0.398023,1446117593,60,138039374,0.396576,0.370932,0.00514523,1.30963,3633634114.806736
2026-09-05T10:01:11+00:00,Bitget Token,BGB,2.01,1405436184,61,9053964,2.0,1.95,0.01356579,0.68027,699992029.6481038
2026-09-05T10:01:11+00:00,USDGO,USDGO,0.999977,1355406894,62,48560331,1.0,0.999896,-7.9455267917528e-05,-0.00795,1355454412.77
2026-09-05T10:01:11+00:00,Falcon USD,USDF,0.996523,1339411351,63,704281,0.998229,0.988429,0.00028433,0.02854,1344070422.590452
2026-09-05T10:01:11+00:00,BFUSD,BFUSD,0.999956,1319947137,64,2831491,1.0,0.999799,0.00015385,0.01539,1320000000.0
2026-09-05T10:01:11+00:00,United Stables,U,0.999267,1276568931,65,157282560,0.999709,0.998985,5.587e-05,0.00559,1277499107.8
2026-09-05T10:01:11+00:00,Spiko Amundi Overnight Swap Fund (EUR),EURSAFO,1.18,1229005528,66,0.0,1.18,1.17,-0.00041351581753446,-0.03517,1045687476.43203
2026-09-05T10:01:11+00:00,Bitway,BTW,0.449098,1215798351,67,10670207,0.467435,0.428104,-0.000242647222201131,-0.054,2708142280.000001
2026-09-05T10:01:11+00:00,Ethereum Classic,ETC,7.69,1215501404,68,43608269,7.78,7.3,0.02653632,0.34618,158068650.0524675
2026-09-05T10:01:11+00:00,Lighter,LIT,4.61,1151840614,69,169426714,4.9,4.51,0.03601292,0.78772,250000000.0
2026-09-05T10:01:11+00:00,Pi Network,PI,0.09499,1058543441,70,6337198,0.096276,0.093657,-0.000354767052059474,-0.37209,11141680597.248924
2026-09-05T10:01:11+00:00,POL (ex-MATIC),POL,0.0945,1012128908,71,50995373,0.09572,0.090957,-2.0198575567662e-05,-0.02137,10708873805.9877
2026-09-05T10:01:11+00:00,KuCoin,KCS,7.09,972167428,72,2587701,7.15,6.98,-0.04347384381612063,-0.60979,137155021.2773955
2026-09-05T10:01:11+00:00,Blockchain Capital,BCAP,106.22,967888430,73,0.0,106.22,106.22,0.0,0.0,9112111.0
2026-09-05T10:01:11+00:00,Quant,QNT,64.05,931512320,74,15129437,67.33,63.43,-2.17379885771399,-3.2826,14544176.164081175
2026-09-05T10:01:11+00:00,Gate,GT,8.73,930379239,75,1559527,8.65,8.27,0.244561,2.88348,106617313.36723351
2026-09-05T10:01:11+00:00,Arbitrum,ARB,0.135842,907849366,76,234069680,0.140499,0.128668,-0.004526096242607275,-3.22445,6678075931.0
2026-09-05T10:01:11+00:00,JUST,JST,0.10908,893192026,77,18080014,0.109253,0.107852,0.00036904,0.33947,8188743036.341737
2026-09-05T10:01:11+00:00,Spiko EU T-Bills Money Market Fund,EUTBL,1.23,882559347,78,0.0,1.23,1.23,-0.000465873730911337,-0.03789,718027528.4955
2026-09-05T10:01:11+00:00,Venice Token,VVV,18.02,860748191,79,23311906,18.42,16.91,0.766988,4.44521,47763285.77890704
2026-09-05T10:01:11+00:00,Dash,DASH,66.9,857915026,80,595381669,73.23,49.42,14.03,26.5273,12826803.48295869
2026-09-05T10:01:11+00:00,Algorand,ALGO,0.093791,848239799,81,32657987,0.094323,0.089698,0.00120951,1.30643,9038671596.896738
2026-09-05T10:01:11+00:00,NEXO,NEXO,0.840999,841154368,82,2759956,0.84726,0.824054,-0.000810069221682586,-0.09623,1000000000.0
2026-09-05T10:01:11+00:00,Kaspa,KAS,0.030314,839163389,83,13445774,0.03070059,0.02892899,0.00050386,1.69022,27678662954.183525
2026-09-05T10:01:11+00:00,Cosmos Hub,ATOM,1.54,816201267,84,31636808,1.56,1.47,0.01888593,1.23905,528974894.488581
2026-09-05T10:01:11+00:00,Janus Henderson Anemoy Treasury Fund,JTRSY,1.12,799656135,85,0.0,1.12,1.12,0.0,0.0,717141156.78007
2026-09-05T10:01:11+00:00,Invesco Short Duration US Government Securities Fund,USTB,11.2,775001907,86,0.0,11.2,11.2,0.001067,0.00953,69193528.399223
2026-09-05T10:01:11+00:00,Render,RENDER,1.48,767710448,87,42347791,1.5,1.41,0.00986168,0.67088,518772101.28269154
2026-09-05T10:01:11+00:00,​​Stable,STABLE,0.02916681,759900160,88,9125775,0.02979714,0.02856697,-0.000380763316360198,-1.28865,26041435528.0
2026-09-05T10:01:11+00:00,Jupiter,JUP,0.218856,726800817,89,50453888,0.222924,0.213366,-0.0040290607565234,-1.80769,3320312968.08
2026-09-05T10:01:11+00:00,Janus Henderson Anemoy AAA CLO Fund,JAAA,1.048,710966727,90,0.0,1.048,1.048,0.0,0.0,678300455.183658
2026-09-05T10:01:11+00:00,GHO,GHO,0.999265,698489000,91,6026835,0.999503,0.998855,0.00035669,0.03571,699000000.0
2026-09-05T10:01:11+00:00,PancakeSwap,CAKE,2.13,684214172,92,103325030,2.11,1.93,0.137955,6.91307,320770474.28200346
2026-09-05T10:01:11+00:00,Filecoin,FIL,0.769167,636042104,93,70885628,0.774915,0.741382,-0.004983769218135481,-0.64377,826841756.0
2026-09-05T10:01:11+00:00,Beldex,BDX,0.07998,629447804,94,10734925,0.080143,0.078654,0.00112214,1.423,7870509805.135254
2026-09-05T10:01:11+00:00,Pons,PONS,0.873042,622542392,95,210192282,0.848949,0.628628,0.195397,28.83472,712104762.0614183
2026-09-05T10:01:11+00:00,Official Trump,TRUMP,2.37,621502376,96,363220053,2.45,2.22,-0.010155499765274634,-0.42598,261880985.28763402
2026-09-05T10:01:11+00:00,VeChain,VET,0.00690027,593166857,97,7216972,0.00698825,0.00654972,9.06e-05,1.33049,85985041177.0
2026-09-05T10:01:11+00:00,Flare,FLR,0.0066756,579487418,98,2489780,0.00691482,0.00662881,-0.000239167922120946,-3.4588,86797627450.08269
2026-09-05T10:01:11+00:00,Curve DAO,CRV,0.360832,561438448,99,59553450,0.374792,0.348013,-0.013954769045336768,-3.72339,1554276707.0
2026-09-05T10:01:11+00:00,SPX6900,SPX,0.597171,555947180,100,17457235,0.672796,0.588615,-0.0737964445756839,-10.99851,930987335.2481942
2026-09-05T11:01:03+00:00,Bitcoin,BTC,79636,1599088497484,1,28614924092,81379,78706,-1516.0695209474798,-1.86818,20079921.0
2026-09-05T11:01:03+00:00,Ethereum,ETH,2455.29,299609301951,2,11914568185,2529.56,2435.15,-70.27684826773748,-2.78262,122020932.85347287
2026-09-05T11:01:03+00:00,Tether,USDT,1.0,183401447154,3,54928155469,1.0,0.999868,7.975e-05,0.00797,183392383062.09265
2026-09-05T11:01:03+00:00,BNB,BNB,748.89,99728336689,4,1443590117,751.81,709.29,26.91,3.72665,133161999.62
2026-09-05T11:01:03+00:00,XRP,XRP,1.41,88251617202,5,2302283338,1.46,1.38,-0.04258491578888268,-2.93884,62744504852.0
2026-09-05T11:01:03+00:00,USDC,USDC,0.999982,74603248867,6,14529684116,1.0,0.999774,7.246e-05,0.00725,74604270031.55617
2026-09-05T11:01:03+00:00,Solana,SOL,102.6,60058525344,7,2793649438,104.47,100.4,-1.5096056064872982,-1.45003,585359600.5284253
2026-09-05T11:01:03+00:00,TRON,TRX,0.332743,31587204459,8,330470807,0.333201,0.327679,0.00426975,1.29988,94933696444.65239
2026-09-05T11:01:03+00:00,Figure Heloc,FIGR_HELOC,1.039,23113296796,9,23230122,1.041,1.03,,,22254918397.228
2026-09-05T11:01:03+00:00,Hyperliquid,HYPE,84.7,18841483864,10,1111673852,87.31,83.64,-2.317298385341701,-2.66295,222445714.07414138
2026-09-05T11:01:03+00:00,Zcash,ZEC,1012.03,17114830372,11,1123790021,1046.3,966.84,9.04,0.90163,16912153.2905448
2026-09-05T11:01:03+00:00,Dogecoin,DOGE,0.085978,13394258540,12,774205455,0.087992,0.083882,-0.001726219084553351,-1.96823,155788566383.70523
2026-09-05T11:01:03+00:00,Rain,RAIN,0.01642652,11650934639,13,43558088,0.01690609,0.01638085,-0.000470845615242313,-2.7865,709200789746.2175
2026-09-05T11:01:03+00:00,Monero,XMR,536.5,10096389311,14,141793626,550.24,513.76,-11.338571832552475,-2.06969,18800591.80240712
2026-09-05T11:01:03+00:00,USDS,USDS,0.999697,9809602602,15,184312413,1.0,0.999538,-0.000229646281517004,-0.02297,9812477352.352877
2026-09-05T11:01:03+00:00,Chainlink,LINK,11.77,8803746322,16,389455132,12.08,11.48,-0.31089489421351146,-2.57389,748099970.424884
2026-09-05T11:01:03+00:00,WhiteBIT Coin,WBT,73.16,8630067108,17,79630673,74.23,72.4,-0.8827404537813095,-1.19216,117956019.0
2026-09-05T11:01:03+00:00,LEO Token,LEO,9.25,8512792479,18,271009,9.35,9.18,-0.009813401094415752,-0.10593,919857851.9
2026-09-05T11:01:03+00:00,Cardano,ADA,0.213092,7991506278,19,482867483,0.221917,0.209454,-0.007900215675885974,-3.57488,37504333228.36598
2026-09-05T11:01:03+00:00,Stellar,XLM,0.183777,6396764106,20,136759039,0.185227,0.177583,-0.001124641461340781,-0.60824,34802068054.45233
2026-09-05T11:01:03+00:00,Bitcoin Cash,BCH,251.94,5060831627,21,149835620,260.54,245.18,-8.171081566134518,-3.1414,20084874.89665078
2026-09-05T11:01:03+00:00,Dai,DAI,0.999887,4603462969,22,319249376,1.0,0.999606,0.00013192,0.0132,4603981750.564676
2026-09-05T11:01:03+00:00,Ethena USDe,USDE,0.999899,4338025662,23,80489003,1.0,0.999737,4.901e-05,0.0049,4338463471.650658
2026-09-05T11:01:03+00:00,Canton,CC,0.108639,4291588900,24,8413900,0.111635,0.105739,-0.00238792945686872,-2.15077,39505801422.29254
2026-09-05T11:01:03+00:00,USD1,USD1,0.999661,4246623136,25,1163295207,0.999848,0.999466,-1.2024474037586e-05,-0.0012,4248100194.726903
2026-09-05T11:01:03+00:00,Litecoin,LTC,52.99,4110334669,26,389575044,54.32,49.83,1.8,3.51913,77573229.30375153
2026-09-05T11:01:03+00:00,Gram (prev. Toncoin),GRAM,1.43,3965517730,27,57076304,1.43,1.35,0.04473148,3.2385,2781437094.3983335
2026-09-05T11:01:03+00:00,Uniswap,UNI,6.27,3908498815,28,591860834,6.43,6.07,-0.021783546363507433,-0.34618,623212423.7271129
2026-09-05T11:01:03+00:00,Hedera,HBAR,0.080407,3524121828,29,64196612,0.080627,0.076474,0.00139845,1.77,43831559705.502975
2026-09-05T11:01:03+00:00,Global Dollar,USDG,1.0,3258350248,30,1926637111,1.0,0.999939,-1.2384231588225e-05,-0.00124,3258037863.284672
2026-09-05T11:01:03+00:00,Avalanche,AVAX,7.5,3239883111,31,205992939,7.52,7.31,0.00063376,0.00845,431771961.1772119
2026-09-05T11:01:03+00:00,Sui,SUI,0.784914,3215331315,32,523793786,0.792998,0.740488,0.00857757,1.10488,4096537146.5409594
2026-09-05T11:01:03+00:00,Shiba Inu,SHIB,5.4e-06,3183460472,33,70223801,5.43e-06,5.16e-06,4.8767e-08,0.91083,589239321044316.9
2026-09-05T11:01:03+00:00,NEAR Protocol,NEAR,2.26,2949979710,34,577578897,2.29,1.91,0.260062,12.99108,1305478184.0
2026-09-05T11:01:03+00:00,PayPal USD,PYUSD,0.999961,2865524327,35,87070121,1.0,0.999847,-0.000139186024146976,-0.01392,2865617601.6031647
2026-09-05T11:01:03+00:00,BlackRock USD Institutional Digital Liquidity Fund,BUIDL,1.0,2832282866,36,0.0,1.0,1.0,0.0,0.0,2832282865.800449
2026-09-05T11:01:03+00:00,Cronos,CRO,0.055953,2716408394,37,4663654,0.057835,0.055622,-0.001652449536613157,-2.86855,48535390977.27987
2026-09-05T11:01:03+00:00,Tether Gold,XAUT,4425.98,2712379398,38,232126103,4468.43,4373.38,-42.04227467889905,-0.94096,612823.6595320001
2026-09-05T11:01:03+00:00,Circle USYC,USYC,1.14,2624340328,39,0.0,1.14,1.14,0.00043142,0.03797,2308988052.650666
2026-09-05T11:01:03+00:00,MemeCore,M,1.12,2539306914,40,1449504,1.14,1.063,0.04529774,4.21891,2269312684.297196
2026-09-05T11:01:03+00:00,Ripple USD,RLUSD,0.999992,2407137834,41,114623977,1.0,0.999785,-1.190783749494e-06,-0.00012,2407151384.64723
2026-09-05T11:01:03+00:00,OKB,OKB,111.53,2341912592,42,23203970,112.0,106.58,1.37,1.24446,21000000.0
2026-09-05T11:01:03+00:00,Bittensor,TAO,238.41,2287963290,43,185366729,237.38,220.55,8.63,3.75428,9597491.0
2026-09-05T11:01:03+00:00,Ondo US Dollar Yield,USDY,1.14,2190511441,44,1744165,1.15,1.13,-0.001509591267030652,-0.13212,1919744421.8351278
2026-09-05T11:01:03+00:00,Aster,ASTER,0.76683,2069017504,45,207287245,0.759111,0.720807,0.01843463,2.46322,2700010975.2797318
2026-09-05T11:01:03+00:00,Aave,AAVE,130.47,2012973538,46,233622971,135.78,128.88,-3.23422355924086,-2.41886,15427204.593025472
2026-09-05T11:01:03+00:00,PAX Gold,PAXG,4433.57,1917524144,47,155602373,4475.87,4381.72,-42.271510839291295,-0.94444,432503.322051
2026-09-05T11:01:03+00:00,Mantle,MNT,0.572999,1892125038,48,22541832,0.591852,0.568021,-0.008558377032274023,-1.47163,3302294382.53684
2026-09-05T11:01:03+00:00,World Liberty Financial,WLFI,0.056479,1795238694,49,31813552,0.057687,0.056129,-0.001096638176707972,-1.9047,31776983128.0
2026-09-05T11:01:03+00:00,Ondo,ONDO,0.368155,1792672719,50,122311031,0.376156,0.350126,0.00098179,0.26739,4869330647.0
2026-09-05T11:01:03+00:00,Morpho,MORPHO,2.54,1747533448,51,39270737,2.58,2.42,0.01942262,0.77126,688607622.9807435
2026-09-05T11:01:03+00:00,Pump.fun,PUMP,0.00423942,1677690111,52,146897455,0.0044048,0.00409649,1.03e-05,0.24361,395417302765.1263
2026-09-05T11:01:03+00:00,Ethena,ENA,0.163799,1654216921,53,494073408,0.171626,0.161283,-0.005135777693900834,-3.0401,10095312500.0
2026-09-05T11:01:03+00:00,Sky,SKY,0.067062,1570893101,54,7387543,0.068933,0.06671,-0.001628948626947388,-2.37142,23424425922.573563
2026-09-05T11:01:03+00:00,Polkadot,DOT,0.909154,1546998019,55,150454561,0.915358,0.842945,0.03047795,3.46862,1701320476.349738
2026-09-05T11:01:03+00:00,HTX DAO,HTX,1.66e-06,1489855669,56,14561492,1.66e-06,1.63e-06,1.3102e-08,0.79621,898232728634017.2
2026-09-05T11:01:03+00:00,Pepe,PEPE,3.54e-06,1487544553,57,270515164,3.71e-06,3.45e-06,-1.32159126278e-07,-3.60303,420690000000000.0
2026-09-05T11:01:03+00:00,USDD,USDD,0.999486,1477570181,58,3121237,0.999588,0.997902,0.00052683,0.05274,1478295358.0
2026-09-05T11:01:03+00:00,Worldcoin,WLD,0.40286,1463752753,59,143457907,0.399062,0.370932,0.01279675,3.28069,3633635290.9636073
2026-09-05T11:01:03+00:00,Internet Computer,ICP,2.63,1460470747,60,70638603,2.71,2.43,0.060761,2.36894,556205721.952875
2026-09-05T11:01:03+00:00,Bitget Token,BGB,2.0,1403281899,61,9324729,2.02,1.95,0.00598899,0.29964,699992029.6481038
2026-09-05T11:01:03+00:00,USDGO,USDGO,0.999988,1355438295,62,48415883,1.0,0.999896,-4.2582918972522e-05,-0.00426,1355454412.77
2026-09-05T11:01:03+00:00,Falcon USD,USDF,0.996559,1339445290,63,662760,0.998229,0.988429,0.00030352,0.03047,1344070422.590452
2026-09-05T11:01:03+00:00,BFUSD,BFUSD,0.999989,1319985702,64,2813552,1.0,0.999807,6.186e-05,0.00619,1320000000.0
2026-09-05T11:01:03+00:00,United Stables,U,0.999349,1276670735,65,156078813,0.999709,0.998985,0.00013971,0.01398,1277499107.8
2026-09-05T11:01:03+00:00,Bitway,BTW,0.45748,1238255037,66,10622156,0.467435,0.428104,0.00730698,1.62315,2708142280.000001
2026-09-05T11:01:03+00:00,Spiko Amundi Overnight Swap Fund (EUR),EURSAFO,1.18,1229005528,67,0.0,1.18,1.17,-0.000473633951998842,-0.04028,1045687476.43203
2026-09-05T11:01:03+00:00,Ethereum Classic,ETC,7.67,1212609954,68,43430731,7.78,7.3,0.01399533,0.18279,158069064.6700675
2026-09-05T11:01:03+00:00,Lighter,LIT,4.68,1169723739,69,163424369,4.9,4.51,0.077519,1.68495,250000000.0
2026-09-05T11:01:03+00:00,Pi Network,PI,0.094963,1058099303,70,6065256,0.096276,0.093657,-0.000937462789556531,-0.97754,11141680597.248924
2026-09-05T11:01:03+00:00,POL (ex-MATIC),POL,0.094468,1011734029,71,49796488,0.09572,0.090957,0.00066545,0.70941,10708873805.9877
2026-09-05T11:01:03+00:00,KuCoin,KCS,7.08,972831501,72,2569111,7.15,6.98,-0.04781322622053974,-0.67041,137155021.2773955
2026-09-05T11:01:03+00:00,Blockchain Capital,BCAP,106.22,967888430,73,0.0,106.22,106.22,0.0,0.0,9112111.0
2026-09-05T11:01:03+00:00,Gate,GT,8.91,948921146,74,1808418,8.75,8.27,0.453727,5.36837,106617342.16589552
2026-09-05T11:01:03+00:00,Quant,QNT,63.9,929110876,75,14949634,67.33,63.43,-2.6300894119853595,-3.9534,14544176.164081175
2026-09-05T11:01:03+00:00,Arbitrum,ARB,0.133705,892868984,76,222233012,0.136757,0.128668,-0.002717384636351711,-1.99188,6678075931.0
2026-09-05T11:01:03+00:00,JUST,JST,0.108518,888914345,77,14947675,0.109253,0.107852,-0.000324528701624485,-0.29816,8188743036.341737
2026-09-05T11:01:03+00:00,Spiko EU T-Bills Money Market Fund,EUTBL,1.23,882559347,78,0.0,1.23,1.23,-0.000528747311314692,-0.043,718027528.4955
2026-09-05T11:01:03+00:00,Dash,DASH,67.96,870553910,79,597322017,73.23,49.42,15.57,29.71299,12826803.48295869
2026-09-05T11:01:03+00:00,Venice Token,VVV,17.93,856816017,80,22907839,18.42,16.91,0.699606,4.06052,47763573.70381824
2026-09-05T11:01:03+00:00,Algorand,ALGO,0.094221,851613463,81,32985205,0.094323,0.089698,0.00158485,1.71084,9038671596.896738
2026-09-05T11:01:03+00:00,NEXO,NEXO,0.840037,839767757,82,2738019,0.84726,0.824054,-0.001023813961648856,-0.12173,1000000000.0
2026-09-05T11:01:03+00:00,Kaspa,KAS,0.03028632,838377452,83,12558281,0.03070059,0.02892899,0.00033644,1.12333,27678662954.183525
2026-09-05T11:01:03+00:00,Cosmos Hub,ATOM,1.54,813488674,84,31712473,1.56,1.47,0.01134156,0.74297,528974894.488581
2026-09-05T11:01:03+00:00,Janus Henderson Anemoy Treasury Fund,JTRSY,1.12,799656135,85,0.0,1.12,1.12,0.0,0.0,717141156.78007
2026-09-05T11:01:03+00:00,Invesco Short Duration US Government Securities Fund,USTB,11.2,775001907,86,0.0,11.2,11.2,0.001067,0.00953,69193528.399223
2026-09-05T11:01:03+00:00,Render,RENDER,1.48,765931909,87,42477929,1.5,1.41,0.00976151,0.66578,518772101.28269154
2026-09-05T11:01:03+00:00,​​Stable,STABLE,0.02918383,760009658,88,9155701,0.02979714,0.02856697,-0.00013440946589427,-0.45845,26042478395.0
2026-09-05T11:01:03+00:00,Jupiter,JUP,0.220176,730881958,89,49951268,0.22249,0.213366,-0.00108682509468333,-0.49119,3320312968.08
2026-09-05T11:01:03+00:00,Janus Henderson Anemoy AAA CLO Fund,JAAA,1.048,710966727,90,0.0,1.048,1.048,0.0,0.0,678300455.183658
2026-09-05T11:01:03+00:00,GHO,GHO,0.999116,698382424,91,5928705,0.999503,0.998855,3.966e-05,0.00397,699000000.0
2026-09-05T11:01:03+00:00,PancakeSwap,CAKE,2.13,683085480,92,104370143,2.14,1.93,0.089657,4.39451,320771568.3482737
2026-09-05T11:01:03+00:00,Filecoin,FIL,0.771579,637932360,93,68249108,0.774903,0.741382,-0.001453397959161329,-0.18801,826843857.0
2026-09-05T11:01:03+00:00,Beldex,BDX,0.080157,630997747,94,10795262,0.080145,0.078654,0.00118225,1.49701,7870511088.486101
2026-09-05T11:01:03+00:00,Official Trump,TRUMP,2.39,626541568,95,351329894,2.45,2.22,0.01498002,0.63011,261880985.28763402
2026-09-05T11:01:03+00:00,Pons,PONS,0.836807,595279049,96,205558176,0.883556,0.628628,0.16423,24.41799,712104762.0614183
2026-09-05T11:01:03+00:00,VeChain,VET,0.00689585,592908422,97,7529590,0.00698825,0.00654972,0.00010794,1.59016,85985041177.0
2026-09-05T11:01:03+00:00,Flare,FLR,0.00667134,579031843,98,2456475,0.00688407,0.00662881,-0.000189923430275143,-2.76805,86797627450.08269
2026-09-05T11:01:03+00:00,Curve DAO,CRV,0.360747,560552006,99,58918479,0.371956,0.348013,-0.009619421266539419,-2.59727,1554286661.0
2026-09-05T11:01:03+00:00,XDC Network,XDC,0.02788671,556170792,100,4044296,0.02828502,0.02758866,-0.000198089327802225,-0.70533,19946688440.0
2026-09-05T12:01:03+00:00,Bitcoin,BTC,79614,1599029713105,1,28140916632,81315,78706,-1608.6535849515785,-1.95289,20079921.0
2026-09-05T12:01:03+00:00,Ethereum,ETH,2453.83,299463538398,2,11600373854,2529.56,2435.15,-69.1564253205297,-2.7132,122020932.85347287
2026-09-05T12:01:03+00:00,Tether,USDT,1.0,183409631207,3,53932132605,1.0,0.999868,6.741e-05,0.00955,183392383062.09265
2026-09-05T12:01:03+00:00,BNB,BNB,747.5,99549068820,4,1515363572,751.81,709.29,23.27,3.23915,133161986.43
2026-09-05T12:01:03+00:00,XRP,XRP,1.4,88138381207,5,2246754011,1.46,1.38,-0.046382249950587484,-3.13156,62744504852.0
2026-09-05T12:01:03+00:00,USDC,USDC,0.999989,74602367328,6,14132428899,1.0,0.999774,2.794e-05,0.00636,74602236473.1615
2026-09-05T12:01:03+00:00,Solana,SOL,102.35,59930458275,7,2763197277,104.37,100.4,-1.7402743574123605,-1.63401,585359572.7698108
2026-09-05T12:01:03+00:00,TRON,TRX,0.333158,31622462993,8,321942404,0.333201,0.327679,0.00348522,1.04095,94933696444.65239
2026-09-05T12:01:03+00:00,Figure Heloc,FIGR_HELOC,1.039,23112237223,9,23229280,1.041,1.03,0.00628673,0.61098,22254918397.228
2026-09-05T12:01:03+00:00,Hyperliquid,HYPE,84.9,18891885714,10,1105129694,87.31,83.64,-2.3079993022187466,-2.60566,222445714.07414138
2026-09-05T12:01:03+00:00,Zcash,ZEC,1014.26,17155482783,11,1114341752,1046.3,966.84,3.95,0.42904,16912153.2905448
2026-09-05T12:01:03+00:00,Dogecoin,DOGE,0.0861,13415806760,12,775240079,0.087954,0.083882,-0.001654947827634617,-1.84099,155789276383.70526
2026-09-05T12:01:03+00:00,Rain,RAIN,0.01641059,11639396193,13,43306559,0.01690406,0.01638085,-0.00046562438520914,-2.76387,709200789480.9222
2026-09-05T12:01:03+00:00,Monero,XMR,537.2,10102217615,14,141236626,547.48,513.76,-8.334509349887185,-1.54089,18800635.00240712
2026-09-05T12:01:03+00:00,USDS,USDS,0.999639,9806087380,15,180855676,1.0,0.999538,-0.000336626819397501,-0.03069,9809540195.529448
2026-09-05T12:01:03+00:00,Chainlink,LINK,11.73,8774505726,16,376997881,12.06,11.48,-0.3050911486533803,-2.51536,748099970.424884
2026-09-05T12:01:03+00:00,WhiteBIT Coin,WBT,73.14,8627463061,17,77565941,74.19,72.4,-0.9516101173507963,-1.27966,117956019.0
2026-09-05T12:01:03+00:00,LEO Token,LEO,9.26,8515838014,18,272220,9.35,9.18,-0.04216514842516439,-0.45306,919857851.9
2026-09-05T12:01:03+00:00,Cardano,ADA,0.213477,8004069586,19,483134777,0.22188,0.209454,-0.007938247303019313,-3.63267,37504333228.36598
2026-09-05T12:01:03+00:00,Stellar,XLM,0.18336,6381690591,20,137252397,0.18507,0.177583,-0.001624613440091238,-0.86057,34802067773.38025
2026-09-05T12:01:03+00:00,Bitcoin Cash,BCH,252.41,5070905043,21,147806898,260.37,245.18,-7.522506082729848,-2.86337,20084928.02165078
2026-09-05T12:01:03+00:00,Dai,DAI,0.999829,4604020822,22,310923833,1.0,0.999606,1.608e-05,0.00472,4604763558.851841
2026-09-05T12:01:03+00:00,Ethena USDe,USDE,0.99992,4342903279,23,78214006,1.0,0.999737,6.751e-05,0.01066,4343159191.117257
2026-09-05T12:01:03+00:00,Canton,CC,0.108574,4288702043,24,8000780,0.111635,0.105739,-0.002900151333218595,-2.59821,39506432423.01001
2026-09-05T12:01:03+00:00,USD1,USD1,0.999691,4246820583,25,1152555452,0.999848,0.999466,-8.9941101746649e-05,-0.00341,4248100194.726903
2026-09-05T12:01:03+00:00,Litecoin,LTC,52.98,4109870063,26,392358257,54.32,49.83,1.67,3.25754,77576016.81086963
2026-09-05T12:01:03+00:00,Gram (prev. Toncoin),GRAM,1.42,3957146418,27,53326388,1.43,1.35,0.02459263,1.70967,2781457354.4545574
2026-09-05T12:01:03+00:00,Uniswap,UNI,6.26,3901432638,28,589622072,6.43,6.07,-0.027412379447269153,-0.4706,623212423.7271129
2026-09-05T12:01:03+00:00,Hedera,HBAR,0.080358,3523237763,29,64608343,0.080627,0.076474,0.00141829,1.83618,43831559705.5465
2026-09-05T12:01:03+00:00,Global Dollar,USDG,1.0,3258246562,30,1847979390,1.0,0.999939,-0.00015402642629736,-0.01254,3258037863.284672
2026-09-05T12:01:03+00:00,Avalanche,AVAX,7.49,3236784661,31,212771066,7.52,7.31,-0.000881493350294527,0.02243,431771961.1772119
2026-09-05T12:01:03+00:00,Sui,SUI,0.784601,3215088401,32,527153114,0.792998,0.740488,0.00810668,1.10075,4096537146.5409594
2026-09-05T12:01:03+00:00,Shiba Inu,SHIB,5.4e-06,3182122463,33,68751358,5.43e-06,5.16e-06,6.0142e-08,1.11624,589239321044316.9
2026-09-05T12:01:03+00:00,NEAR Protocol,NEAR,2.28,2978917178,34,587005592,2.29,1.91,0.257638,12.77015,1305505569.0
2026-09-05T12:01:03+00:00,PayPal USD,PYUSD,0.999922,2865421279,35,86542472,1.0,0.999847,-0.000243840655782424,-0.01921,2865617601.6031647
2026-09-05T12:01:03+00:00,BlackRock USD Institutional Digital Liquidity Fund,BUIDL,1.0,2832282866,36,0.0,1.0,1.0,0.0,0.0,2832282865.800448
2026-09-05T12:01:03+00:00,Cronos,CRO,0.056062,2721181183,37,4516449,0.057712,0.055622,-0.001592494380055862,-2.7639,48535475959.42445
2026-09-05T12:01:03+00:00,Tether Gold,XAUT,4426.07,2712431594,38,228469208,4468.43,4373.38,-35.13167761265777,-0.77723,612823.6595320001
2026-09-05T12:01:03+00:00,Circle USYC,USYC,1.14,2624340328,39,0.0,1.14,1.14,0.00043142,0.03797,2308988052.650666
2026-09-05T12:01:03+00:00,MemeCore,M,1.12,2541317175,40,1427235,1.14,1.072,0.04800023,4.49178,2269328104.019232
2026-09-05T12:01:03+00:00,Ripple USD,RLUSD,0.999902,2406960722,41,112202250,1.0,0.999785,-0.000130368485746102,-0.00921,2407151384.64723
2026-09-05T12:01:03+00:00,OKB,OKB,111.62,2344203536,42,22851329,112.0,106.58,0.63606,0.58547,21000000.0
2026-09-05T12:01:03+00:00,Bittensor,TAO,239.46,2298876547,43,190976531,239.63,220.55,8.18,3.58877,9597491.0
2026-09-05T12:01:03+00:00,Ondo US Dollar Yield,USDY,1.15,2199205884,44,337528,1.15,1.13,0.00389514,0.0135,1920617639.5628169
2026-09-05T12:01:03+00:00,Aster,ASTER,0.792047,2132312467,45,216286331,0.768784,0.720807,0.03699908,4.60701,2700010975.2797318
2026-09-05T12:01:03+00:00,Aave,AAVE,129.63,2001114447,46,230875668,135.78,128.88,-4.26614021298019,-3.11688,15427205.713096607
2026-09-05T12:01:03+00:00,PAX Gold,PAXG,4433.47,1917482211,47,153761369,4475.87,4381.72,-35.39747171593626,-0.78516,432503.322051
2026-09-05T12:01:03+00:00,Mantle,MNT,0.57359,1894248306,48,20762903,0.588673,0.568021,-0.010299123561852142,-1.80534,3302294382.53684
2026-09-05T12:01:03+00:00,Ondo,ONDO,0.369499,1799497465,49,121163605,0.376156,0.350126,0.0024078,0.67422,4869330647.0
2026-09-05T12:01:03+00:00,World Liberty Financial,WLFI,0.056453,1793742552,50,30685365,0.057687,0.056129,-0.000931483508168379,-1.63896,31776983128.0
2026-09-05T12:01:03+00:00,Morpho,MORPHO,2.53,1740230097,51,34603817,2.58,2.42,-0.002763233103084684,-0.08606,688609706.7309855
2026-09-05T12:01:03+00:00,Pump.fun,PUMP,0.00417838,1655083265,52,144981286,0.0044048,0.00409649,-4.8422942491475e-05,-0.96881,395414317467.7636
2026-09-05T12:01:03+00:00,Ethena,ENA,0.16368,1653221443,53,502971491,0.170473,0.161283,-0.006079425257975196,-3.51567,10095312500.0
2026-09-05T12:01:03+00:00,Sky,SKY,0.067052,1571124086,54,7164531,0.068933,0.06671,-0.00133108218852282,-1.91266,23424377148.769146
2026-09-05T12:01:03+00:00,Polkadot,DOT,0.905323,1540720872,55,147383752,0.915358,0.842945,0.02525936,2.93768,1701338554.401286
2026-09-05T12:01:03+00:00,HTX DAO,HTX,1.66e-06,1493441137,56,15072099,1.66e-06,1.63e-06,1.8381e-08,1.11869,898232728634017.2
2026-09-05T12:01:03+00:00,Pepe,PEPE,3.53e-06,1484519258,57,264916252,3.71e-06,3.45e-06,-1.55308150647e-07,-4.28066,420690000000000.0
2026-09-05T12:01:03+00:00,USDD,USDD,0.99954,1476454043,58,3103152,0.999588,0.997902,0.00145389,0.10299,1477130628.0
2026-09-05T12:01:03+00:00,Internet Computer,ICP,2.63,1462179327,59,69869212,2.71,2.43,0.050177,1.90387,556207190.3989164
2026-09-05T12:01:03+00:00,Worldcoin,WLD,0.401441,1458681117,60,149216011,0.40331,0.370932,0.01139139,2.92401,3633636480.815246
2026-09-05T12:01:03+00:00,Bitget Token,BGB,2.01,1406082170,61,9286211,2.02,1.95,0.01690004,0.84803,699992029.6481038
2026-09-05T12:01:03+00:00,USDGO,USDGO,0.999999,1355445161,62,49123049,1.0,0.999896,-1.2097290944091e-05,-0.01132,1355454412.77
2026-09-05T12:01:03+00:00,Falcon USD,USDF,0.996615,1339533177,63,650020,0.998229,0.988429,0.0002581,0.02903,1344070422.590452
2026-09-05T12:01:03+00:00,BFUSD,BFUSD,1.0,1320049399,64,2826278,1.0,0.999807,5.029e-05,0.00821,1320000000.0
2026-09-05T12:01:03+00:00,United Stables,U,0.999315,1276604548,65,153756107,0.999709,0.998985,1.549e-05,0.00217,1277499107.8
2026-09-05T12:01:03+00:00,Spiko Amundi Overnight Swap Fund (EUR),EURSAFO,1.18,1229005528,66,0.0,1.18,1.17,-0.000502328865418677,-0.04272,1045687476.43203
2026-09-05T12:01:03+00:00,Bitway,BTW,0.449473,1217134127,67,10431851,0.467435,0.428104,0.00107245,-0.19355,2708142280.000001
2026-09-05T12:01:03+00:00,Ethereum Classic,ETC,7.65,1209846169,68,43048471,7.78,7.3,-0.000578572864845306,0.0005,158069468.3308675
2026-09-05T12:01:03+00:00,Lighter,LIT,4.64,1160785225,69,154275864,4.9,4.51,0.00147983,0.0578,250000000.0
2026-09-05T12:01:03+00:00,Pi Network,PI,0.094991,1058296815,70,5768413,0.09607,0.093657,-0.000985769883278073,-1.03586,11141680597.248924
2026-09-05T12:01:03+00:00,POL (ex-MATIC),POL,0.094506,1012168221,71,48580070,0.095554,0.090957,-0.000965702615056352,-0.99708,10708873805.9877
2026-09-05T12:01:03+00:00,KuCoin,KCS,7.09,972599489,72,2569655,7.15,6.98,-0.05480902904184948,-0.71319,137155021.2773955
2026-09-05T12:01:03+00:00,Blockchain Capital,BCAP,106.22,967888430,73,0.0,106.22,106.22,0.0,0.0,9112111.0
2026-09-05T12:01:03+00:00,Gate,GT,8.99,958908425,74,2950167,8.93,8.27,0.495987,5.91093,106617394.95745972
2026-09-05T12:01:03+00:00,Quant,QNT,63.78,927808484,75,14659135,66.46,63.43,-2.6438951806772693,-3.92914,14544176.164081175
2026-09-05T12:01:03+00:00,JUST,JST,0.108225,886511010,76,14500326,0.109253,0.107852,-0.000674015733391972,-0.58283,8188743036.341737
2026-09-05T12:01:03+00:00,Arbitrum,ARB,0.132311,884373105,77,213633498,0.136734,0.128668,-0.001938094444651733,-1.35771,6678075931.0
2026-09-05T12:01:03+00:00,Spiko EU T-Bills Money Market Fund,EUTBL,1.23,882559347,78,0.0,1.23,1.23,-0.000558757423273937,-0.04544,718027528.4955
2026-09-05T12:01:03+00:00,Dash,DASH,67.91,871169969,79,593860252,73.23,49.42,15.26,28.95793,12826803.48295869
2026-09-05T12:01:03+00:00,Algorand,ALGO,0.094947,858309798,80,33503452,0.09437,0.089698,0.00204602,2.20966,9038908945.54796
2026-09-05T12:01:03+00:00,Venice Token,VVV,17.75,848141690,81,22884748,18.42,16.91,0.677322,4.01288,47763864.32406173
2026-09-05T12:01:03+00:00,NEXO,NEXO,0.837201,837669643,82,2693756,0.847085,0.824054,-0.005930173090758162,-0.49618,1000000000.0
2026-09-05T12:01:03+00:00,Kaspa,KAS,0.03003096,831761126,83,12606144,0.03070059,0.02892899,-0.000137473597863084,-0.35956,27682759113.028645
2026-09-05T12:01:03+00:00,Cosmos Hub,ATOM,1.54,812954936,84,31544073,1.56,1.47,0.0060308,0.37975,528999305.543374
2026-09-05T12:01:03+00:00,Janus Henderson Anemoy Treasury Fund,JTRSY,1.12,799656135,85,0.0,1.12,1.12,0.0,0.0,717141156.78007
2026-09-05T12:01:03+00:00,Invesco Short Duration US Government Securities Fund,USTB,11.2,775001907,86,0.0,11.2,11.2,0.001067,0.00953,69193528.399223
2026-09-05T12:01:03+00:00,Render,RENDER,1.48,765684955,87,40704899,1.5,1.41,0.00298016,0.18841,518772101.28269154
2026-09-05T12:01:03+00:00,​​Stable,STABLE,0.02912742,758727026,88,9008913,0.02979714,0.02856697,-0.000625689428728794,-2.17688,26043680727.0
2026-09-05T12:01:03+00:00,Jupiter,JUP,0.225633,749581774,89,55522613,0.22192,0.213366,0.00437027,2.06355,3320312968.08
2026-09-05T12:01:03+00:00,Janus Henderson Anemoy AAA CLO Fund,JAAA,1.048,710966727,90,0.0,1.048,1.048,0.0,0.0,678300455.183658
2026-09-05T12:01:03+00:00,GHO,GHO,0.999152,698413938,91,5682911,0.999503,0.998855,5.299e-05,0.00856,699000000.0
2026-09-05T12:01:03+00:00,PancakeSwap,CAKE,2.13,682763859,92,104940279,2.14,1.93,0.106314,5.2322,320771875.5666916
2026-09-05T12:01:03+00:00,Filecoin,FIL,0.7751,640929535,93,72126345,0.774903,0.741382,0.00398567,0.52698,826845782.0
2026-09-05T12:01:03+00:00,Beldex,BDX,0.079978,629174778,94,10740738,0.080202,0.078654,0.00100035,1.2395,7870511780.022995
2026-09-05T12:01:03+00:00,Official Trump,TRUMP,2.38,623494326,95,363163383,2.45,2.22,0.00286743,0.13159,261880985.28763402
2026-09-05T12:01:03+00:00,Pons,PONS,0.84999,605454040,96,202115157,0.883556,0.628628,0.132238,18.4142,712104762.0614183
2026-09-05T12:01:03+00:00,VeChain,VET,0.00687714,591246558,97,7328094,0.00698825,0.00654972,8.488e-05,1.25813,85985041177.0
2026-09-05T12:01:03+00:00,Flare,FLR,0.00668392,580526239,98,2411153,0.00687834,0.00662881,-0.000183933859097636,-2.65077,86797627450.08269
2026-09-05T12:01:03+00:00,Curve DAO,CRV,0.36387,565577157,99,59144857,0.368453,0.348013,-0.004583139462046526,-1.28464,1554293899.0
2026-09-05T12:01:03+00:00,XDC Network,XDC,0.02774899,553527184,100,4049574,0.02828305,0.02758866,-0.000529477165294095,-1.87096,19946688440.0
2026-09-05T13:01:01+00:00,Bitcoin,BTC,79738,1601033065956,1,23987853300,79848,78706,299.72,0.36033,20079921.0
2026-09-05T13:01:01+00:00,Ethereum,ETH,2459.41,300093552683,2,8843477965,2463.12,2435.15,8.85,0.34751,122020932.85347287
2026-09-05T13:01:01+00:00,Tether,USDT,1.0,183406510214,3,46659602404,1.0,0.999868,0.00011225,0.01212,183392383062.09265
2026-09-05T13:01:01+00:00,BNB,BNB,763.51,101637496266,4,1556395471,755.23,709.29,48.33,6.65484,133161979.25
2026-09-05T13:01:01+00:00,XRP,XRP,1.41,88776466268,5,1839107640,1.42,1.38,0.00559808,0.39442,62744504852.0
2026-09-05T13:01:01+00:00,USDC,USDC,0.999991,74601401493,6,12603408077,1.0,0.999774,7.058e-05,0.00808,74602071557.71922
2026-09-05T13:01:01+00:00,Solana,SOL,103.15,60374273223,7,2434800977,102.79,100.4,1.59,1.53905,585359557.7707559
2026-09-05T13:01:01+00:00,TRON,TRX,0.333088,31622020935,8,292127757,0.333228,0.328453,0.00460559,1.42546,94933696444.65239
2026-09-05T13:01:01+00:00,Figure Heloc,FIGR_HELOC,1.039,23126117811,9,22645888,1.041,1.03,0.00681495,0.65947,22254918397.228
2026-09-05T13:01:01+00:00,Hyperliquid,HYPE,85.24,18958034717,10,1008137412,85.75,83.64,-0.2586336778342826,-0.2121,222445714.07414138
2026-09-05T13:01:01+00:00,Zcash,ZEC,1014.43,17147048954,11,1037104013,1046.3,966.84,27.74,2.7536,16912153.2905448
2026-09-05T13:01:01+00:00,Dogecoin,DOGE,0.087361,13604956377,12,636621310,0.086267,0.083882,0.00234273,2.70788,155789556383.70523
2026-09-05T13:01:01+00:00,Rain,RAIN,0.01642871,11647432265,13,43171353,0.01664376,0.01638085,-0.000200155179391648,-1.19541,709200789532.6143
2026-09-05T13:01:01+00:00,Monero,XMR,545.92,10250786418,14,138282339,542.21,513.76,18.97,3.46052,18800635.00240712
2026-09-05T13:01:01+00:00,USDS,USDS,0.999778,9810622784,15,179076666,1.0,0.999538,-0.000139594978299518,-0.00841,9812791674.646385
2026-09-05T13:01:01+00:00,Chainlink,LINK,11.84,8857067084,16,339266617,11.86,11.48,0.196051,1.65482,748099970.424884
2026-09-05T13:01:01+00:00,WhiteBIT Coin,WBT,73.23,8639040716,17,55690990,73.4,72.4,0.267619,0.38561,117956019.0
2026-09-05T13:01:01+00:00,LEO Token,LEO,9.26,8518889890,18,271809,9.35,9.18,0.00995294,0.10806,919857851.9
2026-09-05T13:01:01+00:00,Cardano,ADA,0.216487,8116512602,19,426580987,0.216575,0.209454,0.00203431,0.92462,37504333228.36598
2026-09-05T13:01:01+00:00,Stellar,XLM,0.184622,6422981375,20,120689792,0.183928,0.177583,0.00466526,2.58363,34802067623.59946
2026-09-05T13:01:01+00:00,Bitcoin Cash,BCH,249.4,5012268711,21,129631906,253.99,245.18,-2.1040676220623595,-0.80117,20084928.02165078
2026-09-05T13:01:01+00:00,Dai,DAI,0.999729,4605391814,22,295700413,1.0,0.999606,-9.5032913786763e-05,0.01964,4606201085.457834
2026-09-05T13:01:01+00:00,Ethena USDe,USDE,0.99991,4344718151,23,73262603,1.0,0.999737,8.242e-05,0.01162,4345019124.915257
2026-09-05T13:01:01+00:00,Canton,CC,0.109853,4338644328,24,7730618,0.110027,0.105739,0.00071989,0.71035,39506432423.01001
2026-09-05T13:01:01+00:00,USD1,USD1,0.999649,4246620560,25,1038951752,0.999848,0.999466,8.316e-05,0.00867,4248100194.726903
2026-09-05T13:01:01+00:00,Litecoin,LTC,53.59,4152291138,26,381040517,54.32,49.83,3.15,6.10554,77573479.30424522
2026-09-05T13:01:01+00:00,Gram (prev. Toncoin),GRAM,1.43,3984015545,27,49402766,1.43,1.35,0.071502,5.22224,2781469850.1383705
2026-09-05T13:01:01+00:00,Uniswap,UNI,6.25,3896444147,28,528321909,6.43,6.07,0.152913,2.51743,623212423.7271129
2026-09-05T13:01:01+00:00,Hedera,HBAR,0.080909,3546131103,29,56826762,0.080627,0.076474,0.00334902,4.31604,43831559705.590096
2026-09-05T13:01:01+00:00,Sui,SUI,0.80093,3279390139,30,483855143,0.792998,0.740488,0.04928032,6.53654,4096537146.5409594
2026-09-05T13:01:01+00:00,Global Dollar,USDG,1.0,3258564673,31,1767233599,1.0,0.999939,7.594e-05,0.00727,3258037863.284672
2026-09-05T13:01:01+00:00,Avalanche,AVAX,7.54,3255971518,32,189688694,7.52,7.31,0.18191,2.42927,431771961.1772119
2026-09-05T13:01:01+00:00,Shiba Inu,SHIB,5.44e-06,3207256021,33,65549180,5.43e-06,5.16e-06,2.27857e-07,4.29454,589239321044316.9
2026-09-05T13:01:01+00:00,NEAR Protocol,NEAR,2.23,2912497652,34,556292961,2.29,1.91,0.288511,14.80193,1305505551.0
2026-09-05T13:01:01+00:00,PayPal USD,PYUSD,1.0,2865622707,35,86918568,1.0,0.999847,-8.47972751441e-05,-0.00546,2865617601.6031647
2026-09-05T13:01:01+00:00,BlackRock USD Institutional Digital Liquidity Fund,BUIDL,1.0,2832282866,36,0.0,1.0,1.0,-1.11e-16,0.0,2832282865.800448
2026-09-05T13:01:01+00:00,Cronos,CRO,0.056473,2741331737,37,4145028,0.056819,0.055622,0.00053547,1.01066,48535513917.2206
2026-09-05T13:01:01+00:00,Tether Gold,XAUT,4425.4,2712033319,38,153624796,4441.26,4373.38,34.1,0.71198,612823.6595320001
2026-09-05T13:01:01+00:00,Circle USYC,USYC,1.14,2624340328,39,0.0,1.14,1.14,0.00043142,0.03797,2308988052.650666
2026-09-05T13:01:01+00:00,MemeCore,M,1.12,2535250719,40,1305433,1.14,1.08,0.03245562,2.91258,2269343523.743713
2026-09-05T13:01:01+00:00,Ripple USD,RLUSD,0.999961,2407027489,41,100765387,1.0,0.999809,3.504e-05,0.00031,2407151384.647229
2026-09-05T13:01:01+00:00,OKB,OKB,113.67,2384792295,42,22399369,112.0,106.58,5.78,5.30132,21000000.0
2026-09-05T13:01:01+00:00,Bittensor,TAO,237.32,2276996292,43,178286258,240.01,220.55,13.79,6.18222,9597491.0
2026-09-05T13:01:01+00:00,Aster,ASTER,0.829766,2236548671,44,256270489,0.793736,0.721896,0.104759,14.33654,2700010975.2797318
2026-09-05T13:01:01+00:00,Ondo US Dollar Yield,USDY,1.15,2199418753,45,320631,1.15,1.14,0.00051356,0.39639,1920617639.5628169
2026-09-05T13:01:01+00:00,Aave,AAVE,130.7,2015844559,46,200444589,132.31,128.88,-0.5428425997868658,-0.45091,15427206.537964227
2026-09-05T13:01:01+00:00,Mantle,MNT,0.580746,1917476271,47,18390666,0.579965,0.568021,0.00370112,0.75258,3302294382.53684
2026-09-05T13:01:01+00:00,PAX Gold,PAXG,4432.65,1917149910,48,92385090,4447.79,4381.72,33.93,0.70796,432503.322051
2026-09-05T13:01:01+00:00,Ondo,ONDO,0.37333,1817678530,49,110251999,0.376156,0.350126,0.01743774,4.87966,4869330647.0
2026-09-05T13:01:01+00:00,World Liberty Financial,WLFI,0.056349,1793584839,50,27686803,0.057543,0.056129,-0.000564909490620984,-0.851,31776983128.0
2026-09-05T13:01:01+00:00,Morpho,MORPHO,2.52,1733414794,51,34038346,2.58,2.42,0.083734,3.48781,688610748.6061065
2026-09-05T13:01:01+00:00,Ethena,ENA,0.165553,1671791043,52,435409969,0.168429,0.161283,0.00193129,1.30925,10095312500.0
2026-09-05T13:01:01+00:00,Pump.fun,PUMP,0.00412259,1631531048,53,139675321,0.0044048,0.00409722,2.021e-05,0.64933,395411151332.38214
2026-09-05T13:01:01+00:00,Sky,SKY,0.067585,1583404912,54,5572129,0.068425,0.06671,-0.00081236975639179,-1.54666,23424328238.98333
2026-09-05T13:01:01+00:00,Polkadot,DOT,0.917589,1560259045,55,138454266,0.915358,0.842945,0.067148,7.84556,1701338554.401286
2026-09-05T13:01:01+00:00,Pepe,PEPE,3.58e-06,1504206042,56,232518270,3.6e-06,3.45e-06,4.0694e-08,1.12204,420690000000000.0
2026-09-05T13:01:01+00:00,HTX DAO,HTX,1.66e-06,1494267387,57,14356173,1.66e-06,1.63e-06,2.6241e-08,1.60166,898232728634017.2
2026-09-05T13:01:01+00:00,USDD,USDD,0.99953,1476818036,58,3116236,0.999588,0.997902,0.00127208,0.15168,1477512417.0
2026-09-05T13:01:01+00:00,Internet Computer,ICP,2.63,1463461453,59,60863489,2.71,2.43,0.159158,6.45749,556206746.5532647
2026-09-05T13:01:01+00:00,Worldcoin,WLD,0.402447,1462436157,60,137583943,0.407715,0.370932,0.0252395,6.75589,3633637812.285805
2026-09-05T13:01:01+00:00,Bitget Token,BGB,2.02,1411498133,61,8723903,2.02,1.95,0.05188,2.59875,699992029.6481038
2026-09-05T13:01:01+00:00,USDGO,USDGO,1.0,1355439092,62,48519217,1.0,0.999896,6.09e-06,-0.00054,1355454412.77
2026-09-05T13:01:01+00:00,Falcon USD,USDF,0.996624,1339532813,63,507164,0.998229,0.988429,0.0003896,0.04318,1344070422.590452
2026-09-05T13:01:01+00:00,BFUSD,BFUSD,1.0,1320031275,64,1574273,1.0,0.999807,0.00010514,0.01119,1320000000.0
2026-09-05T13:01:01+00:00,United Stables,U,0.999415,1276650626,65,131947722,0.999709,0.998985,0.00022761,0.02135,1277499107.8
2026-09-05T13:01:01+00:00,Ethereum Classic,ETC,7.78,1229295694,66,41246331,7.78,7.3,0.39529,5.34659,158069468.3308675
2026-09-05T13:01:01+00:00,Spiko Amundi Overnight Swap Fund (EUR),EURSAFO,1.18,1229005528,67,0.0,1.18,1.17,0.00158736,0.13524,1045687476.43203
2026-09-05T13:01:01+00:00,Bitway,BTW,0.431233,1166756677,68,9834633,0.467435,0.428104,-0.01767160437677151,-4.13776,2708142280.000001
2026-09-05T13:01:01+00:00,Lighter,LIT,4.63,1157156517,69,139345122,4.9,4.54,0.073058,2.05213,250000000.0
2026-09-05T13:01:01+00:00,Pi Network,PI,0.095437,1063491837,70,4980945,0.095307,0.093657,0.00092593,0.98183,11141680597.248924
2026-09-05T13:01:01+00:00,POL (ex-MATIC),POL,0.095245,1020056742,71,45607823,0.095405,0.090957,0.00248501,2.63744,10708873805.9877
2026-09-05T13:01:01+00:00,KuCoin,KCS,7.11,975206067,72,2245612,7.09,7.0,0.096349,1.34601,137155021.2773955
2026-09-05T13:01:01+00:00,Blockchain Capital,BCAP,106.22,967888430,73,0.0,106.22,106.22,0.0,0.0,9112111.0
2026-09-05T13:01:01+00:00,Gate,GT,8.99,958526473,74,2652582,9.17,8.27,0.676361,8.20434,106617445.75096512
2026-09-05T13:01:01+00:00,Quant,QNT,64.33,935718279,75,14093606,65.42,63.43,-0.7523930844455862,-1.09943,14544176.164081175
2026-09-05T13:01:01+00:00,Arbitrum,ARB,0.134311,896231466,76,192367881,0.136734,0.128715,0.00546838,4.27429,6678075931.0
2026-09-05T13:01:01+00:00,JUST,JST,0.10861,889096031,77,14037765,0.109253,0.107852,-4.6164626878842e-05,-0.04688,8188743036.341737
2026-09-05T13:01:01+00:00,Spiko EU T-Bills Money Market Fund,EUTBL,1.23,882559347,78,0.0,1.23,1.23,0.00162671,0.13252,718027528.4955
2026-09-05T13:01:01+00:00,Dash,DASH,68.38,877284851,79,600847631,73.23,49.42,18.28,36.37256,12826803.48295869
2026-09-05T13:01:01+00:00,Algorand,ALGO,0.096592,874063354,80,34125759,0.094974,0.089698,0.00582677,6.60184,9038908945.54796
2026-09-05T13:01:01+00:00,Venice Token,VVV,17.65,843427674,81,20255934,18.42,17.13,0.459342,2.86653,47763821.03082308
2026-09-05T13:01:01+00:00,Kaspa,KAS,0.03043426,842573949,82,11809680,0.03070059,0.02892899,0.00117918,3.99519,27682759113.028645
2026-09-05T13:01:01+00:00,NEXO,NEXO,0.833951,834343536,83,3258618,0.844676,0.824054,-0.001269986093846653,0.02095,1000000000.0
2026-09-05T13:01:01+00:00,Cosmos Hub,ATOM,1.55,818477177,84,29713426,1.56,1.47,0.052922,3.49345,528999305.543374
2026-09-05T13:01:01+00:00,Janus Henderson Anemoy Treasury Fund,JTRSY,1.12,799656135,85,0.0,1.12,1.12,0.0,0.0,717141156.78007
2026-09-05T13:01:01+00:00,Invesco Short Duration US Government Securities Fund,USTB,11.2,775001907,86,0.0,11.2,11.2,0.001067,0.00953,69193528.399223
2026-09-05T13:01:01+00:00,Render,RENDER,1.48,767934543,87,36532809,1.5,1.41,0.058802,4.12462,518772101.28269154
2026-09-05T13:01:01+00:00,​​Stable,STABLE,0.02909923,757899289,88,8597866,0.02962609,0.02856697,5.02e-05,0.07034,26045137860.0
2026-09-05T13:01:01+00:00,Jupiter,JUP,0.224738,746438001,89,51869100,0.2261,0.213366,0.00968959,4.50236,3320312968.08
2026-09-05T13:01:01+00:00,Janus Henderson Anemoy AAA CLO Fund,JAAA,1.048,710966727,90,0.0,1.048,1.048,0.0,0.0,678300455.183658
2026-09-05T13:01:01+00:00,PancakeSwap,CAKE,2.21,707486947,91,109928974,2.14,1.93,0.212958,10.61862,320771875.5666916
2026-09-05T13:01:01+00:00,GHO,GHO,0.999199,698439470,92,5383820,0.999503,0.998891,0.0001795,0.01905,699000000.0
2026-09-05T13:01:01+00:00,Filecoin,FIL,0.787664,651179081,93,64311139,0.777549,0.741382,0.04091754,5.48553,826846765.0
2026-09-05T13:01:01+00:00,Pons,PONS,0.9014,641970905,94,205042421,0.883556,0.628628,0.217547,31.60607,712104762.0614183
2026-09-05T13:01:01+00:00,Beldex,BDX,0.079774,627841868,95,10683991,0.080202,0.078654,0.00080983,1.02992,7870512177.309092
2026-09-05T13:01:01+00:00,Official Trump,TRUMP,2.38,624116944,96,304435533,2.45,2.23,0.140365,6.27217,261880985.28763402
2026-09-05T13:01:01+00:00,VeChain,VET,0.00692237,595258195,97,6893229,0.00698825,0.00654972,0.00028585,4.26395,85985041177.0
2026-09-05T13:01:01+00:00,Flare,FLR,0.00670198,581750526,98,2367144,0.00680127,0.00662881,-7.4160616282887e-05,-1.05398,86797627450.08269
2026-09-05T13:01:01+00:00,Curve DAO,CRV,0.36607,568709879,99,53285914,0.364282,0.348013,0.01082221,2.96461,1554293899.0
2026-09-05T13:01:01+00:00,XDC Network,XDC,0.02774001,553188489,100,3557069,0.02793044,0.02758866,-6.9532404552812e-05,-0.26927,19946688440.0
2026-09-05T13:05:47+00:00,Bitcoin,BTC,79710,1600588713534,1,23590135006,79848,78706,206.51,0.31933,20079921.0
2026-09-05T13:05:47+00:00,Ethereum,ETH,2458.94,300040858567,2,8602147576,2463.12,2435.15,6.88,0.37663,122020932.85347287
2026-09-05T13:05:47+00:00,Tether,USDT,1.0,183405218799,3,45985129099,1.0,0.999868,0.00016344,0.01388,183392383062.09265
2026-09-05T13:05:47+00:00,BNB,BNB,762.32,101535495708,4,1568236036,764.57,709.29,46.1,6.64019,133161979.25
2026-09-05T13:05:47+00:00,XRP,XRP,1.41,88702803442,5,1787757552,1.42,1.38,0.00074656,0.13745,62744504852.0
2026-09-05T13:05:47+00:00,USDC,USDC,1.0,74600950438,6,12447657510,1.0,0.999774,0.0001168,0.00944,74602071557.71922
2026-09-05T13:05:47+00:00,Solana,SOL,103.22,60425358460,7,2394769251,103.26,100.4,1.53,1.61865,585359557.7707559
2026-09-05T13:05:47+00:00,TRON,TRX,0.333113,31624062617,8,290176698,0.333266,0.328848,0.00449907,1.37806,94933696444.65239
2026-09-05T13:05:47+00:00,Figure Heloc,FIGR_HELOC,1.039,23126298035,9,22645568,1.041,1.03,0.00676315,0.65747,22254918397.228
2026-09-05T13:05:47+00:00,Hyperliquid,HYPE,85.29,18974630261,10,967429763,85.47,83.64,-0.30347344237263485,-0.40225,222445714.07414138
2026-09-05T13:05:47+00:00,Zcash,ZEC,1014.15,17150973731,11,1017961331,1046.3,967.96,25.49,2.64339,16912153.2905448
2026-09-05T13:05:47+00:00,Dogecoin,DOGE,0.08733,13605746870,12,627212412,0.087491,0.083882,0.0022141,2.70825,155789556383.70523
2026-09-05T13:05:47+00:00,Rain,RAIN,0.01642477,11647960870,13,43168026,0.01662785,0.01638085,-0.000209048736114534,-1.2381,709200789532.6143
2026-09-05T13:05:47+00:00,Monero,XMR,547.01,10274718531,14,137053124,547.51,513.76,18.62,3.63935,18800635.00240712
2026-09-05T13:05:47+00:00,USDS,USDS,0.999838,9811002494,15,174721196,1.0,0.999538,2.86e-06,-0.01113,9812791674.646385
2026-09-05T13:05:47+00:00,Chainlink,LINK,11.84,8854457765,16,334457689,11.86,11.48,0.178577,1.76965,748099970.424884
2026-09-05T13:05:47+00:00,WhiteBIT Coin,WBT,73.2,8634881615,17,56607931,73.4,72.4,0.216539,0.36629,117956019.0
2026-09-05T13:05:47+00:00,LEO Token,LEO,9.26,8518868193,18,271839,9.35,9.18,0.02904298,0.31229,919857851.9
2026-09-05T13:05:47+00:00,Cardano,ADA,0.216504,8120133382,19,421579985,0.216857,0.209454,0.00141844,0.7815,37504333228.36598
2026-09-05T13:05:47+00:00,Stellar,XLM,0.184243,6412706367,20,119039010,0.184906,0.177583,0.00368365,2.07613,34802067623.59946
2026-09-05T13:05:47+00:00,Bitcoin Cash,BCH,249.45,5009904990,21,140959898,253.99,245.18,-2.401985219661185,-0.83903,20084928.02165078
2026-09-05T13:05:47+00:00,Dai,DAI,0.999743,4605796438,22,294883759,1.0,0.999606,-3.3652000687057e-05,-0.0239,4606201085.457834
2026-09-05T13:05:47+00:00,Ethena USDe,USDE,0.999922,4344581645,23,73371222,1.0,0.999737,0.00012841,0.01395,4345019124.915257
2026-09-05T13:05:47+00:00,Canton,CC,0.109782,4337013726,24,7687707,0.109854,0.105739,0.0002343,0.25841,39506432423.01001
2026-09-05T13:05:47+00:00,USD1,USD1,0.999693,4246704764,25,1025267463,0.999848,0.999466,0.00010596,0.00923,4248100194.726903
2026-09-05T13:05:47+00:00,Litecoin,LTC,53.53,4152584455,26,374347678,54.32,49.83,3.06,6.107,77573479.30424522
2026-09-05T13:05:47+00:00,Gram (prev. Toncoin),GRAM,1.43,3980704293,27,49262291,1.43,1.35,0.069098,5.06524,2781469850.1383705
2026-09-05T13:05:47+00:00,Uniswap,UNI,6.25,3892434462,28,508064464,6.43,6.09,0.124805,2.10552,623212423.7271129
2026-09-05T13:05:47+00:00,Hedera,HBAR,0.080994,3550175703,29,56628014,0.080983,0.076474,0.00336166,4.4238,43831559705.590096
2026-09-05T13:05:47+00:00,Sui,SUI,0.799181,3274882390,30,479779335,0.805289,0.740488,0.04550961,6.23478,4096537146.5409594
2026-09-05T13:05:47+00:00,Global Dollar,USDG,1.0,3258546794,31,1764718789,1.0,0.999939,7.921e-05,0.00691,3258037863.284672
2026-09-05T13:05:47+00:00,Avalanche,AVAX,7.54,3255843548,32,196111565,7.55,7.31,0.174682,2.43963,431771961.1772119
2026-09-05T13:05:47+00:00,Shiba Inu,SHIB,5.44e-06,3207718438,33,64855562,5.46e-06,5.16e-06,2.23111e-07,4.31138,589239321044316.9
2026-09-05T13:05:47+00:00,NEAR Protocol,NEAR,2.23,2914963509,34,541542256,2.29,1.91,0.285931,14.71395,1305505551.0
2026-09-05T13:05:47+00:00,PayPal USD,PYUSD,1.0,2865685532,35,83599080,1.0,0.999847,-4.0245289834e-07,-0.00796,2865617601.6031647
2026-09-05T13:05:47+00:00,BlackRock USD Institutional Digital Liquidity Fund,BUIDL,1.0,2832282866,36,0.0,1.0,1.0,0.0,0.0,2832282865.800448
2026-09-05T13:05:47+00:00,Cronos,CRO,0.05647,2740357902,37,4026576,0.056634,0.055622,0.00045153,0.85092,48535513917.2206
2026-09-05T13:05:47+00:00,Tether Gold,XAUT,4425.5,2711999883,38,141644279,4441.26,4409.4,39.81,0.99136,612823.6595320001
2026-09-05T13:05:47+00:00,Circle USYC,USYC,1.14,2624340328,39,0.0,1.14,1.14,0.00043142,0.03797,2308988052.650666
2026-09-05T13:05:47+00:00,MemeCore,M,1.12,2540096145,40,1194476,1.14,1.098,0.0355679,3.3306,2269343523.743713
2026-09-05T13:05:47+00:00,Ripple USD,RLUSD,1.0,2407165730,41,102069186,1.0,0.999809,1.826e-05,-0.00056,2407151384.647229
2026-09-05T13:05:47+00:00,OKB,OKB,113.93,2392563661,42,22607326,113.94,106.58,5.66,5.19207,21000000.0
2026-09-05T13:05:47+00:00,Bittensor,TAO,237.59,2280252037,43,178953331,240.47,220.55,13.66,6.44001,9597491.0
2026-09-05T13:05:47+00:00,Aster,ASTER,0.836895,2260547331,44,260832287,0.84114,0.721896,0.109579,14.90104,2700010975.2797318
2026-09-05T13:05:47+00:00,Ondo US Dollar Yield,USDY,1.15,2199401425,45,320760,1.15,1.14,0.00129265,-0.50928,1920617639.5628169
2026-09-05T13:05:47+00:00,Aave,AAVE,130.63,2015344044,46,197208356,132.06,128.88,-1.0321179563250382,-0.56102,15427206.537964227
2026-09-05T13:05:47+00:00,Mantle,MNT,0.580821,1918415016,47,17961790,0.581453,0.568021,0.00446087,0.78132,3302294382.53684
2026-09-05T13:05:47+00:00,PAX Gold,PAXG,4432.65,1917098038,48,90000310,4447.79,4414.87,41.62,1.02299,432503.322051
2026-09-05T13:05:47+00:00,Ondo,ONDO,0.373111,1816822318,49,109683953,0.376156,0.350126,0.01650579,4.74335,4869330647.0
2026-09-05T13:05:47+00:00,World Liberty Financial,WLFI,0.05641,1792921097,50,27384561,0.057543,0.056129,-0.000603399698010772,-1.07271,31776983128.0
2026-09-05T13:05:47+00:00,Morpho,MORPHO,2.52,1732773107,51,33798554,2.58,2.43,0.078235,3.53115,688610748.6061065
2026-09-05T13:05:47+00:00,Ethena,ENA,0.165253,1669352208,52,429388089,0.167212,0.161283,0.00102956,0.77203,10095312500.0
2026-09-05T13:05:47+00:00,Pump.fun,PUMP,0.00412004,1629296133,53,134109051,0.0044048,0.00411173,-1.209371992009e-05,0.03614,395411151332.38214
2026-09-05T13:05:47+00:00,Sky,SKY,0.067597,1583056760,54,5494679,0.068252,0.06671,-0.000675934574720136,-0.84393,23424328238.98333
2026-09-05T13:05:47+00:00,Polkadot,DOT,0.918878,1563162233,55,142927794,0.924836,0.842945,0.066442,7.84361,1701338554.401286
2026-09-05T13:05:47+00:00,Pepe,PEPE,3.57e-06,1503940891,56,230978977,3.6e-06,3.45e-06,2.9296e-08,0.94603,420690000000000.0
2026-09-05T13:05:47+00:00,HTX DAO,HTX,1.66e-06,1494252806,57,14183933,1.66e-06,1.63e-06,2.6163e-08,1.68403,898232728634017.2
2026-09-05T13:05:47+00:00,USDD,USDD,0.999029,1476044681,58,3030488,0.999588,0.997902,0.00098839,0.06361,1477512417.0
2026-09-05T13:05:47+00:00,Worldcoin,WLD,0.402464,1462243653,59,138115470,0.407715,0.370932,0.02492517,6.74371,3633637812.285805
2026-09-05T13:05:47+00:00,Internet Computer,ICP,2.62,1458462055,60,60410131,2.71,2.43,0.14754,6.01066,556206746.5532647
2026-09-05T13:05:47+00:00,Bitget Token,BGB,2.02,1410638408,61,8669883,2.02,1.95,0.04986234,2.5554,699992029.6481038
2026-09-05T13:05:47+00:00,USDGO,USDGO,1.0,1355431172,62,48530578,1.0,0.999896,2.559e-05,-0.00139,1355454412.77
2026-09-05T13:05:47+00:00,Falcon USD,USDF,0.996638,1339523870,63,505801,0.998229,0.988429,0.00043949,0.03431,1344070422.590452
2026-09-05T13:05:47+00:00,BFUSD,BFUSD,1.0,1320020995,64,1569167,1.0,0.999807,0.00015523,0.01318,1320000000.0
2026-09-05T13:05:47+00:00,United Stables,U,0.999281,1276563325,65,131101363,0.999709,0.998985,0.00011233,0.00899,1277499107.8
2026-09-05T13:05:47+00:00,Spiko Amundi Overnight Swap Fund (EUR),EURSAFO,1.18,1229005528,66,0.0,1.18,1.17,0.0016745,0.14268,1045687476.43203
2026-09-05T13:05:47+00:00,Ethereum Classic,ETC,7.77,1227490707,67,41123961,7.79,7.3,0.358315,4.93754,158069468.3308675
2026-09-05T13:05:47+00:00,Bitway,BTW,0.432432,1171120837,68,9841575,0.467435,0.420418,-0.01728584056378618,-3.91925,2708142280.000001
2026-09-05T13:05:47+00:00,Lighter,LIT,4.62,1155922914,69,136306114,4.9,4.54,0.00381956,0.37673,250000000.0
2026-09-05T13:05:47+00:00,Pi Network,PI,0.09549,1063876261,70,4950905,0.09549,0.093657,0.00092761,0.91745,11141680597.248924
2026-09-05T13:05:47+00:00,POL (ex-MATIC),POL,0.095322,1020771329,71,45229891,0.095432,0.090957,0.00279277,3.12837,10708873805.9877
2026-09-05T13:05:47+00:00,KuCoin,KCS,7.11,974944718,72,2240494,7.12,7.0,0.084988,1.28642,137155021.2773955
2026-09-05T13:05:47+00:00,Blockchain Capital,BCAP,106.22,967888430,73,0.0,106.22,106.22,1.4211e-14,0.0,9112111.0
2026-09-05T13:05:47+00:00,Gate,GT,9.0,959292764,74,2645127,9.17,8.27,0.656733,7.93321,106617445.75096512
2026-09-05T13:05:47+00:00,Quant,QNT,64.14,932888104,75,14376600,65.17,63.43,-1.0294181100098427,-1.4893,14544176.164081175
2026-09-05T13:05:47+00:00,Arbitrum,ARB,0.134879,900577737,76,187157247,0.136734,0.129384,0.00492662,3.88017,6678075931.0
2026-09-05T13:05:47+00:00,JUST,JST,0.108605,889585698,77,16969299,0.109253,0.107852,-5.1096979543738e-05,0.0295,8188743036.341737
2026-09-05T13:05:47+00:00,Spiko EU T-Bills Money Market Fund,EUTBL,1.23,882559347,78,0.0,1.23,1.23,0.00162671,0.13252,718027528.4955
2026-09-05T13:05:47+00:00,Dash,DASH,68.62,880033690,79,601823172,73.23,49.6,18.39,36.88468,12826803.48295869
2026-09-05T13:05:47+00:00,Algorand,ALGO,0.096586,872673537,80,31621640,0.097327,0.089698,0.00560183,6.2951,9038908945.54796
2026-09-05T13:05:47+00:00,Kaspa,KAS,0.03044498,842819225,81,11791138,0.03070059,0.02892899,0.00110288,3.67075,27682759113.028645
2026-09-05T13:05:47+00:00,Venice Token,VVV,17.64,842515272,82,20706115,18.42,17.23,0.319365,1.90403,47763821.03082308
2026-09-05T13:05:47+00:00,NEXO,NEXO,0.834412,834278439,83,3242409,0.844676,0.824054,-0.002334033935368351,-0.03962,1000000000.0
2026-09-05T13:05:47+00:00,Cosmos Hub,ATOM,1.55,818466879,84,29472128,1.56,1.47,0.04940096,3.34429,528999305.543374
2026-09-05T13:05:47+00:00,Janus Henderson Anemoy Treasury Fund,JTRSY,1.12,799656135,85,0.0,1.12,1.12,0.0,0.0,717141156.78007
2026-09-05T13:05:47+00:00,Invesco Short Duration US Government Securities Fund,USTB,11.2,775001907,86,0.0,11.2,11.2,0.001067,0.00953,69193528.399223
2026-09-05T13:05:47+00:00,Render,RENDER,1.48,769181357,87,38658024,1.5,1.41,0.057189,4.12061,518772101.28269154
2026-09-05T13:05:47+00:00,​​Stable,STABLE,0.02911683,758151128,88,8583046,0.02962609,0.02856697,1.263e-05,0.09176,26045137860.0
2026-09-05T13:05:47+00:00,Jupiter,JUP,0.224301,744724101,89,51663937,0.2261,0.213599,0.00922112,4.46455,3320312968.08
2026-09-05T13:05:47+00:00,Janus Henderson Anemoy AAA CLO Fund,JAAA,1.048,710966727,90,0.0,1.048,1.048,0.0,0.0,678300455.183658
2026-09-05T13:05:47+00:00,PancakeSwap,CAKE,2.21,708986563,91,108980784,2.21,1.93,0.213818,10.94447,320771875.5666916
2026-09-05T13:05:47+00:00,GHO,GHO,0.99917,698407439,92,5357513,0.999503,0.998891,0.00012502,0.00814,699000000.0
2026-09-05T13:05:47+00:00,Filecoin,FIL,0.788335,651971110,93,64336960,0.791473,0.741382,0.04098257,5.52127,826846765.0
2026-09-05T13:05:47+00:00,Pons,PONS,0.900939,641713233,94,203960481,0.914559,0.628628,0.218527,31.72209,712104762.0614183
2026-09-05T13:05:47+00:00,Beldex,BDX,0.079736,627760900,95,10669024,0.080202,0.078711,0.00081011,1.02252,7870512177.309092
2026-09-05T13:05:47+00:00,Official Trump,TRUMP,2.38,624345166,96,301798653,2.45,2.23,0.13584,6.39494,261880985.28763402
2026-09-05T13:05:47+00:00,VeChain,VET,0.00694567,597179216,97,6910034,0.00698825,0.00654972,0.00029089,4.30951,85985041177.0
2026-09-05T13:05:47+00:00,Flare,FLR,0.00670025,581575895,98,2361311,0.00680127,0.00662881,-8.2795045745053e-05,-1.19211,86797627450.08269
2026-09-05T13:05:47+00:00,Curve DAO,CRV,0.361672,562064418,99,51601379,0.36607,0.348013,0.00615265,1.84921,1554293899.0
2026-09-05T13:05:47+00:00,XDC Network,XDC,0.02773257,553164820,100,3545064,0.02793044,0.02758866,-7.9155734060522e-05,-0.28467,19946688440.0
2026-09-05T14:01:03+00:00,Bitcoin,BTC,79603,1598425806209,1,21804466438,79848,78706,238.6,0.33871,20079921.0
2026-09-05T14:01:03+00:00,Ethereum,ETH,2452.29,299229605899,2,7876040335,2463.12,2435.15,0.362715,0.06957,122020932.85347287
2026-09-05T14:01:03+00:00,Tether,USDT,1.0,183405687268,3,43585733428,1.0,0.999868,0.00015397,0.01745,183392383062.09265
2026-09-05T14:01:03+00:00,BNB,BNB,759.99,101249524890,4,1658457200,764.57,709.29,44.74,6.29154,133161973.44
2026-09-05T14:01:03+00:00,XRP,XRP,1.41,88622691914,5,1686650959,1.42,1.38,-0.000791179163166067,-0.02346,62744504852.0
2026-09-05T14:01:03+00:00,USDC,USDC,0.999993,74601669690,6,11608782597,1.0,0.999774,0.00010199,0.01185,74602298930.14783
2026-09-05T14:01:03+00:00,Solana,SOL,102.71,60139785981,7,2310414004,103.26,100.4,1.03,1.05895,585446013.1220769
2026-09-05T14:01:03+00:00,TRON,TRX,0.333125,31624444266,8,277974223,0.333266,0.328848,0.0035367,1.07076,94933696444.65239
2026-09-05T14:01:03+00:00,Figure Heloc,FIGR_HELOC,1.039,23126057164,9,22645748,1.041,1.03,0.00675315,0.65193,22254918397.228
2026-09-05T14:01:03+00:00,Hyperliquid,HYPE,85.18,18954880050,10,976676250,85.47,83.64,0.070617,0.10719,222445714.07414138
2026-09-05T14:01:03+00:00,Zcash,ZEC,1013.69,17131459941,11,953440879,1046.3,967.96,25.64,2.62744,16912153.2905448
2026-09-05T14:01:03+00:00,Dogecoin,DOGE,0.087219,13592953824,12,633289291,0.087491,0.083882,0.00194637,2.37547,155790396383.7052
2026-09-05T14:01:03+00:00,Rain,RAIN,0.01641081,11635452932,13,41138590,0.01662785,0.01638085,-0.000197449944612564,-1.13797,709200790069.5933
2026-09-05T14:01:03+00:00,Monero,XMR,539.51,10144921691,14,129602068,547.51,513.76,14.42,2.62086,18800676.40196387
2026-09-05T14:01:03+00:00,USDS,USDS,0.999723,9810202777,15,169351892,1.0,0.999538,-0.000189887433058034,-0.00079,9812791674.646385
2026-09-05T14:01:03+00:00,Chainlink,LINK,11.84,8858164642,16,323828942,11.86,11.48,0.192911,1.67984,748099970.424884
2026-09-05T14:01:03+00:00,WhiteBIT Coin,WBT,73.11,8624012446,17,48742800,73.4,72.4,0.129328,0.18609,117956019.0
2026-09-05T14:01:03+00:00,LEO Token,LEO,9.26,8518197875,18,271995,9.35,9.18,-0.03183886053634133,-0.41548,919857851.9
2026-09-05T14:01:03+00:00,Cardano,ADA,0.215729,8091692463,19,408677755,0.216857,0.209454,0.00077802,0.39252,37504333228.36598
2026-09-05T14:01:03+00:00,Stellar,XLM,0.183324,6381280199,20,116139445,0.184906,0.177583,0.00250039,1.37376,34802067104.6723
2026-09-05T14:01:03+00:00,Bitcoin Cash,BCH,249.79,5017536084,21,139167526,253.99,245.18,-2.2161857353102334,-0.80697,20084928.02165078
2026-09-05T14:01:03+00:00,Dai,DAI,0.999831,4602719938,22,288665830,1.0,0.999606,5.178e-05,-0.002,4603516125.292011
2026-09-05T14:01:03+00:00,Ethena USDe,USDE,0.999961,4345212413,23,77411069,1.0,0.999737,0.00012557,0.01967,4345475566.477258
2026-09-05T14:01:03+00:00,Canton,CC,0.109215,4315825099,24,7268176,0.109854,0.105739,-0.000128939633187913,-0.0601,39507101193.15242
2026-09-05T14:01:03+00:00,USD1,USD1,0.9996,4246376831,25,979666674,0.999848,0.999466,-2.7947550499619e-05,-2e-05,4248100194.726903
2026-09-05T14:01:03+00:00,Litecoin,LTC,53.89,4181874381,26,387766893,54.32,49.83,3.41,6.79655,77573479.30424522
2026-09-05T14:01:03+00:00,Gram (prev. Toncoin),GRAM,1.43,3964451293,27,49113037,1.43,1.35,0.056604,4.1479,2781506121.3360534
2026-09-05T14:01:03+00:00,Uniswap,UNI,6.24,3889478043,28,483097764,6.43,6.09,-0.02535381642204637,-0.47938,623212423.7271129
2026-09-05T14:01:03+00:00,Hedera,HBAR,0.080417,3525064105,29,58719423,0.080983,0.076474,0.00262065,3.35893,43831559705.63365
2026-09-05T14:01:03+00:00,Global Dollar,USDG,1.0,3258316710,30,1715333496,1.0,0.999939,1.862e-05,0.00509,3258074572.735661
2026-09-05T14:01:03+00:00,Sui,SUI,0.794193,3254173308,31,493324815,0.805289,0.740488,0.0406685,5.44155,4096537146.5409594
2026-09-05T14:01:03+00:00,Avalanche,AVAX,7.53,3251284556,32,184688947,7.55,7.31,0.153491,2.10858,431771961.1772119
2026-09-05T14:01:03+00:00,Shiba Inu,SHIB,5.49e-06,3233061489,33,68664928,5.46e-06,5.16e-06,2.27164e-07,4.34088,589239321044316.9
2026-09-05T14:01:03+00:00,PayPal USD,PYUSD,0.999952,2875802179,34,83612710,1.0,0.999847,-5.7837726641252e-05,0.00344,2875921030.2031646
2026-09-05T14:01:03+00:00,NEAR Protocol,NEAR,2.2,2874592102,35,544258180,2.29,1.91,0.2243,11.319,1305505504.0
2026-09-05T14:01:03+00:00,BlackRock USD Institutional Digital Liquidity Fund,BUIDL,1.0,2832282866,36,0.0,1.0,1.0,0.0,0.0,2832282865.800448
2026-09-05T14:01:03+00:00,Cronos,CRO,0.056275,2731288577,37,3902796,0.056634,0.055622,-0.000366298022732976,-0.5767,48535645043.27263
2026-09-05T14:01:03+00:00,Tether Gold,XAUT,4424.96,2711685297,38,118243458,4441.26,4409.4,12.07,0.3032,612823.6595320001
2026-09-05T14:01:03+00:00,Circle USYC,USYC,1.14,2624340328,39,0.0,1.14,1.14,0.0,0.0,2308988052.650666
2026-09-05T14:01:03+00:00,MemeCore,M,1.11,2527788592,40,1158362,1.14,1.098,0.01397376,1.38519,2269358973.478178
2026-09-05T14:01:03+00:00,Ripple USD,RLUSD,0.99998,2407115161,41,87073183,1.0,0.999809,-6.5738055534337e-05,-0.00568,2407151384.647229
2026-09-05T14:01:03+00:00,OKB,OKB,113.88,2391972896,42,22764784,113.94,106.58,5.77,5.40954,21000000.0
2026-09-05T14:01:03+00:00,Bittensor,TAO,236.13,2266379990,43,175248112,240.47,220.55,11.95,5.39621,9597491.0
2026-09-05T14:01:03+00:00,Aster,ASTER,0.820159,2208566750,44,311867037,0.84114,0.721896,0.091429,12.472,2700010975.2797318
2026-09-05T14:01:03+00:00,Ondo US Dollar Yield,USDY,1.15,2197207310,45,305457,1.15,1.14,0.00581763,0.03211,1920617639.5628169
2026-09-05T14:01:03+00:00,Aave,AAVE,129.84,2003726807,46,186241805,132.06,128.88,-1.5954183719308617,-1.11842,15427207.699916357
2026-09-05T14:01:03+00:00,PAX Gold,PAXG,4431.51,1916638956,47,73315154,4447.79,4414.87,12.51,0.32505,432503.322051
2026-09-05T14:01:03+00:00,Mantle,MNT,0.579831,1914178268,48,17308428,0.581453,0.568021,0.00139618,0.42036,3302294382.53684
2026-09-05T14:01:03+00:00,World Liberty Financial,WLFI,0.056863,1806415215,49,30365202,0.057543,0.056129,-0.000416776458425056,-0.58015,31776983128.0
2026-09-05T14:01:03+00:00,Ondo,ONDO,0.370207,1802101363,50,107216851,0.376156,0.350126,0.0121316,3.45153,4869330647.0
2026-09-05T14:01:03+00:00,Morpho,MORPHO,2.51,1727647981,51,30944632,2.58,2.43,0.04029568,1.69266,688616591.7389567
2026-09-05T14:01:03+00:00,Ethena,ENA,0.163797,1654309960,52,400778427,0.167212,0.161283,-0.002205201467572304,-1.31046,10095312500.0
2026-09-05T14:01:03+00:00,Pump.fun,PUMP,0.00409332,1618230934,53,128550607,0.0044048,0.00411173,-0.000193123577428856,-4.46111,395411151332.38214
2026-09-05T14:01:03+00:00,Sky,SKY,0.067341,1577630557,54,5000823,0.068252,0.06671,-9.0736481680662e-05,-0.05551,23424279468.47254
2026-09-05T14:01:03+00:00,Polkadot,DOT,0.916205,1558284226,55,143563826,0.924836,0.842945,0.056669,6.60746,1701338554.401286
2026-09-05T14:01:03+00:00,HTX DAO,HTX,1.67e-06,1498673581,56,2432888,1.66e-06,1.63e-06,2.6691e-08,1.82155,898232728634017.2
2026-09-05T14:01:03+00:00,Pepe,PEPE,3.56e-06,1497220152,57,221921166,3.6e-06,3.45e-06,5.776e-09,0.22971,420690000000000.0
2026-09-05T14:01:03+00:00,USDD,USDD,0.998731,1475713378,58,2950851,0.999588,0.997902,0.00047093,0.04841,1477512417.0
2026-09-05T14:01:03+00:00,Internet Computer,ICP,2.6,1449205296,59,59315797,2.71,2.43,0.131301,5.27153,556206746.5532647
2026-09-05T14:01:03+00:00,Worldcoin,WLD,0.397887,1446167605,60,139118011,0.407715,0.370932,0.01747177,4.6693,3633639534.584501
2026-09-05T14:01:03+00:00,Bitget Token,BGB,2.01,1404863451,61,8297326,2.02,1.95,0.04078512,2.08764,699992029.6481038
2026-09-05T14:01:03+00:00,USDGO,USDGO,1.0,1355504719,62,41981850,1.0,0.999896,9.66e-06,0.00196,1355454412.77
2026-09-05T14:01:03+00:00,Falcon USD,USDF,0.996803,1339770073,63,638184,0.998229,0.988429,0.00053902,0.05921,1344070422.590452
2026-09-05T14:01:03+00:00,BFUSD,BFUSD,1.0,1320159857,64,1503681,1.0,0.999807,0.0001604,0.01823,1320000000.0
2026-09-05T14:01:03+00:00,United Stables,U,0.999181,1276585141,65,121384950,0.999709,0.998985,6.163e-05,0.00711,1277499107.8
2026-09-05T14:01:03+00:00,Bitway,BTW,0.460672,1248156477,66,10727238,0.467435,0.420418,0.00806049,1.75117,2708142280.000001
2026-09-05T14:01:03+00:00,Spiko Amundi Overnight Swap Fund (EUR),EURSAFO,1.18,1229005528,67,0.0,1.18,1.17,-0.000349305509739217,-0.02971,1045687476.43203
2026-09-05T14:01:03+00:00,Ethereum Classic,ETC,7.71,1219249321,68,40522577,7.79,7.3,0.305457,4.1292,158070317.6360475
2026-09-05T14:01:03+00:00,Lighter,LIT,4.65,1162545687,69,129537243,4.9,4.54,-0.05561613193895809,-1.07915,250000000.0
2026-09-05T14:01:03+00:00,Pi Network,PI,0.0954,1062496572,70,4630336,0.09549,0.093657,0.00073757,0.809,11141680597.248924
2026-09-05T14:01:03+00:00,POL (ex-MATIC),POL,0.094704,1014189614,71,43962983,0.095432,0.090957,0.00219969,2.46718,10708873805.9877
2026-09-05T14:01:03+00:00,KuCoin,KCS,7.11,975566006,72,2269825,7.12,7.0,0.086783,1.27248,137155021.2773955
2026-09-05T14:01:03+00:00,Blockchain Capital,BCAP,106.22,967888430,73,0.0,106.22,106.22,0.0,0.0,9112111.0
2026-09-05T14:01:03+00:00,Gate,GT,9.03,962037859,74,2570476,9.17,8.27,0.710387,8.62258,106617490.87347881
2026-09-05T14:01:03+00:00,Quant,QNT,63.84,928441671,75,14245485,65.17,63.43,-1.2973754561056765,-2.06862,14544176.164081175
2026-09-05T14:01:03+00:00,JUST,JST,0.109226,895009530,76,15250852,0.109253,0.107852,0.00018212,0.12477,8188743036.341737
2026-09-05T14:01:03+00:00,Arbitrum,ARB,0.132944,887650505,77,171297508,0.136734,0.129384,-0.001945493727600361,-1.46154,6678075931.0
2026-09-05T14:01:03+00:00,Dash,DASH,69.06,885907964,78,584683598,73.23,49.6,18.92,37.53863,12826803.48295869
2026-09-05T14:01:03+00:00,Spiko EU T-Bills Money Market Fund,EUTBL,1.23,882559347,79,0.0,1.23,1.23,-0.000624146373380929,-0.05075,718027528.4955
2026-09-05T14:01:03+00:00,Algorand,ALGO,0.095982,867349095,80,34333291,0.097327,0.089698,0.00480969,5.32794,9038908945.54796
2026-09-05T14:01:03+00:00,Kaspa,KAS,0.03023582,837166704,81,11290052,0.03070059,0.02892899,0.00078845,2.79769,27682759113.028645
2026-09-05T14:01:03+00:00,Venice Token,VVV,17.47,834527663,82,17930177,18.42,17.23,-0.06362629185990443,-0.3874,47764383.56253289
2026-09-05T14:01:03+00:00,NEXO,NEXO,0.834822,833993562,83,2965822,0.844676,0.824054,0.00106427,0.06685,1000000000.0
2026-09-05T14:01:03+00:00,Cosmos Hub,ATOM,1.55,821170128,84,28593711,1.56,1.47,0.04359021,3.01038,529005141.553835
2026-09-05T14:01:03+00:00,Janus Henderson Anemoy Treasury Fund,JTRSY,1.12,799656135,85,0.0,1.12,1.12,0.0,0.0,717141156.78007
2026-09-05T14:01:03+00:00,Invesco Short Duration US Government Securities Fund,USTB,11.2,775001907,86,0.0,11.2,11.2,0.0,0.0,69193528.399223
2026-09-05T14:01:03+00:00,Render,RENDER,1.47,762423231,87,37949995,1.5,1.41,0.04046367,2.87027,518772101.28269154
2026-09-05T14:01:03+00:00,​​Stable,STABLE,0.028958,754662679,88,8570541,0.02962609,0.02856697,-0.000170062704655007,-0.49947,26046373799.0
2026-09-05T14:01:03+00:00,Jupiter,JUP,0.222486,738751025,89,49561235,0.2261,0.213599,0.00612221,2.96077,3320312968.08
2026-09-05T14:01:03+00:00,Janus Henderson Anemoy AAA CLO Fund,JAAA,1.048,710966727,90,0.0,1.048,1.048,0.0,0.0,678300455.183658
2026-09-05T14:01:03+00:00,PancakeSwap,CAKE,2.2,706954301,91,113728476,2.21,1.93,0.228849,12.04168,320772332.95786476
2026-09-05T14:01:03+00:00,GHO,GHO,0.999298,698510688,92,6203506,0.999503,0.998891,0.0002347,0.0257,699000000.0
2026-09-05T14:01:03+00:00,Filecoin,FIL,0.781399,646282868,93,58158837,0.791473,0.741382,0.03068329,4.08036,826850767.0
2026-09-05T14:01:03+00:00,Pons,PONS,0.905901,644901378,94,198257224,0.914559,0.628628,0.164822,22.02103,712104762.0614183
2026-09-05T14:01:03+00:00,Beldex,BDX,0.07926,623784386,95,11531612,0.080202,0.078711,0.00031017,0.44501,7870513198.280579
2026-09-05T14:01:03+00:00,Official Trump,TRUMP,2.38,622969904,96,296767577,2.45,2.23,0.132377,6.00795,261880985.28763402
2026-09-05T14:01:03+00:00,VeChain,VET,0.00687388,591141935,97,6990361,0.00698825,0.00654972,0.00020621,3.10719,85985041177.0
2026-09-05T14:01:03+00:00,Flare,FLR,0.00671527,582942445,98,2338564,0.00680127,0.00662881,-7.1270806153834e-05,-1.01065,86797627450.08269
2026-09-05T14:01:03+00:00,Curve DAO,CRV,0.361142,561309128,99,52747439,0.36607,0.348013,0.00090794,0.29714,1554299485.0
2026-09-05T14:01:03+00:00,XDC Network,XDC,0.02786344,555710785,100,3443087,0.02793044,0.02758866,4.88e-05,0.15094,19946688440.0
2026-09-05T15:01:04+00:00,Bitcoin,BTC,79752,1601359999032,1,19451302836,79848,78829,833.6,1.05628,20079921.0
2026-09-05T15:01:04+00:00,Ethereum,ETH,2458.44,299954850198,2,7076331913,2463.12,2438.67,17.74,0.72672,122020932.85347287
2026-09-05T15:01:04+00:00,Tether,USDT,1.0,183405690754,3,40705474941,1.0,0.999885,0.00015975,0.01598,183392383062.09265
2026-09-05T15:01:04+00:00,BNB,BNB,769.3,102455149746,4,1811956289,767.12,710.9,57.71,8.10988,133161965.26
2026-09-05T15:01:04+00:00,XRP,XRP,1.42,88877678099,5,1523650931,1.42,1.39,0.02691119,1.93652,62744504852.0
2026-09-05T15:01:04+00:00,USDC,USDC,0.999998,74601255207,6,10792449562,1.0,0.999839,0.00013455,0.01346,74601085573.6574
2026-09-05T15:01:04+00:00,Solana,SOL,102.89,60233345085,7,2239908899,103.38,100.7,2.09,2.078,585445984.5033169
2026-09-05T15:01:04+00:00,TRON,TRX,0.333111,31625027973,8,268481005,0.333266,0.329151,0.00395269,1.20085,94933696444.65239
2026-09-05T15:01:04+00:00,Figure Heloc,FIGR_HELOC,1.039,23163056358,9,22645706,1.041,1.03,0.00717267,0.69505,22290650137.398
2026-09-05T15:01:04+00:00,Hyperliquid,HYPE,85.29,18970653565,10,911427041,85.71,83.65,1.53,1.82832,222445714.07414138
2026-09-05T15:01:04+00:00,Zcash,ZEC,1016.32,17189420078,11,892649680,1046.3,971.91,41.49,4.25633,16912153.2905448
2026-09-05T15:01:04+00:00,Dogecoin,DOGE,0.087862,13687630308,12,619872143,0.088019,0.084053,0.00366601,4.35413,155790346383.7052
2026-09-05T15:01:04+00:00,Rain,RAIN,0.01642257,11644279153,13,42584036,0.01662785,0.01638085,-0.000162487099694481,-0.97972,709200790061.2639
2026-09-05T15:01:04+00:00,Monero,XMR,538.65,10128850944,14,116627614,547.51,513.76,20.07,3.87012,18800688.40190407
2026-09-05T15:01:04+00:00,USDS,USDS,0.999737,9810204929,15,171958911,1.0,0.999538,-0.000111599313627475,-0.01116,9812791674.646385
2026-09-05T15:01:04+00:00,Chainlink,LINK,11.88,8888586782,16,305495060,11.88,11.5,0.36155,3.13777,748099970.424884
2026-09-05T15:01:04+00:00,WhiteBIT Coin,WBT,73.23,8637239035,17,38637299,73.4,72.51,0.619328,0.85297,117956019.0
2026-09-05T15:01:04+00:00,LEO Token,LEO,9.28,8532868697,18,275670,9.35,9.18,-0.02180815063150554,-0.23454,919857851.9
2026-09-05T15:01:04+00:00,Cardano,ADA,0.217912,8175608567,19,400216771,0.216974,0.209454,0.00676535,3.2041,37504333228.36598
2026-09-05T15:01:04+00:00,Stellar,XLM,0.184017,6403500099,20,111862036,0.184906,0.177607,0.00593614,3.3334,34802066643.11151
2026-09-05T15:01:04+00:00,Bitcoin Cash,BCH,250.37,5029801633,21,139591016,253.99,245.18,1.086,0.43576,20084999.89665078
2026-09-05T15:01:04+00:00,Dai,DAI,0.999741,4607442659,22,278471559,1.0,0.999606,-0.000221521196634655,-0.02215,4608636317.385185
2026-09-05T15:01:04+00:00,Ethena USDe,USDE,0.99996,4346411985,23,78537186,1.0,0.999742,0.00017993,0.018,4346580907.398017
2026-09-05T15:01:04+00:00,Canton,CC,0.109421,4322937002,24,6941736,0.109854,0.105739,0.00102268,0.94344,39507101193.15242
2026-09-05T15:01:04+00:00,USD1,USD1,0.999675,4246776549,25,944109738,0.999848,0.999466,3.865e-05,0.00387,4248045903.920825
2026-09-05T15:01:04+00:00,Litecoin,LTC,53.85,4176757488,26,386909554,54.32,49.96,3.82,7.6317,77573479.30424522
2026-09-05T15:01:04+00:00,Gram (prev. Toncoin),GRAM,1.43,3970216972,27,47600626,1.43,1.36,0.065898,4.83918,2781529426.3126836
2026-09-05T15:01:04+00:00,Uniswap,UNI,6.37,3967014801,28,475685336,6.43,6.09,0.182827,2.95639,623212423.7271129
2026-09-05T15:01:04+00:00,Hedera,HBAR,0.080888,3545405625,29,56700079,0.081512,0.076613,0.00420861,5.48855,43831559705.67694
2026-09-05T15:01:04+00:00,Sui,SUI,0.802359,3284697935,30,483078187,0.805289,0.742549,0.058505,7.86512,4096537146.5409594
2026-09-05T15:01:04+00:00,Avalanche,AVAX,7.56,3264654106,31,186535974,7.55,7.33,0.226012,3.081,431771961.1772119
2026-09-05T15:01:04+00:00,Global Dollar,USDG,1.0,3258590346,32,1658850262,1.0,0.999939,0.0001467,0.01467,3257850594.606568
2026-09-05T15:01:04+00:00,Shiba Inu,SHIB,5.46e-06,3216606976,33,67143799,5.57e-06,5.17e-06,2.7391e-07,5.28409,589239321044316.9
2026-09-05T15:01:04+00:00,PayPal USD,PYUSD,0.999936,2875736909,34,84124005,1.0,0.999847,-6.2343816812027e-05,-0.00623,2875921030.2031646
2026-09-05T15:01:04+00:00,NEAR Protocol,NEAR,2.2,2869107147,35,523061203,2.29,1.92,0.276067,14.36534,1305505472.0
2026-09-05T15:01:04+00:00,BlackRock USD Institutional Digital Liquidity Fund,BUIDL,1.0,2832282866,36,0.0,1.0,1.0,0.0,0.0,2832282865.800449
2026-09-05T15:01:04+00:00,Cronos,CRO,0.056336,2733820898,37,3760464,0.056634,0.055622,0.00058129,1.04258,48535730614.09468
2026-09-05T15:01:04+00:00,Tether Gold,XAUT,4425.0,2711715006,38,106495920,4441.26,4409.4,3.33,0.07528,612823.6595320001
2026-09-05T15:01:04+00:00,Circle USYC,USYC,1.14,2624340328,39,0.0,1.14,1.14,0.0,0.0,2308988052.650666
2026-09-05T15:01:04+00:00,MemeCore,M,1.12,2539456697,40,1070860,1.14,1.099,0.01084278,0.97844,2269374393.203016
2026-09-05T15:01:04+00:00,Ripple USD,RLUSD,0.999976,2407090007,41,83673290,1.0,0.99985,2.354e-05,0.00235,2407151384.64723
2026-09-05T15:01:04+00:00,OKB,OKB,113.43,2384431305,42,22914099,115.42,107.18,6.23,5.81065,21000000.0
2026-09-05T15:01:04+00:00,Bittensor,TAO,236.66,2270931288,43,172349133,240.47,221.51,14.91,6.72308,9597491.0
2026-09-05T15:01:04+00:00,Aster,ASTER,0.814684,2205208761,44,328773112,0.863964,0.723202,0.088355,12.16452,2700010975.2797318
2026-09-05T15:01:04+00:00,Ondo US Dollar Yield,USDY,1.14,2198763671,45,285911,1.15,1.14,0.00014812,0.01294,1920617639.5628169
2026-09-05T15:01:04+00:00,Aave,AAVE,130.88,2019061793,46,180187142,132.06,128.88,1.027,0.79118,15427212.42701473
2026-09-05T15:01:04+00:00,Mantle,MNT,0.583751,1927794452,47,16179950,0.582772,0.568021,0.00987545,1.72083,3302294382.53684
2026-09-05T15:01:04+00:00,PAX Gold,PAXG,4430.31,1916086116,48,63524862,4447.79,4414.87,2.51,0.05665,432503.322051
2026-09-05T15:01:04+00:00,World Liberty Financial,WLFI,0.056917,1807489991,49,28552959,0.057543,0.056129,-0.000105951133088721,-0.18581,31776983128.0
2026-09-05T15:01:04+00:00,Ondo,ONDO,0.36981,1800306073,50,101750270,0.376156,0.350126,0.01921633,5.48109,4869330647.0
2026-09-05T15:01:04+00:00,Morpho,MORPHO,2.51,1728203567,51,33470090,2.58,2.44,0.055881,2.27758,688616289.5684352
2026-09-05T15:01:04+00:00,Ethena,ENA,0.16362,1651109740,52,383435008,0.167212,0.161541,0.00163155,1.0072,10095312500.0
2026-09-05T15:01:04+00:00,Pump.fun,PUMP,0.00408727,1615096346,53,126920228,0.0044048,0.00407043,-0.000108322039299332,-2.5818,395411151332.38214
2026-09-05T15:01:04+00:00,Sky,SKY,0.067569,1582677809,54,4760531,0.068252,0.06671,0.00060077,0.8971,23424230770.262283
2026-09-05T15:01:04+00:00,Polkadot,DOT,0.916513,1559374319,55,139527778,0.924836,0.845642,0.069275,8.1766,1701338554.401286
2026-09-05T15:01:04+00:00,Pepe,PEPE,3.58e-06,1503952945,56,213690662,3.6e-06,3.45e-06,7.3381e-08,2.09463,420690000000000.0
2026-09-05T15:01:04+00:00,HTX DAO,HTX,1.67e-06,1497853051,57,9943570,1.67e-06,1.63e-06,3.0393e-08,1.85644,898232728634017.2
2026-09-05T15:01:04+00:00,USDD,USDD,0.99902,1477248276,58,2475666,0.999588,0.997902,0.00044663,0.04473,1478707600.0
2026-09-05T15:01:04+00:00,Internet Computer,ICP,2.61,1450542988,59,57176222,2.71,2.44,0.164744,6.74212,556206746.5532647
2026-09-05T15:01:04+00:00,Worldcoin,WLD,0.398795,1448038561,60,139687096,0.407715,0.371394,0.02700354,7.26309,3633641311.5535507
2026-09-05T15:01:04+00:00,Bitget Token,BGB,2.01,1407900793,61,7984628,2.02,1.96,0.04646512,2.36483,699992029.6481038
2026-09-05T15:01:04+00:00,USDGO,USDGO,1.0,1355434147,62,42299945,1.0,0.999896,-3.4390739842127e-05,-0.00344,1355454412.77
2026-09-05T15:01:04+00:00,Falcon USD,USDF,0.996788,1339753907,63,466117,0.998229,0.988429,0.00057889,0.05811,1344070422.590452
2026-09-05T15:01:04+00:00,BFUSD,BFUSD,1.0,1320032675,64,784867,1.0,0.999824,0.00017689,0.01769,1320000000.0
2026-09-05T15:01:04+00:00,United Stables,U,0.999185,1276453497,65,111269689,0.999709,0.999058,-4.095922914038e-05,-0.0041,1277499107.8
2026-09-05T15:01:04+00:00,Spiko Amundi Overnight Swap Fund (EUR),EURSAFO,1.18,1229005528,66,0.0,1.18,1.17,-0.000203420667495458,-0.0173,1045687476.43203
2026-09-05T15:01:04+00:00,Ethereum Classic,ETC,7.74,1222659861,67,40814966,7.79,7.32,0.401219,5.47074,158070724.6252675
2026-09-05T15:01:04+00:00,Bitway,BTW,0.449024,1216133217,68,10705603,0.467435,0.420418,-0.003657396775531341,-0.80794,2708142280.000001
2026-09-05T15:01:04+00:00,Lighter,LIT,4.7,1174250475,69,116407577,4.9,4.59,0.057133,1.23095,250000000.0
2026-09-05T15:01:04+00:00,Pi Network,PI,0.09609,1070915674,70,4578505,0.095697,0.093657,0.00214937,2.288,11141680597.248924
2026-09-05T15:01:04+00:00,POL (ex-MATIC),POL,0.095372,1020634116,71,43354019,0.095432,0.091386,0.00385726,4.21492,10708873805.9877
2026-09-05T15:01:04+00:00,KuCoin,KCS,7.12,976669449,72,2266149,7.13,7.0,0.115883,1.6541,137155021.2773955
2026-09-05T15:01:04+00:00,Blockchain Capital,BCAP,106.22,967888430,73,0.0,106.22,106.22,0.0,0.0,9112111.0
2026-09-05T15:01:04+00:00,Gate,GT,9.04,963631144,74,1987651,9.17,8.28,0.740989,8.93125,106617537.26820782
2026-09-05T15:01:04+00:00,Quant,QNT,63.99,930790640,75,14064849,64.92,63.43,-0.482804659686785,-0.7489,14544176.164081175
2026-09-05T15:01:04+00:00,Arbitrum,ARB,0.134613,898880988,76,168735497,0.136734,0.129384,0.00258547,1.95828,6678075931.0
2026-09-05T15:01:04+00:00,JUST,JST,0.108457,888106358,77,18921846,0.109336,0.107852,-8.8878862894923e-05,-0.08188,8188743036.341737
2026-09-05T15:01:04+00:00,Spiko EU T-Bills Money Market Fund,EUTBL,1.23,882559347,78,0.0,1.23,1.23,-0.000212738439479443,-0.0173,718027528.4955
2026-09-05T15:01:04+00:00,Dash,DASH,68.33,876108639,79,602142637,73.23,49.87,18.26,36.46077,12826803.48295869
2026-09-05T15:01:04+00:00,Algorand,ALGO,0.095632,863979873,80,32751460,0.097327,0.089754,0.00572158,6.36367,9038908945.54796
2026-09-05T15:01:04+00:00,Kaspa,KAS,0.03036925,840580703,81,10847792,0.03070059,0.02892899,0.00129011,4.43653,27682759113.028645
2026-09-05T15:01:04+00:00,NEXO,NEXO,0.837708,837068684,82,2126073,0.844676,0.824054,0.00499539,0.59989,1000000000.0
2026-09-05T15:01:04+00:00,Venice Token,VVV,17.46,834097489,83,18153592,18.42,17.29,0.166453,0.96236,47764787.06963588
2026-09-05T15:01:04+00:00,Cosmos Hub,ATOM,1.55,817931881,84,28210873,1.56,1.48,0.068733,4.65053,529005141.553835
2026-09-05T15:01:04+00:00,Janus Henderson Anemoy Treasury Fund,JTRSY,1.12,799656135,85,0.0,1.12,1.12,0.0,0.0,717141156.78007
2026-09-05T15:01:04+00:00,Invesco Short Duration US Government Securities Fund,USTB,11.2,775001907,86,0.0,11.2,11.2,0.0,0.0,69193528.399223
2026-09-05T15:01:04+00:00,Render,RENDER,1.47,762543140,87,37600578,1.5,1.41,0.058544,4.14783,518772101.28269154
2026-09-05T15:01:04+00:00,​​Stable,STABLE,0.02896543,754449450,88,8267677,0.02960444,0.02856697,-0.000491813893583926,-1.66959,26047329561.0
2026-09-05T15:01:04+00:00,Jupiter,JUP,0.2228,739806076,89,48256427,0.2261,0.213599,0.00854695,3.98919,3320312968.08
2026-09-05T15:01:04+00:00,PancakeSwap,CAKE,2.23,716100704,90,115824309,2.25,1.93,0.295261,15.25468,320772343.2781727
2026-09-05T15:01:04+00:00,Janus Henderson Anemoy AAA CLO Fund,JAAA,1.048,710966727,91,0.0,1.048,1.048,0.0,0.0,678300455.183658
2026-09-05T15:01:04+00:00,GHO,GHO,0.999264,698485652,92,5395465,0.999503,0.998938,0.0002499,0.02502,699000000.0
2026-09-05T15:01:04+00:00,Pons,PONS,0.918627,654516745,93,199962644,0.916489,0.628628,0.198927,27.6403,712104762.0614183
2026-09-05T15:01:04+00:00,Filecoin,FIL,0.786984,650376323,94,57838981,0.795191,0.742087,0.04187661,5.62021,826851140.0
2026-09-05T15:01:04+00:00,Official Trump,TRUMP,2.38,622741433,95,285212682,2.45,2.24,0.135886,6.06144,261880985.28763402
2026-09-05T15:01:04+00:00,Beldex,BDX,0.079105,622727864,96,11321159,0.080202,0.078751,0.00025106,0.31838,7870514038.667269
2026-09-05T15:01:04+00:00,VeChain,VET,0.00689719,593025016,97,6872334,0.00698825,0.00656052,0.00032928,5.01342,85985041177.0
2026-09-05T15:01:04+00:00,Flare,FLR,0.00671874,583125687,98,2279661,0.00680127,0.00662881,1.263e-05,0.18838,86797627450.08269
2026-09-05T15:01:04+00:00,Curve DAO,CRV,0.362924,564214575,99,47798914,0.36607,0.348013,0.00945541,2.67504,1554356267.0
2026-09-05T15:01:04+00:00,币安人生 (BinanceLife),币安人生,0.560969,560900578,100,10343450,0.55861,0.480624,0.079462,16.50287,1000000000.0
2026-09-05T16:01:05+00:00,Bitcoin,BTC,79805,1602508024574,1,18577545456,79848,79380,394.15,0.49978,20080056.0
2026-09-05T16:01:05+00:00,Ethereum,ETH,2459.37,300100059794,2,6759014294,2463.12,2443.51,7.68,0.32891,122020932.85347287
2026-09-05T16:01:05+00:00,Tether,USDT,1.0,183408618845,3,39129491491,1.0,0.999885,0.00010669,0.00781,183392383062.09265
2026-09-05T16:01:05+00:00,BNB,BNB,769.8,102550632330,4,1871639785,771.35,716.12,53.28,7.44525,133161965.26
2026-09-05T16:01:05+00:00,XRP,XRP,1.41,88612090648,5,1438131451,1.42,1.39,0.0135223,0.98726,62744504852.0
2026-09-05T16:01:05+00:00,USDC,USDC,1.0,74597593370,6,10230806915,1.0,0.999889,0.0001095,0.00792,74596882541.70943
2026-09-05T16:01:05+00:00,Solana,SOL,102.92,60253932206,7,2196760593,103.38,101.13,1.48,1.48186,585445876.1800897
2026-09-05T16:01:05+00:00,TRON,TRX,0.33407,31705433114,8,258882466,0.333266,0.330127,0.0038942,1.16302,94935543346.77028
2026-09-05T16:01:05+00:00,Figure Heloc,FIGR_HELOC,1.036,23090149724,9,20254283,1.042,1.03,0.00280844,0.27991,22290650137.398
2026-09-05T16:01:05+00:00,Hyperliquid,HYPE,85.45,19013644942,10,856621077,85.71,83.66,0.718334,0.85313,222445714.07414138
2026-09-05T16:01:05+00:00,Zcash,ZEC,1015.69,17183861313,11,865747195,1046.3,985.48,29.04,2.97838,16915986.1030448
2026-09-05T16:01:05+00:00,Dogecoin,DOGE,0.087601,13647480476,12,630242251,0.088069,0.084053,0.00320858,3.81926,155790906383.70523
2026-09-05T16:01:05+00:00,Rain,RAIN,0.01680533,11899455213,13,43544542,0.0166191,0.01638085,0.00022277,1.33082,709200788987.2661
2026-09-05T16:01:05+00:00,Monero,XMR,540.5,10159208210,14,110386167,547.51,513.76,17.87,3.56184,18800704.00161159
2026-09-05T16:01:05+00:00,USDS,USDS,0.999744,9810326636,15,166164409,1.0,0.999538,-0.000172236054507224,-0.02003,9812791674.646385
2026-09-05T16:01:05+00:00,Chainlink,LINK,11.94,8939168668,16,288808279,11.89,11.58,0.288504,2.51362,748099970.424884
2026-09-05T16:01:05+00:00,WhiteBIT Coin,WBT,73.28,8642899501,17,35613879,73.4,72.95,0.263629,0.37663,117956019.0
2026-09-05T16:01:05+00:00,LEO Token,LEO,9.27,8526208142,18,276669,9.35,9.18,-0.018337014444732347,-0.19793,919857851.9
2026-09-05T16:01:05+00:00,Cardano,ADA,0.217348,8151888244,19,391441135,0.21902,0.209454,0.00441571,2.07159,37504333228.36598
2026-09-05T16:01:05+00:00,Stellar,XLM,0.183658,6392295847,20,117665030,0.184906,0.177945,0.00471906,2.6973,34802066021.91692
2026-09-05T16:01:05+00:00,Bitcoin Cash,BCH,252.53,5069261109,21,134062827,253.99,245.18,1.11,0.47178,20084999.89665078
2026-09-05T16:01:05+00:00,Dai,DAI,0.999944,4609855233,22,264851206,1.0,0.999606,3.645e-05,-0.00882,4610557926.813799
2026-09-05T16:01:05+00:00,Ethena USDe,USDE,0.999965,4347656008,23,78831872,1.0,0.999742,0.00010371,0.00742,4347831668.569017
2026-09-05T16:01:05+00:00,Canton,CC,0.109978,4338235338,24,7075706,0.109854,0.105739,0.00187061,1.73318,39507101193.15242
2026-09-05T16:01:05+00:00,USD1,USD1,0.999656,4246594908,25,916853566,0.999848,0.999466,-1.0438195272577e-05,-0.00621,4248045903.908017
2026-09-05T16:01:05+00:00,Litecoin,LTC,53.67,4165118762,26,395589557,54.32,50.21,3.42,6.8177,77574085.55594929
2026-09-05T16:01:05+00:00,Gram (prev. Toncoin),GRAM,1.42,3961694606,27,47364867,1.43,1.36,0.062261,4.59518,2781553866.546878
2026-09-05T16:01:05+00:00,Uniswap,UNI,6.35,3955000480,28,449717322,6.43,6.09,0.064962,1.05195,623212423.7271129
2026-09-05T16:01:05+00:00,Hedera,HBAR,0.080487,3528171005,29,54912306,0.081512,0.077152,0.00319448,4.12108,43831559705.72052
2026-09-05T16:01:05+00:00,Sui,SUI,0.796648,3262980882,30,508363888,0.806337,0.748254,0.04750293,6.38168,4096537146.5409594
2026-09-05T16:01:05+00:00,Global Dollar,USDG,1.0,3257690707,31,1616255724,1.0,0.999939,1.678e-05,-0.00198,3257674657.662386
2026-09-05T16:01:05+00:00,Avalanche,AVAX,7.54,3257550213,32,181684892,7.58,7.33,0.178662,2.45516,431771961.1772119
2026-09-05T16:01:05+00:00,Shiba Inu,SHIB,5.44e-06,3207881773,33,63103155,5.57e-06,5.18e-06,2.37621e-07,4.63797,589239321044316.9
2026-09-05T16:01:05+00:00,PayPal USD,PYUSD,0.999969,2896544537,34,81554505,1.0,0.999847,-8.4572479497558e-05,-0.01137,2896625074.7131643
2026-09-05T16:01:05+00:00,NEAR Protocol,NEAR,2.18,2843446416,35,520240043,2.29,1.94,0.234729,12.11252,1305505437.0
2026-09-05T16:01:05+00:00,BlackRock USD Institutional Digital Liquidity Fund,BUIDL,1.0,2832282866,36,0.0,1.0,1.0,0.0,0.0,2832282865.800449
2026-09-05T16:01:05+00:00,Cronos,CRO,0.056373,2736045688,37,3810460,0.056634,0.055622,0.00022918,0.408,48535819971.433235
2026-09-05T16:01:05+00:00,Tether Gold,XAUT,4424.75,2711647398,38,97492727,4435.88,4409.4,-4.879515251060184,-0.12359,612823.6595320001
2026-09-05T16:01:05+00:00,Circle USYC,USYC,1.14,2624340328,39,0.0,1.14,1.14,0.0,0.0,2308988052.650666
2026-09-05T16:01:05+00:00,MemeCore,M,1.12,2545556115,40,1004874,1.14,1.099,0.01661324,1.48615,2269389812.9356174
2026-09-05T16:01:05+00:00,Ripple USD,RLUSD,0.999947,2407025441,41,78614960,1.0,0.99985,-3.9021417963414e-05,-0.00598,2407151384.64723
2026-09-05T16:01:05+00:00,OKB,OKB,113.38,2380776711,42,25600833,115.42,107.55,5.54,5.12858,21000000.0
2026-09-05T16:01:05+00:00,Bittensor,TAO,235.78,2262681993,43,170276031,240.47,221.83,12.27,5.50462,9597491.0
2026-09-05T16:01:05+00:00,Aster,ASTER,0.814479,2198802944,44,337285072,0.863964,0.723202,0.08001,10.90649,2700010975.2797318
2026-09-05T16:01:05+00:00,Ondo US Dollar Yield,USDY,1.14,2188673683,45,1341592,1.15,1.14,-0.004988799838926194,-0.42941,1920618063.6532192
2026-09-05T16:01:05+00:00,Aave,AAVE,131.98,2037097784,46,182688015,132.06,128.88,0.693756,0.54303,15427212.936694494
2026-09-05T16:01:05+00:00,Mantle,MNT,0.581289,1919421948,47,16799034,0.583956,0.568021,0.0063225,1.06319,3302294382.53684
2026-09-05T16:01:05+00:00,PAX Gold,PAXG,4432.5,1917074335,48,57790927,4441.36,4414.87,-3.5833718452167886,-0.08903,432503.322051
2026-09-05T16:01:05+00:00,World Liberty Financial,WLFI,0.056959,1809835638,49,27117919,0.057543,0.056129,-7.9338646195651e-05,-0.13245,31776983128.0
2026-09-05T16:01:05+00:00,Ondo,ONDO,0.368953,1797037913,50,99577650,0.376156,0.352678,0.01533446,4.35505,4869330647.0
2026-09-05T16:01:05+00:00,Morpho,MORPHO,2.51,1727648546,51,32718945,2.58,2.5,-0.003365298103721326,-0.1528,688618173.3119011
2026-09-05T16:01:05+00:00,Ethena,ENA,0.162643,1641893036,52,369892401,0.167212,0.161541,-0.001908860084919056,-1.19383,10095312500.0
2026-09-05T16:01:05+00:00,Pump.fun,PUMP,0.00402686,1592402180,53,127723353,0.0044048,0.00405476,-0.000219927723201266,-5.16265,395411151332.38214
2026-09-05T16:01:05+00:00,Sky,SKY,0.0674,1578020905,54,4725131,0.068252,0.06671,0.00014418,0.31161,23424182064.721138
2026-09-05T16:01:05+00:00,Polkadot,DOT,0.910877,1549395224,55,135215198,0.924836,0.852588,0.056507,6.64622,1701357446.175792
2026-09-05T16:01:05+00:00,HTX DAO,HTX,1.67e-06,1503834311,56,9963717,1.67e-06,1.64e-06,3.566e-08,2.23311,898232728634017.2
2026-09-05T16:01:05+00:00,Pepe,PEPE,3.57e-06,1499331203,57,208198184,3.6e-06,3.45e-06,4.487e-08,1.35215,420690000000000.0
2026-09-05T16:01:05+00:00,USDD,USDD,0.999039,1476735065,58,2556216,0.999588,0.997542,0.00093855,0.09069,1478174639.0
2026-09-05T16:01:05+00:00,Internet Computer,ICP,2.6,1446200715,59,56461574,2.71,2.46,0.141335,5.74828,556235714.0627568
2026-09-05T16:01:05+00:00,Worldcoin,WLD,0.397356,1444126160,60,139700638,0.407715,0.375051,0.02202071,5.91936,3633643073.545589
2026-09-05T16:01:05+00:00,Bitget Token,BGB,2.02,1412240552,61,7957529,2.02,1.97,0.04708058,2.40113,699992029.6481038
2026-09-05T16:01:05+00:00,USDGO,USDGO,1.0,1355521279,62,38257845,1.0,0.999896,-1.1317970963987e-05,-0.00311,1355454412.77
2026-09-05T16:01:05+00:00,Falcon USD,USDF,0.996796,1339763647,63,507417,0.998229,0.988429,0.00053146,0.04988,1344070422.590452
2026-09-05T16:01:05+00:00,BFUSD,BFUSD,1.0,1320050454,64,775248,1.0,0.999905,0.000124,0.00936,1320000000.0
2026-09-05T16:01:05+00:00,United Stables,U,0.999191,1276502807,65,105181016,0.999709,0.999058,3.022e-05,0.00786,1277499107.8
2026-09-05T16:01:05+00:00,Bitway,BTW,0.455993,1234486379,66,10692661,0.467435,0.420418,0.00482841,0.99434,2708142280.000001
2026-09-05T16:01:05+00:00,Spiko Amundi Overnight Swap Fund (EUR),EURSAFO,1.18,1229005528,67,0.0,1.18,1.17,-0.000912530042981308,-0.04274,1045687476.43203
2026-09-05T16:01:05+00:00,Ethereum Classic,ETC,7.71,1218192334,68,41101912,7.79,7.34,0.339826,4.59615,158071538.6028675
2026-09-05T16:01:05+00:00,Lighter,LIT,4.68,1169053476,69,108908602,4.9,4.59,-0.06067632467655848,-1.22012,250000000.0
2026-09-05T16:01:05+00:00,Pi Network,PI,0.095915,1068672902,70,4520949,0.096439,0.093657,0.00168062,1.80104,11141680597.248924
2026-09-05T16:01:05+00:00,POL (ex-MATIC),POL,0.095225,1020266387,71,42629712,0.095432,0.091897,0.00306479,3.35151,10708873805.9877
2026-09-05T16:01:05+00:00,KuCoin,KCS,7.13,978310056,72,2304126,7.13,7.03,0.096585,1.38355,137155021.2773955
2026-09-05T16:01:05+00:00,Gate,GT,9.13,974239245,73,2392555,9.17,8.3,0.747149,8.8177,106617537.26820782
2026-09-05T16:01:05+00:00,Blockchain Capital,BCAP,106.22,967888430,74,0.0,106.22,106.22,0.0,0.0,9112111.0
2026-09-05T16:01:05+00:00,Quant,QNT,63.92,929645818,75,14038351,64.56,63.43,-0.3908050855383749,-0.62769,14544176.164081175
2026-09-05T16:01:05+00:00,JUST,JST,0.10982,899156263,76,19397925,0.110453,0.107852,0.0012196,1.08892,8188743036.341737
2026-09-05T16:01:05+00:00,Arbitrum,ARB,0.13266,886079142,77,159995574,0.136734,0.129384,-0.001949643899424314,-1.51139,6678075931.0
2026-09-05T16:01:05+00:00,Spiko EU T-Bills Money Market Fund,EUTBL,1.23,882559347,78,0.0,1.23,1.23,-0.000954328877748489,-0.04274,718027528.4955
2026-09-05T16:01:05+00:00,Dash,DASH,68.61,880322050,79,601112701,73.23,52.58,15.93,30.13435,12827515.77242951
2026-09-05T16:01:05+00:00,Algorand,ALGO,0.094996,858914524,80,35281943,0.097499,0.089838,0.00425966,4.70826,9038938112.658466
2026-09-05T16:01:05+00:00,Kaspa,KAS,0.03045147,843108699,81,10858809,0.03070059,0.02892899,0.00121844,4.17414,27683019390.647274
2026-09-05T16:01:05+00:00,NEXO,NEXO,0.837446,837454142,82,2085686,0.844676,0.824054,0.00892077,1.10454,1000000000.0
2026-09-05T16:01:05+00:00,Venice Token,VVV,17.23,823115034,83,17982761,18.42,17.36,-0.18847386036544123,-1.06584,47764960.68074699
2026-09-05T16:01:05+00:00,Cosmos Hub,ATOM,1.55,821715698,84,28688203,1.56,1.48,0.069864,4.7179,529015867.362581
2026-09-05T16:01:05+00:00,Janus Henderson Anemoy Treasury Fund,JTRSY,1.12,799656135,85,0.0,1.12,1.12,0.0,0.0,717141156.78007
2026-09-05T16:01:05+00:00,Invesco Short Duration US Government Securities Fund,USTB,11.2,775001907,86,0.0,11.2,11.2,1.776e-15,0.0,69193528.399223
2026-09-05T16:01:05+00:00,Render,RENDER,1.47,760407820,87,37344076,1.5,1.42,0.04830586,3.45397,518772101.28269154
2026-09-05T16:01:05+00:00,​​Stable,STABLE,0.0288084,750414067,88,8582702,0.0295359,0.02856697,-0.000654580679795701,-2.20207,26048512002.0
2026-09-05T16:01:05+00:00,Jupiter,JUP,0.224101,744099194,89,47676348,0.2261,0.213599,0.00827115,3.84663,3320312968.08
2026-09-05T16:01:05+00:00,PancakeSwap,CAKE,2.23,714279491,90,121865482,2.25,1.95,0.26431,13.47659,320772343.2781727
2026-09-05T16:01:05+00:00,Janus Henderson Anemoy AAA CLO Fund,JAAA,1.048,710966727,91,0.0,1.048,1.048,0.0,0.0,678300455.183658
2026-09-05T16:01:05+00:00,GHO,GHO,0.999285,698498977,92,5457768,0.999503,0.999063,0.0002223,0.01909,699000000.0
2026-09-05T16:01:05+00:00,Pons,PONS,0.917897,652775049,93,199239439,0.951369,0.628628,0.168581,22.23079,712104762.0614183
2026-09-05T16:01:05+00:00,Filecoin,FIL,0.779837,644461375,94,63796690,0.795191,0.742087,0.0368184,4.96934,826854860.0
2026-09-05T16:01:05+00:00,Beldex,BDX,0.079089,622671258,95,11278574,0.080202,0.078751,0.00016158,0.21322,7870512811.700314
2026-09-05T16:01:05+00:00,Official Trump,TRUMP,2.37,621861714,96,283500947,2.45,2.24,0.125696,5.58769,261880985.28763402
2026-09-05T16:01:05+00:00,VeChain,VET,0.00691368,594360480,97,6781147,0.00698825,0.00662232,0.00028892,4.36353,85985041177.0
2026-09-05T16:01:05+00:00,币安人生 (BinanceLife),币安人生,0.58733,587051640,98,12958714,0.567722,0.480823,0.106313,22.1863,1000000000.0
2026-09-05T16:01:05+00:00,Flare,FLR,0.0067241,583633887,99,2284251,0.00680127,0.00662881,-1.4388555992946e-05,-0.21181,86797627450.08269
2026-09-05T16:01:05+00:00,Curve DAO,CRV,0.363513,565028929,100,46980675,0.36607,0.348013,0.00624697,1.80999,1554360323.0
2026-09-05T16:22:18+00:00,Bitcoin,BTC,79827,1602665014886,1,18256801243,79848,79406,326.56,0.39456,20080056.0
2026-09-05T16:22:18+00:00,Ethereum,ETH,2460.3,300188124581,2,6633576971,2461.5,2443.51,7.24,0.31284,122020932.85347287
2026-09-05T16:22:18+00:00,Tether,USDT,1.0,183408056088,3,38331302652,1.0,0.999885,8.179e-05,0.01096,183392383062.09265
2026-09-05T16:22:18+00:00,BNB,BNB,772.18,102799604059,4,1899397209,771.35,716.64,54.52,7.59202,133161965.26
2026-09-05T16:22:18+00:00,XRP,XRP,1.41,88637386808,5,1405623743,1.42,1.39,0.00916442,0.63725,62744504852.0
2026-09-05T16:22:18+00:00,USDC,USDC,0.999971,74597668140,6,9879529486,1.0,0.999898,5.856e-05,0.00823,74596882541.70943
2026-09-05T16:22:18+00:00,Solana,SOL,102.93,60253615984,7,2086336144,103.38,101.13,1.21,1.17848,585445849.4922793
2026-09-05T16:22:18+00:00,TRON,TRX,0.334186,31719002457,8,260885637,0.334236,0.33057,0.00384582,1.14417,94935543346.77028
2026-09-05T16:22:18+00:00,Figure Heloc,FIGR_HELOC,1.039,23168207408,9,18183803,1.042,1.03,0.00663032,0.63909,22290650137.398
2026-09-05T16:22:18+00:00,Hyperliquid,HYPE,85.54,19022392519,10,813592514,85.71,83.66,0.830549,0.96754,222445714.07414138
2026-09-05T16:22:18+00:00,Zcash,ZEC,1022.66,17299939294,11,839914268,1046.3,999.67,24.34,2.44439,16915986.1030448
2026-09-05T16:22:18+00:00,Dogecoin,DOGE,0.087496,13629902010,12,629523029,0.088069,0.084053,0.00295836,3.48953,155790906383.70523
2026-09-05T16:22:18+00:00,Rain,RAIN,0.01713807,12151499993,13,34523371,0.01690585,0.01638085,0.00055312,3.31898,709200789486.7402
2026-09-05T16:22:18+00:00,Monero,XMR,541.2,10175774043,14,109012776,547.51,513.76,14.88,2.84107,18800704.00161159
2026-09-05T16:22:18+00:00,USDS,USDS,0.999742,9810316245,15,165574898,1.0,0.999538,-0.000189326204454554,-0.01616,9812791674.646385
2026-09-05T16:22:18+00:00,Chainlink,LINK,11.92,8919412570,16,286121434,11.96,11.58,0.24301,2.12615,748099970.424884
2026-09-05T16:22:18+00:00,WhiteBIT Coin,WBT,73.3,8643600545,17,34775356,73.34,72.97,0.196601,0.25584,117956019.0
2026-09-05T16:22:18+00:00,LEO Token,LEO,9.27,8526200925,18,276685,9.34,9.18,-0.02996893500760045,-0.31928,919857851.9
2026-09-05T16:22:18+00:00,Cardano,ADA,0.217723,8165445389,19,378649826,0.21902,0.209454,0.00425715,1.96219,37504333228.36598
2026-09-05T16:22:18+00:00,Stellar,XLM,0.183774,6394995330,20,117413738,0.186388,0.177945,0.00436133,2.41031,34802065872.613396
2026-09-05T16:22:18+00:00,Bitcoin Cash,BCH,252.09,5063083491,21,143783691,253.99,245.18,0.378291,0.14901,20084999.89665078
2026-09-05T16:22:18+00:00,Dai,DAI,0.999748,4610298486,22,259052991,1.0,0.999606,-8.1751204433544e-05,-0.00515,4610557926.813799
2026-09-05T16:22:18+00:00,Canton,CC,0.111186,4391490394,23,7254103,0.110112,0.105739,0.0035759,3.09789,39507101193.15242
2026-09-05T16:22:18+00:00,Ethena USDe,USDE,0.999935,4347650363,24,77533548,1.0,0.999742,2.944e-05,0.00495,4347831668.569017
2026-09-05T16:22:18+00:00,USD1,USD1,0.999638,4246444199,25,907238327,0.999848,0.999466,-8.3142393573099e-05,-0.00557,4248045903.908017
2026-09-05T16:22:18+00:00,Litecoin,LTC,53.79,4172746345,26,391622647,54.32,50.25,3.4,6.72763,77574085.55594929
2026-09-05T16:22:18+00:00,Uniswap,UNI,6.4,3989181824,27,441791450,6.43,6.09,0.093643,1.45845,623212423.7271129
2026-09-05T16:22:18+00:00,Gram (prev. Toncoin),GRAM,1.42,3961876175,28,46708487,1.43,1.37,0.059549,4.33433,2781561683.92849
2026-09-05T16:22:18+00:00,Hedera,HBAR,0.080476,3527313701,29,55380923,0.081512,0.077152,0.00314603,4.07584,43831559705.72052
2026-09-05T16:22:18+00:00,Global Dollar,USDG,1.0,3257762013,30,1604804520,1.0,0.999939,-4.1888925123024e-05,-0.00066,3257674657.662386
2026-09-05T16:22:18+00:00,Avalanche,AVAX,7.54,3256355169,31,180025304,7.58,7.33,0.160011,2.20409,431771961.1772119
2026-09-05T16:22:18+00:00,Sui,SUI,0.791997,3244867402,32,507430888,0.806337,0.749244,0.04054926,5.40931,4096537146.5409594
2026-09-05T16:22:18+00:00,Shiba Inu,SHIB,5.46e-06,3217407893,33,66496790,5.57e-06,5.18e-06,2.57705e-07,4.88156,589239321044316.9
2026-09-05T16:22:18+00:00,PayPal USD,PYUSD,0.999938,2896462024,34,81441456,1.0,0.999847,-0.000122872095616344,-0.00935,2896625074.7131643
2026-09-05T16:22:18+00:00,NEAR Protocol,NEAR,2.18,2848490053,35,519946851,2.29,1.97,0.232448,11.92438,1305505428.0
2026-09-05T16:22:18+00:00,BlackRock USD Institutional Digital Liquidity Fund,BUIDL,1.0,2832282866,36,0.0,1.0,1.0,0.0,0.0,2832282865.800449
2026-09-05T16:22:18+00:00,Cronos,CRO,0.056565,2745676670,37,3814074,0.056571,0.055622,0.00035678,0.67537,48535849224.900826
2026-09-05T16:22:18+00:00,Tether Gold,XAUT,4424.5,2711551259,38,96086921,4432.78,4409.4,-9.065143657104272,-0.22865,612823.6595320001
2026-09-05T16:22:18+00:00,Circle USYC,USYC,1.14,2624340328,39,0.0,1.14,1.14,0.0,0.0,2308988052.650666
2026-09-05T16:22:18+00:00,MemeCore,M,1.12,2549025842,40,1028141,1.14,1.099,0.01067914,1.02279,2269405262.659555
2026-09-05T16:22:18+00:00,Ripple USD,RLUSD,0.999929,2406984515,41,73742413,1.0,0.99985,-1.3256313587728e-05,0.00128,2407151384.64723
2026-09-05T16:22:18+00:00,OKB,OKB,114.0,2394065793,42,25990681,115.42,107.55,5.87,5.43108,21000000.0
2026-09-05T16:22:18+00:00,Bittensor,TAO,235.9,2264106223,43,168380883,240.47,221.83,12.04,5.39203,9597491.0
2026-09-05T16:22:18+00:00,Aster,ASTER,0.815257,2200958705,44,336562951,0.863964,0.723202,0.077327,10.55284,2700010975.2797318
2026-09-05T16:22:18+00:00,Ondo US Dollar Yield,USDY,1.14,2185612919,45,1398223,1.15,1.14,-0.003183856299312504,0.03405,1920618063.6532192
2026-09-05T16:22:18+00:00,Aave,AAVE,131.49,2028473046,46,179870956,132.18,128.88,-0.04104449322241521,-0.03283,15427226.38635178
2026-09-05T16:22:18+00:00,Mantle,MNT,0.581421,1920016578,47,16232022,0.583956,0.568021,0.00488557,0.86596,3302294382.53684
2026-09-05T16:22:18+00:00,PAX Gold,PAXG,4431.53,1916656834,48,57187261,4438.81,4414.87,-8.192558516470854,-0.2081,432503.322051
2026-09-05T16:22:18+00:00,World Liberty Financial,WLFI,0.057039,1812378404,49,26830061,0.057471,0.056129,-9.0109195861103e-05,-0.14772,31777036963.0
2026-09-05T16:22:18+00:00,Ondo,ONDO,0.368233,1793209763,50,97376601,0.376156,0.352678,0.01386007,3.88534,4869330647.0
2026-09-05T16:22:18+00:00,Morpho,MORPHO,2.51,1728344614,51,30189037,2.58,2.5,-0.013064301834732284,-0.52745,688618373.3186772
2026-09-05T16:22:18+00:00,Ethena,ENA,0.162942,1644680563,52,366764811,0.166378,0.161541,-0.002488996187294451,-1.5654,10095312500.0
2026-09-05T16:22:18+00:00,Pump.fun,PUMP,0.00405208,1601082753,53,130864232,0.00434691,0.00401889,-0.000252431066854762,-5.83258,395402404013.15424
2026-09-05T16:22:18+00:00,Sky,SKY,0.067429,1579666005,54,4633704,0.068252,0.06671,0.00030434,0.5075,23424182064.721138
2026-09-05T16:22:18+00:00,Polkadot,DOT,0.910465,1549400261,55,134615984,0.924836,0.852977,0.053646,6.35182,1701357446.175792
2026-09-05T16:22:18+00:00,HTX DAO,HTX,1.68e-06,1505980359,56,10215623,1.68e-06,1.64e-06,4.0128e-08,2.34035,898232728634017.2
2026-09-05T16:22:18+00:00,Pepe,PEPE,3.56e-06,1498414313,57,202319680,3.6e-06,3.45e-06,3.549e-08,0.89644,420690000000000.0
2026-09-05T16:22:18+00:00,USDD,USDD,0.999013,1477039378,58,2560791,0.999588,0.997542,0.00089912,0.08308,1478483360.0
2026-09-05T16:22:18+00:00,Internet Computer,ICP,2.61,1450593678,59,56563781,2.71,2.46,0.143539,5.80935,556235714.0627568
2026-09-05T16:22:18+00:00,Worldcoin,WLD,0.396606,1441201309,60,135839848,0.407715,0.375292,0.02018596,5.361,3633643073.545589
2026-09-05T16:22:18+00:00,Bitget Token,BGB,2.02,1416227159,61,8131930,2.02,1.97,0.053622,2.71564,699992029.6481038
2026-09-05T16:22:18+00:00,USDGO,USDGO,0.999973,1355418118,62,38543641,1.0,0.999896,-0.000136020892798516,-0.00912,1355454412.77
2026-09-05T16:22:18+00:00,Falcon USD,USDF,0.996699,1339645367,63,490713,0.998229,0.988429,0.00038932,0.04302,1344070422.590452
2026-09-05T16:22:18+00:00,BFUSD,BFUSD,1.0,1320178943,64,809334,1.0,0.999905,9.681e-05,0.02257,1320000000.0
2026-09-05T16:22:18+00:00,United Stables,U,0.999075,1276467592,65,105220961,0.999709,0.999128,-0.000159520149771053,-0.00377,1277499107.8
2026-09-05T16:22:18+00:00,Spiko Amundi Overnight Swap Fund (EUR),EURSAFO,1.18,1229005528,66,0.0,1.18,1.17,-0.000775833573873008,-0.06597,1045687476.43203
2026-09-05T16:22:18+00:00,Ethereum Classic,ETC,7.7,1217632002,67,40962155,7.79,7.34,0.320761,4.36671,158071538.6028675
2026-09-05T16:22:18+00:00,Bitway,BTW,0.448708,1213645574,68,10618905,0.467435,0.420418,-0.000554739856148678,-0.21622,2708142280.000001
2026-09-05T16:22:18+00:00,Lighter,LIT,4.75,1186889571,69,102312999,4.9,4.59,-0.028144092858962466,-0.38693,250000000.0
2026-09-05T16:22:18+00:00,Pi Network,PI,0.095743,1066737462,70,4479599,0.096439,0.093657,0.00151792,1.6042,11141680597.248924
2026-09-05T16:22:18+00:00,POL (ex-MATIC),POL,0.095466,1022306960,71,41236809,0.095504,0.092056,0.00342337,3.68292,10708873805.9877
2026-09-05T16:22:18+00:00,Gate,GT,9.29,990812289,72,2107248,9.17,8.3,0.927234,11.13942,106617601.25871602
2026-09-05T16:22:18+00:00,KuCoin,KCS,7.14,980420046,73,2239308,7.15,7.04,0.10074,1.59688,137155021.2773955
2026-09-05T16:22:18+00:00,Blockchain Capital,BCAP,106.22,967888430,74,0.0,106.22,106.22,0.0,0.0,9112111.0
2026-09-05T16:22:18+00:00,Quant,QNT,64.02,931120466,75,13770007,64.47,63.43,-0.4374395239999842,-0.66621,14544176.164081175
2026-09-05T16:22:18+00:00,JUST,JST,0.109769,898865709,76,22333583,0.110453,0.107852,0.00159448,1.51139,8188743036.341737
2026-09-05T16:22:18+00:00,Arbitrum,ARB,0.133498,891328978,77,162381729,0.136734,0.129384,-0.002359894619747949,-1.83319,6678075931.0
2026-09-05T16:22:18+00:00,Spiko EU T-Bills Money Market Fund,EUTBL,1.23,882559347,79,0.0,1.23,1.23,-0.000811370967529923,-0.06597,718027528.4955
2026-09-05T16:22:18+00:00,Dash,DASH,68.76,882413402,78,594840443,73.23,54.44,15.66,29.51917,12827515.77242951
2026-09-05T16:22:18+00:00,Algorand,ALGO,0.094475,854009609,80,35963051,0.097499,0.089838,0.00348435,3.81289,9038938112.658466
2026-09-05T16:22:18+00:00,Kaspa,KAS,0.03045107,842935388,81,10749833,0.03070059,0.02892899,0.00132857,4.51697,27683019390.647274
2026-09-05T16:22:18+00:00,NEXO,NEXO,0.83512,836790902,82,2587687,0.844676,0.824054,0.00763599,1.14218,1000000000.0
2026-09-05T16:22:18+00:00,Cosmos Hub,ATOM,1.55,820639326,83,28308166,1.56,1.48,0.065984,4.40968,529015867.362581
2026-09-05T16:22:18+00:00,Venice Token,VVV,17.17,820316577,84,17216520,18.42,17.14,-0.4524987960452407,-2.60113,47764960.68074699
2026-09-05T16:22:18+00:00,Janus Henderson Anemoy Treasury Fund,JTRSY,1.12,799656135,85,0.0,1.12,1.12,0.0,0.0,717141156.78007
2026-09-05T16:22:18+00:00,Invesco Short Duration US Government Securities Fund,USTB,11.2,774901924,86,0.0,11.2,11.2,-1.776e-15,0.0,69184601.684072
2026-09-05T16:22:18+00:00,Render,RENDER,1.47,761068869,87,36000602,1.5,1.42,0.04293839,2.97091,518772101.28269154
2026-09-05T16:22:18+00:00,​​Stable,STABLE,0.02914402,758613472,88,8327673,0.0295359,0.02856697,-0.000273312774494296,-0.97091,26049334019.0
2026-09-05T16:22:18+00:00,Jupiter,JUP,0.223967,743654867,89,46562887,0.2261,0.213599,0.00692125,3.06506,3320312968.08
2026-09-05T16:22:18+00:00,PancakeSwap,CAKE,2.24,719607827,90,121043326,2.25,1.95,0.265542,13.44148,320772343.2781727
2026-09-05T16:22:18+00:00,Janus Henderson Anemoy AAA CLO Fund,JAAA,1.048,710966727,91,0.0,1.048,1.048,0.0,0.0,678300455.183658
2026-09-05T16:22:18+00:00,GHO,GHO,0.99919,698438982,92,5427229,0.999503,0.999064,8.83e-05,0.01169,699000000.0
2026-09-05T16:22:18+00:00,Pons,PONS,0.940633,670307807,93,202256033,0.951369,0.628628,0.172953,22.79999,712104762.0614183
2026-09-05T16:22:18+00:00,Filecoin,FIL,0.781511,645990325,94,64043023,0.795191,0.742087,0.03496899,4.63882,826855358.0
2026-09-05T16:22:18+00:00,Beldex,BDX,0.079279,623848749,95,10561721,0.080202,0.078751,0.00032513,0.42866,7870512410.852726
2026-09-05T16:22:18+00:00,Official Trump,TRUMP,2.38,622742823,96,275274605,2.45,2.24,0.125839,5.54262,261880985.28763402
2026-09-05T16:22:18+00:00,币安人生 (BinanceLife),币安人生,0.600671,599980181,97,14509218,0.589473,0.483542,0.117324,24.1418,1000000000.0
2026-09-05T16:22:18+00:00,VeChain,VET,0.00691901,595106625,98,6592115,0.00698825,0.00664912,0.0002627,3.99703,85985041177.0
2026-09-05T16:22:18+00:00,Flare,FLR,0.00671633,582980105,99,2214318,0.0067799,0.00662881,-5.2864565977267e-05,-0.74639,86797627450.08269
2026-09-05T16:22:18+00:00,Curve DAO,CRV,0.364483,566533664,100,46407582,0.36607,0.348013,0.00723558,1.94274,1554360323.0
2026-09-05T17:01:02+00:00,Bitcoin,BTC,80147,1609184896075,1,18183513104,79848,79406,392.55,0.464,20080056.0
2026-09-05T17:01:02+00:00,Ethereum,ETH,2473.25,301772870468,2,6802044476,2461.5,2443.51,13.43,0.47403,122020932.85347287
2026-09-05T17:01:02+00:00,Tether,USDT,1.0,183408096660,3,38341375352,1.0,0.999885,7.197e-05,0.0034,183392383062.09265
2026-09-05T17:01:02+00:00,BNB,BNB,776.3,103371753816,4,1965164847,771.35,716.64,56.78,7.86034,133161954.07
2026-09-05T17:01:02+00:00,XRP,XRP,1.42,88980239511,5,1412862746,1.42,1.39,0.01496662,1.04032,62744504852.0
2026-09-05T17:01:02+00:00,USDC,USDC,0.999971,74595848800,6,9767609112,1.0,0.999898,5.349e-05,0.0014,74595490893.2756
2026-09-05T17:01:02+00:00,Solana,SOL,103.46,60563722648,7,2151463535,103.38,101.13,1.64,1.57211,585445821.5559143
2026-09-05T17:01:02+00:00,TRON,TRX,0.334527,31758639112,8,263595624,0.334236,0.33057,0.0038753,1.17872,94935543346.77028
2026-09-05T17:01:02+00:00,Figure Heloc,FIGR_HELOC,1.006,22416989657,9,6132203,1.042,1.03,-0.028900902506893145,-2.78166,22290650137.398
2026-09-05T17:01:02+00:00,Hyperliquid,HYPE,86.08,19145661098,10,832428664,85.71,83.66,0.927334,1.1532,222445714.07414138
2026-09-05T17:01:02+00:00,Zcash,ZEC,1033.41,17477979604,11,796601785,1046.3,999.67,-0.918066958153986,0.46847,16915986.1030448
2026-09-05T17:01:02+00:00,Dogecoin,DOGE,0.088339,13764528231,12,655050358,0.088069,0.084053,0.00367672,4.37408,155790906383.70523
2026-09-05T17:01:02+00:00,Rain,RAIN,0.01714693,12160382414,13,36385949,0.01690585,0.01638085,0.00055716,3.33443,709200789486.7402
2026-09-05T17:01:02+00:00,Monero,XMR,540.2,10156456236,14,106231881,547.51,513.76,15.51,3.12218,18800704.00161159
2026-09-05T17:01:02+00:00,USDS,USDS,0.999733,9810121336,15,165336185,1.0,0.999538,-0.000218482132850917,-0.02377,9812791674.646385
2026-09-05T17:01:02+00:00,Chainlink,LINK,11.98,8957915171,16,287387616,11.96,11.58,0.275209,2.3644,748099970.424884
2026-09-05T17:01:02+00:00,WhiteBIT Coin,WBT,73.61,8681958846,17,33899859,73.34,72.97,0.292868,0.4026,117956019.0
2026-09-05T17:01:02+00:00,LEO Token,LEO,9.27,8527955454,18,260859,9.34,9.18,0.03341187,0.25337,919857851.9
2026-09-05T17:01:02+00:00,Cardano,ADA,0.2184,8190831450,19,380093410,0.21902,0.209454,0.00468228,2.10123,37504333228.36598
2026-09-05T17:01:02+00:00,Stellar,XLM,0.184455,6419513455,20,117967223,0.186388,0.177945,0.00507835,2.80874,34802065723.84738
2026-09-05T17:01:02+00:00,Bitcoin Cash,BCH,254.13,5103409879,21,141161742,253.99,245.18,1.56,0.52146,20084999.89665078
2026-09-05T17:01:02+00:00,Dai,DAI,0.999952,4611915365,22,251127759,1.0,0.999606,4.45e-06,-0.0225,4612166362.269891
2026-09-05T17:01:02+00:00,Canton,CC,0.111118,4389488197,23,7136617,0.110112,0.105739,0.00354186,3.33504,39509111465.51381
2026-09-05T17:01:02+00:00,Ethena USDe,USDE,0.999969,4348192026,24,78085901,1.0,0.999742,6.455e-05,0.00393,4348350783.741017
2026-09-05T17:01:02+00:00,USD1,USD1,0.99959,4246282870,25,906182839,0.999848,0.999466,-7.2491071205327e-05,-0.00796,4248045903.908017
2026-09-05T17:01:02+00:00,Litecoin,LTC,54.39,4219186495,26,405622318,54.32,50.25,3.89,7.73463,77574085.55594929
2026-09-05T17:01:02+00:00,Uniswap,UNI,6.72,4190486813,27,517432483,6.43,6.09,0.462394,7.31521,623212423.7271129
2026-09-05T17:01:02+00:00,Gram (prev. Toncoin),GRAM,1.43,3963948380,28,45950452,1.43,1.37,0.05686,4.11014,2781574995.419102
2026-09-05T17:01:02+00:00,Hedera,HBAR,0.080625,3533011527,29,56275884,0.081512,0.077152,0.00309432,3.96769,43831559705.76384
2026-09-05T17:01:02+00:00,Sui,SUI,0.800377,3279017131,30,521216003,0.806337,0.749244,0.04678078,6.2142,4096537146.5409594
2026-09-05T17:01:02+00:00,Avalanche,AVAX,7.57,3268811990,31,187490714,7.58,7.33,0.190003,2.52256,431771961.1772119
2026-09-05T17:01:02+00:00,Global Dollar,USDG,1.0,3258399908,32,1612452413,1.0,0.999939,-2.553921205295e-05,-0.00645,3257974582.733661
2026-09-05T17:01:02+00:00,Shiba Inu,SHIB,5.48e-06,3229658983,33,67395604,5.57e-06,5.18e-06,2.67938e-07,5.11957,589239321044316.9
2026-09-05T17:01:02+00:00,PayPal USD,PYUSD,0.999972,2896526801,34,80376071,1.0,0.999847,-0.000114722419284341,-0.01417,2896625074.7131643
2026-09-05T17:01:02+00:00,NEAR Protocol,NEAR,2.21,2882101146,35,535287687,2.29,1.97,0.23542,11.8071,1305505406.0
2026-09-05T17:01:02+00:00,BlackRock USD Institutional Digital Liquidity Fund,BUIDL,1.0,2832282866,36,0.0,1.0,1.0,0.0,0.0,2832282865.800449
2026-09-05T17:01:02+00:00,Cronos,CRO,0.056502,2742333892,37,3875004,0.056571,0.055622,0.00010733,0.2306,48535897693.03999
2026-09-05T17:01:02+00:00,Tether Gold,XAUT,4427.91,2713498410,38,93443375,4432.78,4409.4,-2.7350662429953445,-0.05868,612823.6595320001
2026-09-05T17:01:02+00:00,Circle USYC,USYC,1.14,2624340328,39,0.0,1.14,1.14,0.0,0.0,2308988052.650666
2026-09-05T17:01:02+00:00,MemeCore,M,1.12,2540364931,40,1031973,1.14,1.099,0.01399585,1.32774,2269420682.3853536
2026-09-05T17:01:02+00:00,Ripple USD,RLUSD,0.999999,2407188753,41,70710518,1.0,0.99985,-5.052478513679e-06,-0.00374,2407151384.64723
2026-09-05T17:01:02+00:00,OKB,OKB,113.63,2386255035,42,26098085,115.42,107.55,5.53,5.27515,21000000.0
2026-09-05T17:01:02+00:00,Bittensor,TAO,235.61,2261201600,43,170086761,240.47,221.83,10.93,4.85169,9597491.0
2026-09-05T17:01:02+00:00,Ondo US Dollar Yield,USDY,1.14,2198913877,44,329419,1.15,1.14,0.00026064,0.2869,1920618063.6532192
2026-09-05T17:01:02+00:00,Aster,ASTER,0.793201,2140893986,45,323061327,0.863964,0.723202,0.0478439,6.50788,2700010975.2797318
2026-09-05T17:01:02+00:00,Aave,AAVE,132.16,2038901081,46,182340206,132.18,128.88,0.344724,0.16888,15427226.38635178
2026-09-05T17:01:02+00:00,Mantle,MNT,0.581544,1920389799,47,16357445,0.583956,0.568021,0.00353499,0.63465,3302294382.53684
2026-09-05T17:01:02+00:00,PAX Gold,PAXG,4434.63,1917981079,48,55154685,4438.81,4414.87,-2.810709909121215,-0.0552,432503.322051
2026-09-05T17:01:02+00:00,World Liberty Financial,WLFI,0.057103,1815044019,49,26820999,0.057471,0.056129,-0.000323186584237724,-0.49003,31777036963.0
2026-09-05T17:01:02+00:00,Ondo,ONDO,0.369577,1799471050,50,97425090,0.376156,0.352678,0.01365759,3.83614,4869330647.0
2026-09-05T17:01:02+00:00,Morpho,MORPHO,2.51,1728617230,51,30656126,2.58,2.5,-0.011031748606044722,-0.32302,688620457.0689193
2026-09-05T17:01:02+00:00,Ethena,ENA,0.163783,1652827627,52,351550367,0.166378,0.161541,-0.001978627352891921,-1.26894,10095312500.0
2026-09-05T17:01:02+00:00,Pump.fun,PUMP,0.00406653,1607806946,53,126510538,0.00434691,0.00401889,-0.000281164361453372,-6.31416,395398109497.913
2026-09-05T17:01:02+00:00,Sky,SKY,0.06784,1589097748,54,4673376,0.068252,0.06671,0.00070555,0.96815,23424182064.721138
2026-09-05T17:01:02+00:00,Polkadot,DOT,0.911158,1550167338,55,134403204,0.924836,0.852977,0.051902,6.02072,1701357446.175792
2026-09-05T17:01:02+00:00,HTX DAO,HTX,1.69e-06,1515457745,56,11244691,1.68e-06,1.64e-06,4.5426e-08,2.68822,898232728634017.2
2026-09-05T17:01:02+00:00,Pepe,PEPE,3.59e-06,1510508417,57,206601416,3.6e-06,3.45e-06,3.9711e-08,1.08624,420690000000000.0
2026-09-05T17:01:02+00:00,USDD,USDD,0.999041,1477076236,58,2547777,0.999588,0.997542,0.00090103,0.08766,1478483360.0
2026-09-05T17:01:02+00:00,Internet Computer,ICP,2.61,1451067029,59,56059917,2.71,2.46,0.133752,5.4172,556235714.0627568
2026-09-05T17:01:02+00:00,Worldcoin,WLD,0.399181,1450271149,60,141522494,0.407715,0.375292,0.02206977,5.91768,3633644939.2602224
2026-09-05T17:01:02+00:00,Bitget Token,BGB,2.04,1426411974,61,8337914,2.02,1.97,0.064937,3.29771,699992029.6481038
2026-09-05T17:01:02+00:00,USDGO,USDGO,0.999957,1355397949,62,32018629,1.0,0.999896,-8.1968931941345e-05,-0.00997,1355454412.77
2026-09-05T17:01:02+00:00,Falcon USD,USDF,0.996707,1339636296,63,491088,0.998229,0.988429,0.00039042,0.03812,1344070422.590452
2026-09-05T17:01:02+00:00,BFUSD,BFUSD,1.0,1320049221,64,808280,1.0,0.999905,9.02e-05,0.00515,1320000000.0
2026-09-05T17:01:02+00:00,United Stables,U,0.999262,1276545349,65,105899974,0.999709,0.999128,-0.000113141288652696,-0.0164,1277499107.8
2026-09-05T17:01:02+00:00,Spiko Amundi Overnight Swap Fund (EUR),EURSAFO,1.18,1229005528,66,0.0,1.18,1.17,-0.000840076956834412,-0.07143,1045687476.43203
2026-09-05T17:01:02+00:00,Ethereum Classic,ETC,7.73,1220977572,67,41993816,7.79,7.34,0.329487,4.27459,158071538.6028675
2026-09-05T17:01:02+00:00,Lighter,LIT,4.73,1183656317,68,95037312,4.9,4.59,-0.1169500581480154,-2.48461,250000000.0
2026-09-05T17:01:02+00:00,Bitway,BTW,0.434617,1176744313,69,10401425,0.467435,0.420418,-0.014312894514799723,-3.12624,2708142280.000001
2026-09-05T17:01:02+00:00,Pi Network,PI,0.095621,1065265700,70,4401991,0.096439,0.093657,0.00101322,1.08201,11141680597.248924
2026-09-05T17:01:02+00:00,POL (ex-MATIC),POL,0.095276,1020295952,71,41417304,0.095504,0.092056,0.00258492,2.80132,10708873805.9877
2026-09-05T17:01:02+00:00,Gate,GT,9.49,1011908580,72,2839479,9.17,8.3,1.12,14.04286,106617636.84110442
2026-09-05T17:01:02+00:00,KuCoin,KCS,7.16,981924212,73,2246639,7.15,7.04,0.102202,1.39065,137155021.2773955
2026-09-05T17:01:02+00:00,Blockchain Capital,BCAP,106.22,967888430,74,0.0,106.22,106.22,-1.4211e-14,0.0,9112111.0
2026-09-05T17:01:02+00:00,Quant,QNT,64.24,934271917,75,14080450,64.47,63.43,-0.21100063193657093,-0.29596,14544176.164081175
2026-09-05T17:01:02+00:00,Arbitrum,ARB,0.135789,906586740,76,169482724,0.136734,0.129384,0.00190936,1.47823,6678075931.0
2026-09-05T17:01:02+00:00,JUST,JST,0.109366,895567689,77,20724696,0.110453,0.107852,0.0010513,0.97622,8188743036.341737
2026-09-05T17:01:02+00:00,Dash,DASH,69.16,887120043,78,593145632,73.23,54.44,14.51,26.71008,12827515.77242951
2026-09-05T17:01:02+00:00,Spiko EU T-Bills Money Market Fund,EUTBL,1.23,882559347,79,0.0,1.23,1.23,-0.000688453737980543,-0.05598,718027528.4955
2026-09-05T17:01:02+00:00,Algorand,ALGO,0.09483,857065660,80,36597570,0.097499,0.089838,0.00382442,4.25295,9038938112.658466
2026-09-05T17:01:02+00:00,Kaspa,KAS,0.03049896,844283571,81,10674573,0.03070059,0.02892899,0.00118125,4.008,27683019390.647274
2026-09-05T17:01:02+00:00,NEXO,NEXO,0.841034,841020303,82,2031020,0.844676,0.824054,0.01512216,1.91695,1000000000.0
2026-09-05T17:01:02+00:00,Venice Token,VVV,17.24,823369530,83,17379760,18.42,17.14,-0.374237074317449,-2.1101,47765245.27613008
2026-09-05T17:01:02+00:00,Cosmos Hub,ATOM,1.55,819217271,84,28370629,1.56,1.48,0.060797,4.08439,529015867.362581
2026-09-05T17:01:02+00:00,Janus Henderson Anemoy Treasury Fund,JTRSY,1.12,799656135,85,0.0,1.12,1.12,0.0,0.0,717141156.78007
2026-09-05T17:01:02+00:00,Invesco Short Duration US Government Securities Fund,USTB,11.2,774901924,86,0.0,11.2,11.2,0.0,0.0,69184601.684072
2026-09-05T17:01:02+00:00,Render,RENDER,1.47,761852665,87,36406038,1.5,1.42,0.03837362,2.7692,518772101.28269154
2026-09-05T17:01:02+00:00,​​Stable,STABLE,0.0289736,754750964,88,7956964,0.0295359,0.02856697,-0.000498571405269061,-1.66565,26049768175.0
2026-09-05T17:01:02+00:00,Jupiter,JUP,0.222263,737997792,89,48175338,0.2261,0.213599,0.00530127,2.47588,3320312968.08
2026-09-05T17:01:02+00:00,PancakeSwap,CAKE,2.25,722368337,90,125122968,2.25,1.95,0.266737,13.27177,320772343.2781727
2026-09-05T17:01:02+00:00,Janus Henderson Anemoy AAA CLO Fund,JAAA,1.048,710966727,91,0.0,1.048,1.048,0.0,0.0,678300455.183658
2026-09-05T17:01:02+00:00,GHO,GHO,0.999328,698525412,92,5376601,0.999503,0.999064,0.00022486,0.01838,699000000.0
2026-09-05T17:01:02+00:00,Pons,PONS,0.943005,671404374,93,202452864,0.951369,0.628628,0.205335,27.34061,712104762.0614183
2026-09-05T17:01:02+00:00,Filecoin,FIL,0.7797,644660341,94,64929519,0.795191,0.742087,0.03414314,4.54708,826856883.0
2026-09-05T17:01:02+00:00,Official Trump,TRUMP,2.39,625393419,95,275095599,2.45,2.24,0.141038,6.38149,261880985.28763402
2026-09-05T17:01:02+00:00,Beldex,BDX,0.078949,621346874,96,11325962,0.080202,0.078751,4.031e-05,0.01504,7870512826.902983
2026-09-05T17:01:02+00:00,币安人生 (BinanceLife),币安人生,0.616424,616317210,97,17767294,0.589473,0.483542,0.127059,26.79252,1000000000.0
2026-09-05T17:01:02+00:00,VeChain,VET,0.00694079,596881723,98,6826958,0.00698825,0.00664912,0.00026472,3.93861,85985041177.0
2026-09-05T17:01:02+00:00,Flare,FLR,0.00672371,583682371,99,2265464,0.0067799,0.00662881,-3.3038475744254e-05,-0.50126,86797627450.08269
2026-09-05T17:01:02+00:00,Curve DAO,CRV,0.364049,565843949,100,46190048,0.36607,0.348013,0.00445457,1.25155,1554402323.0
2026-09-05T18:01:03+00:00,Bitcoin,BTC,80036,1607163010630,1,18758533406,80147,79459,557.61,0.70159,20080056.0
2026-09-05T18:01:03+00:00,Ethereum,ETH,2480.6,302705205425,2,6774540218,2475.01,2445.68,34.77,1.42155,122020932.85347287
2026-09-05T18:01:03+00:00,Tether,USDT,1.0,183401166195,3,39037997146,1.0,0.999885,-6.4438589114646e-05,-0.00644,183392383062.09265
2026-09-05T18:01:03+00:00,BNB,BNB,775.95,103340361499,4,2071218809,776.74,716.64,59.06,8.23834,133161949.8
2026-09-05T18:01:03+00:00,XRP,XRP,1.43,89450349921,5,1416156932,1.42,1.39,0.03132466,2.24676,62744504852.0
2026-09-05T18:01:03+00:00,USDC,USDC,1.0,74581493771,6,9647251799,1.0,0.9999,5.337e-05,0.00534,74583151098.57303
2026-09-05T18:01:03+00:00,Solana,SOL,104.2,60995080891,7,2300394010,103.46,101.26,2.95,2.90997,585445801.0465583
2026-09-05T18:01:03+00:00,TRON,TRX,0.334142,31720513357,8,265472201,0.334568,0.330908,0.00319301,0.9648,94935543346.77028
2026-09-05T18:01:03+00:00,Figure Heloc,FIGR_HELOC,1.005,22401735353,9,5644495,1.043,1.006,-0.02731805982432567,-2.64629,22290650137.398
2026-09-05T18:01:03+00:00,Hyperliquid,HYPE,85.63,19052823612,10,846188366,86.12,83.66,0.648864,0.76353,222445714.07414138
2026-09-05T18:01:03+00:00,Zcash,ZEC,1026.48,17361748937,11,725658336,1042.59,1000.72,18.1,1.7952,16915986.1030448
2026-09-05T18:01:03+00:00,Dogecoin,DOGE,0.094382,14713696385,12,860445036,0.088518,0.084133,0.01024858,12.18134,155792556383.70526
2026-09-05T18:01:03+00:00,Rain,RAIN,0.01712783,12144901972,13,36255458,0.01716299,0.01638085,0.00058399,3.52996,709200789024.4604
2026-09-05T18:01:03+00:00,Monero,XMR,543.93,10225799083,14,104344040,547.51,513.76,22.88,4.3902,18800733.40157517
2026-09-05T18:01:03+00:00,USDS,USDS,0.999701,9807905489,15,159714210,1.0,0.999538,-0.000235789554804633,-0.02358,9810671527.379496
2026-09-05T18:01:03+00:00,Chainlink,LINK,12.09,9045110607,16,336627706,11.99,11.6,0.496458,4.2804,748099970.424884
2026-09-05T18:01:03+00:00,WhiteBIT Coin,WBT,73.57,8678022884,17,35391270,73.63,73.02,0.55017,0.75341,117956019.0
2026-09-05T18:01:03+00:00,LEO Token,LEO,9.25,8508001829,18,200829,9.34,9.18,-0.001888698967729141,-0.02042,919857851.9
2026-09-05T18:01:03+00:00,Cardano,ADA,0.221204,8291870727,19,389478779,0.21902,0.209454,0.00970932,4.59082,37504333228.36598
2026-09-05T18:01:03+00:00,Stellar,XLM,0.185529,6456049507,20,117016140,0.186388,0.178066,0.00746268,4.19097,34802065513.37103
2026-09-05T18:01:03+00:00,Bitcoin Cash,BCH,257.74,5178309610,21,150981190,254.13,245.18,5.86,2.3254,20084999.89665078
2026-09-05T18:01:03+00:00,Dai,DAI,0.9999,4610029037,22,244359425,1.0,0.999606,0.0001512,0.01512,4610862864.050125
2026-09-05T18:01:03+00:00,Canton,CC,0.110323,4357860141,23,7114119,0.111423,0.105739,0.00348387,3.26086,39509111465.51381
2026-09-05T18:01:03+00:00,Ethena USDe,USDE,0.999938,4348530052,24,73115091,1.0,0.999742,-1.9864260551117e-05,-0.00199,4348772371.094018
2026-09-05T18:01:03+00:00,Litecoin,LTC,54.78,4249245571,25,428398158,54.41,50.25,4.54,9.02858,77574085.55594929
2026-09-05T18:01:03+00:00,USD1,USD1,0.999558,4246181588,26,910204773,0.999848,0.999466,-0.000117977109394096,-0.0118,4248045903.908017
2026-09-05T18:01:03+00:00,Uniswap,UNI,6.75,4203906556,27,555885020,6.72,6.09,0.556349,8.98955,623212423.7271129
2026-09-05T18:01:03+00:00,Gram (prev. Toncoin),GRAM,1.43,3973037560,28,45799032,1.43,1.37,0.053099,3.86158,2781588078.560152
2026-09-05T18:01:03+00:00,Hedera,HBAR,0.081158,3556428632,29,56776208,0.081512,0.077173,0.0039851,5.16387,43831559705.807365
2026-09-05T18:01:03+00:00,Sui,SUI,0.80356,3293158800,30,546848485,0.806337,0.750627,0.052933,7.05181,4096537146.5409594
2026-09-05T18:01:03+00:00,Avalanche,AVAX,7.61,3287556437,31,194075915,7.58,7.34,0.275143,3.74929,431771961.1772119
2026-09-05T18:01:03+00:00,Shiba Inu,SHIB,5.55e-06,3264636748,33,74791959,5.57e-06,5.19e-06,3.63458e-07,7.00666,589239321044316.9
2026-09-05T18:01:03+00:00,Global Dollar,USDG,1.0,3258447460,32,1582801450,1.0,0.999939,-9.114110739894e-06,-0.00091,3258024596.700925
2026-09-05T18:01:03+00:00,NEAR Protocol,NEAR,2.25,2942972067,34,531442401,2.29,1.98,0.277564,14.03709,1305505380.0
2026-09-05T18:01:03+00:00,PayPal USD,PYUSD,0.999941,2906256358,35,77002249,1.0,0.999847,-0.000176646683432646,-0.01766,2906397597.9639626
2026-09-05T18:01:03+00:00,BlackRock USD Institutional Digital Liquidity Fund,BUIDL,1.0,2832282866,36,0.0,1.0,1.0,1.11e-16,0.0,2832282865.800449
2026-09-05T18:01:03+00:00,Cronos,CRO,0.057077,2770567828,37,4043791,0.056605,0.055622,0.00117033,2.09336,48535949340.628456
2026-09-05T18:01:03+00:00,Tether Gold,XAUT,4427.06,2713049209,38,88947792,4432.21,4409.4,14.3,0.32403,612823.6595320001
2026-09-05T18:01:03+00:00,Circle USYC,USYC,1.14,2624340328,39,0.0,1.14,1.14,0.0,0.0,2308988052.650666
2026-09-05T18:01:03+00:00,MemeCore,M,1.12,2533961822,40,1122201,1.14,1.1,0.01709235,1.5542,2269420682.3853536
2026-09-05T18:01:03+00:00,Ripple USD,RLUSD,0.99996,2407016498,41,71779857,1.0,0.99985,-6.7068612861099e-05,-0.00671,2407151384.647229
2026-09-05T18:01:03+00:00,OKB,OKB,114.09,2396099909,42,27763609,115.42,107.55,6.17,5.71484,21000000.0
2026-09-05T18:01:03+00:00,Bittensor,TAO,235.31,2258545710,43,168907162,240.47,222.17,12.81,5.75901,9597491.0
2026-09-05T18:01:03+00:00,Ondo US Dollar Yield,USDY,1.14,2198879442,44,330846,1.15,1.14,0.00376794,0.3302,1920618063.6532192
2026-09-05T18:01:03+00:00,Aster,ASTER,0.780517,2108220500,45,350713195,0.863964,0.723202,0.04587081,6.24393,2700010975.2797318
2026-09-05T18:01:03+00:00,Aave,AAVE,133.12,2046820456,46,187389520,132.51,128.88,2.86,2.19553,15427227.187683316
2026-09-05T18:01:03+00:00,Mantle,MNT,0.581275,1919502200,47,16450842,0.583956,0.568021,0.00497512,0.86329,3302294382.53684
2026-09-05T18:01:03+00:00,PAX Gold,PAXG,4434.6,1918007718,48,51867234,4437.39,4414.87,16.22,0.36716,432503.322051
2026-09-05T18:01:03+00:00,World Liberty Financial,WLFI,0.057531,1827616484,49,27251422,0.057422,0.056129,0.00047044,0.82446,31777036963.0
2026-09-05T18:01:03+00:00,Ondo,ONDO,0.369744,1799938707,50,99320220,0.376156,0.352851,0.01689387,4.78783,4869330647.0
2026-09-05T18:01:03+00:00,Morpho,MORPHO,2.5,1723250849,51,31009653,2.58,2.5,-0.01588105093589265,-0.63051,688621498.9440402
2026-09-05T18:01:03+00:00,Ethena,ENA,0.16524,1667025206,52,354532556,0.166378,0.161541,0.00113509,0.69168,10095312500.0
2026-09-05T18:01:03+00:00,Pump.fun,PUMP,0.00406222,1605566279,53,131416921,0.00433126,0.00401889,-0.000200377991746357,-4.70085,395392720239.27704
2026-09-05T18:01:03+00:00,Sky,SKY,0.068248,1598734395,54,4582298,0.068252,0.066888,0.00127539,1.90433,23424133275.304646
2026-09-05T18:01:03+00:00,Polkadot,DOT,0.911701,1551015210,55,133473665,0.924836,0.855444,0.056202,6.56954,1701370207.189958
2026-09-05T18:01:03+00:00,Pepe,PEPE,3.67e-06,1544113526,56,220152222,3.6e-06,3.45e-06,1.41865e-07,4.01546,420690000000000.0
2026-09-05T18:01:03+00:00,HTX DAO,HTX,1.68e-06,1508077683,57,14597730,1.69e-06,1.64e-06,3.6956e-08,2.25143,898232728634017.2
2026-09-05T18:01:03+00:00,USDD,USDD,0.998984,1475699008,58,2598648,0.999588,0.997542,0.00080131,0.08028,1477179267.0
2026-09-05T18:01:03+00:00,Internet Computer,ICP,2.63,1461271388,59,56429111,2.71,2.46,0.156081,6.31526,556235714.0627568
2026-09-05T18:01:03+00:00,Worldcoin,WLD,0.398709,1448368458,60,139685887,0.407715,0.375488,0.02308738,6.14645,3633646931.832957
2026-09-05T18:01:03+00:00,Bitget Token,BGB,2.04,1430687276,61,8818053,2.04,1.97,0.069555,3.52375,699992029.6481038
2026-09-05T18:01:03+00:00,USDGO,USDGO,1.0,1355408536,62,31467279,1.0,0.999893,-2.6136106143104e-05,-0.00261,1355454412.77
2026-09-05T18:01:03+00:00,Falcon USD,USDF,0.996663,1339605881,63,551332,0.998229,0.987829,0.00016714,0.01677,1344070422.590452
2026-09-05T18:01:03+00:00,BFUSD,BFUSD,1.0,1320021498,64,760540,1.0,0.999905,-3.4254658529242e-05,-0.00343,1320000000.0
2026-09-05T18:01:03+00:00,United Stables,U,0.999199,1276424255,65,106265208,0.999709,0.999045,-0.000251522163758233,-0.02517,1277499107.8
2026-09-05T18:01:03+00:00,Spiko Amundi Overnight Swap Fund (EUR),EURSAFO,1.18,1229005528,66,0.0,1.18,1.17,0.00014604,0.01243,1045687476.43203
2026-09-05T18:01:03+00:00,Ethereum Classic,ETC,7.77,1228895915,67,43094198,7.79,7.34,0.432584,5.89178,158071538.6028675
2026-09-05T18:01:03+00:00,Bitway,BTW,0.449619,1217860486,68,10698048,0.467435,0.420418,0.00164289,0.36674,2708142280.000001
2026-09-05T18:01:03+00:00,Lighter,LIT,4.77,1193480725,69,89655323,4.9,4.59,0.03580931,0.75584,250000000.0
2026-09-05T18:01:03+00:00,Pi Network,PI,0.095449,1063448947,70,4293206,0.096439,0.093657,0.00122996,1.30543,11141680597.248924
2026-09-05T18:01:03+00:00,POL (ex-MATIC),POL,0.095124,1018966246,71,41623855,0.095555,0.092354,0.00277087,3.00029,10708873805.9877
2026-09-05T18:01:03+00:00,Gate,GT,9.28,991550352,72,3221267,9.61,8.3,0.91573,10.94924,106617690.75816742
2026-09-05T18:01:03+00:00,KuCoin,KCS,7.16,982068219,73,2357944,7.16,7.04,0.120889,1.71746,137155021.2773955
2026-09-05T18:01:03+00:00,Blockchain Capital,BCAP,106.22,967888430,74,0.0,106.22,106.22,-1.4211e-14,0.0,9112111.0
2026-09-05T18:01:03+00:00,Quant,QNT,64.74,941246925,75,13765998,64.34,63.43,1.0,1.56906,14544176.164081175
2026-09-05T18:01:03+00:00,Arbitrum,ARB,0.139609,932335064,76,197408183,0.137001,0.129384,0.00763092,5.78195,6678075931.0
2026-09-05T18:01:03+00:00,JUST,JST,0.109824,899202963,77,20681077,0.110453,0.107852,0.00186649,1.72891,8188743036.341737
2026-09-05T18:01:03+00:00,Spiko EU T-Bills Money Market Fund,EUTBL,1.23,882559347,78,0.0,1.23,1.23,0.00015273,0.01243,718027528.4955
2026-09-05T18:01:03+00:00,Dash,DASH,67.08,860159167,79,556758043,73.23,54.47,11.33,20.33213,12827515.77242951
2026-09-05T18:01:03+00:00,Algorand,ALGO,0.0947,855666232,80,36822120,0.097499,0.089838,0.0040111,4.42292,9038938112.658466
2026-09-05T18:01:03+00:00,Kaspa,KAS,0.03047846,843528438,81,10774955,0.03070059,0.02894223,0.00153623,5.30792,27683019390.647274
2026-09-05T18:01:03+00:00,NEXO,NEXO,0.842165,842541626,82,2008277,0.844676,0.825375,0.01425907,1.72231,1000000000.0
2026-09-05T18:01:03+00:00,Venice Token,VVV,17.32,827105619,83,17349252,18.42,17.14,-0.1648797864704541,-0.94322,47765463.27121779
2026-09-05T18:01:03+00:00,Cosmos Hub,ATOM,1.55,820925479,84,28626212,1.56,1.48,0.069508,4.68893,529015867.362581
2026-09-05T18:01:03+00:00,Janus Henderson Anemoy Treasury Fund,JTRSY,1.12,799656135,85,0.0,1.12,1.12,0.0,0.0,717141156.78007
2026-09-05T18:01:03+00:00,Invesco Short Duration US Government Securities Fund,USTB,11.2,775101889,86,0.0,11.2,11.2,1.776e-15,0.0,69202454.961375
2026-09-05T18:01:03+00:00,Render,RENDER,1.47,762363001,87,36499493,1.5,1.42,0.04366397,3.06414,518772101.28269154
2026-09-05T18:01:03+00:00,​​Stable,STABLE,0.02895614,754526563,88,7932476,0.02931973,0.02856697,-0.000308751025377387,-1.05502,26051330246.0
2026-09-05T18:01:03+00:00,Jupiter,JUP,0.222079,737079659,89,48990948,0.2261,0.213599,0.00618685,2.86572,3320312968.08
2026-09-05T18:01:03+00:00,PancakeSwap,CAKE,2.27,728726045,90,130366669,2.27,1.95,0.300662,15.25937,320772343.2781727
2026-09-05T18:01:03+00:00,Janus Henderson Anemoy AAA CLO Fund,JAAA,1.048,710966727,91,0.0,1.048,1.048,0.0,0.0,678300455.183658
2026-09-05T18:01:03+00:00,GHO,GHO,0.999163,698421164,92,5337378,0.999503,0.999064,1.519e-05,0.00152,699000000.0
2026-09-05T18:01:03+00:00,Pons,PONS,0.945232,673039982,93,206058854,0.951369,0.628628,0.236486,33.36678,712104762.0614183
2026-09-05T18:01:03+00:00,Filecoin,FIL,0.780526,645317153,94,64453517,0.795191,0.742228,0.03829781,5.15984,826857676.0
2026-09-05T18:01:03+00:00,Official Trump,TRUMP,2.4,628895533,95,278597680,2.45,2.25,0.140527,6.21811,261880985.28763402
2026-09-05T18:01:03+00:00,Beldex,BDX,0.078982,621662647,96,10502181,0.080202,0.078607,6.788e-05,0.08602,7870512469.945248
2026-09-05T18:01:03+00:00,币安人生 (BinanceLife),币安人生,0.603364,603574198,97,19560322,0.623808,0.483542,0.117676,24.22884,1000000000.0
2026-09-05T18:01:03+00:00,VeChain,VET,0.00694787,597513016,98,6743266,0.00698825,0.00665679,0.00029107,4.3726,85985041177.0
2026-09-05T18:01:03+00:00,Flare,FLR,0.00668641,580358564,99,2578461,0.00675695,0.00662881,-4.6914038314429e-05,-0.69674,86797627450.08269
2026-09-05T18:01:03+00:00,Curve DAO,CRV,0.366833,569780923,100,47265368,0.36607,0.348013,0.01444917,4.1004,1554402323.0
2026-09-05T18:39:35+00:00,Bitcoin,BTC,79983,1605963286691,1,18920455963,80147,79459,421.01,0.52784,20080056.0
2026-09-05T18:39:35+00:00,Ethereum,ETH,2477.62,302278276950,2,6763562581,2483.13,2445.89,27.79,1.12756,122020932.85347287
2026-09-05T18:39:35+00:00,Tether,USDT,1.0,183395335139,3,39229658129,1.0,0.999885,-8.064659046747e-05,-0.00541,183392383062.09265
2026-09-05T18:39:35+00:00,BNB,BNB,777.55,103523656022,4,2093663552,779.7,717.12,59.15,8.21554,133161949.8
2026-09-05T18:39:35+00:00,XRP,XRP,1.42,89156266783,5,1429033837,1.43,1.39,0.0225171,1.58666,62744504852.0
2026-09-05T18:39:35+00:00,USDC,USDC,0.99997,74565776223,6,9588037001,1.0,0.9999,1.09e-06,0.00355,74567351490.05916
2026-09-05T18:39:35+00:00,Solana,SOL,103.94,60840356258,7,2260903571,104.25,101.56,2.36,2.31294,585445759.4269782
2026-09-05T18:39:35+00:00,TRON,TRX,0.334102,31719167867,8,260159687,0.334568,0.331218,0.00247883,0.75548,94935543346.77028
2026-09-05T18:39:35+00:00,Figure Heloc,FIGR_HELOC,1.005,22402399486,9,5644611,1.043,1.005,-0.02728263868700087,-2.64599,22290650137.398
2026-09-05T18:39:35+00:00,Hyperliquid,HYPE,85.56,19035869724,10,834569132,86.12,83.66,0.438872,0.52579,222445714.07414138
2026-09-05T18:39:35+00:00,Zcash,ZEC,1025.9,17345819114,11,687877196,1042.59,1000.72,2.04,0.14404,16915986.1030448
2026-09-05T18:39:35+00:00,Dogecoin,DOGE,0.092663,14424545314,12,983909100,0.094557,0.084475,0.00816784,9.59065,155792556383.70526
2026-09-05T18:39:35+00:00,Rain,RAIN,0.01709856,12126838998,13,35032702,0.01716809,0.01638085,0.00053348,3.23582,709200894072.5238
2026-09-05T18:39:35+00:00,Monero,XMR,540.32,10159135306,14,103801267,547.51,513.76,21.04,4.04578,18800733.40157517
2026-09-05T18:39:35+00:00,USDS,USDS,0.999693,9807621072,15,154350107,1.0,0.999538,-0.000334844737087892,-0.03159,9810671527.379496
2026-09-05T18:39:35+00:00,Chainlink,LINK,12.04,9007305730,16,343894718,12.23,11.6,0.408276,3.47625,748099970.424884
2026-09-05T18:39:35+00:00,WhiteBIT Coin,WBT,73.56,8676796099,17,36291888,73.63,73.04,0.48135,0.65905,117956019.0
2026-09-05T18:39:35+00:00,LEO Token,LEO,9.26,8517601406,18,200663,9.33,9.18,-0.07146010803966618,-0.29285,919857851.9
2026-09-05T18:39:35+00:00,Cardano,ADA,0.220925,8281003594,19,400991189,0.221269,0.209454,0.00881437,4.07539,37504333228.36598
2026-09-05T18:39:35+00:00,Stellar,XLM,0.185228,6444285185,20,116763691,0.186388,0.178545,0.00680253,3.76358,34802065086.51755
2026-09-05T18:39:35+00:00,Bitcoin Cash,BCH,257.9,5180494045,21,153000908,258.5,245.18,5.71,2.29877,20084999.89665078
2026-09-05T18:39:35+00:00,Dai,DAI,0.999783,4610041201,22,240784254,1.0,0.999606,-0.000165592688658012,0.01505,4610141033.860734
2026-09-05T18:39:35+00:00,Canton,CC,0.110172,4354331838,23,7090747,0.111423,0.105739,0.00364066,3.47582,39509111465.51381
2026-09-05T18:39:35+00:00,Ethena USDe,USDE,0.999912,4348410362,24,70213478,1.0,0.999742,-6.5355628942165e-05,-0.00096,4348772371.094018
2026-09-05T18:39:35+00:00,Uniswap,UNI,6.98,4346919468,25,615748151,6.83,6.09,0.794878,12.80401,623212423.7271129
2026-09-05T18:39:35+00:00,Litecoin,LTC,54.92,4259751850,26,436420801,54.9,50.45,4.62,9.17771,77574085.55594929
2026-09-05T18:39:35+00:00,USD1,USD1,0.99961,4246419775,27,903111719,0.999848,0.999466,-6.4252756906691e-05,-0.00679,4248045903.908017
2026-09-05T18:39:35+00:00,Gram (prev. Toncoin),GRAM,1.43,3973877730,28,45980341,1.43,1.37,0.052103,3.77241,2781617105.315379
2026-09-05T18:39:35+00:00,Hedera,HBAR,0.081034,3551146763,29,55555900,0.081512,0.077261,0.00383636,4.94991,43831559705.85087
2026-09-05T18:39:35+00:00,Sui,SUI,0.807565,3308696594,30,578021490,0.806337,0.751666,0.055014,7.31131,4096537146.5409594
2026-09-05T18:39:35+00:00,Avalanche,AVAX,7.62,3287298547,31,195891166,7.62,7.34,0.258235,3.50002,431771961.1772119
2026-09-05T18:39:35+00:00,Shiba Inu,SHIB,5.54e-06,3258808761,33,72078270,5.57e-06,5.2e-06,3.43283e-07,6.45591,589239321044316.9
2026-09-05T18:39:35+00:00,Global Dollar,USDG,1.0,3258465047,32,1562441054,1.0,0.999939,-2.0207268647265e-05,0.001,3258074582.733661
2026-09-05T18:39:35+00:00,NEAR Protocol,NEAR,2.23,2910166955,35,543233245,2.29,2.02,0.226392,11.29879,1305505357.0
2026-09-05T18:39:35+00:00,PayPal USD,PYUSD,0.999926,2906180501,34,75445274,1.0,0.999847,-0.000215483389994331,-0.01932,2906397597.9639626
2026-09-05T18:39:35+00:00,BlackRock USD Institutional Digital Liquidity Fund,BUIDL,1.0,2832282866,36,0.0,1.0,1.0,0.0,0.0,2832282865.800449
2026-09-05T18:39:35+00:00,Cronos,CRO,0.056585,2745291598,37,4132569,0.057131,0.055622,0.00052006,0.87563,48536056787.720375
2026-09-05T18:39:35+00:00,Tether Gold,XAUT,4427.09,2712993497,38,81497368,4432.21,4419.26,7.94,0.16698,612823.6595320001
2026-09-05T18:39:35+00:00,Circle USYC,USYC,1.14,2624340328,39,0.0,1.14,1.14,0.0,0.0,2308988052.650666
2026-09-05T18:39:35+00:00,MemeCore,M,1.12,2539370387,40,1150137,1.14,1.1,0.01577746,1.33012,2269436102.108182
2026-09-05T18:39:35+00:00,Ripple USD,RLUSD,0.999904,2406962864,41,62546890,1.0,0.99985,-0.000111722168516737,-0.00744,2407151384.647229
2026-09-05T18:39:35+00:00,OKB,OKB,113.98,2393006253,42,28144154,115.42,107.55,5.83,5.36514,21000000.0
2026-09-05T18:39:35+00:00,Bittensor,TAO,234.03,2245895293,43,169488551,240.47,222.33,10.87,4.87808,9597491.0
2026-09-05T18:39:35+00:00,Ondo US Dollar Yield,USDY,1.14,2197153546,44,1484914,1.15,1.14,-0.000763250040803687,-0.05691,1920618063.6532192
2026-09-05T18:39:35+00:00,Aster,ASTER,0.790369,2132343029,45,358919423,0.863964,0.723202,0.058735,7.91729,2700010975.2797318
2026-09-05T18:39:35+00:00,Aave,AAVE,134.17,2068690767,46,189924632,133.12,128.88,3.69,2.7606,15427227.314620884
2026-09-05T18:39:35+00:00,Mantle,MNT,0.58325,1926062149,47,16804181,0.583956,0.568021,0.00680303,1.19248,3302294382.53684
2026-09-05T18:39:35+00:00,PAX Gold,PAXG,4434.34,1917921778,48,50421672,4437.39,4424.91,9.92,0.21593,432503.322051
2026-09-05T18:39:35+00:00,World Liberty Financial,WLFI,0.057337,1822116776,49,27034013,0.057534,0.056129,0.00048309,0.85485,31777036963.0
2026-09-05T18:39:35+00:00,Ondo,ONDO,0.369624,1798061612,50,100691702,0.376156,0.354738,0.01556841,4.325,4869330647.0
2026-09-05T18:39:35+00:00,Morpho,MORPHO,2.49,1717758366,51,28303467,2.58,2.5,-0.04071216022948532,-1.60169,688623640.5774591
2026-09-05T18:39:35+00:00,Ethena,ENA,0.166112,1676335594,52,368409337,0.166378,0.161541,0.00115951,0.69428,10095312500.0
2026-09-05T18:39:35+00:00,Sky,SKY,0.068355,1600995843,53,4267566,0.068285,0.066888,0.00127584,1.90688,23424084790.78612
2026-09-05T18:39:35+00:00,Pump.fun,PUMP,0.00401158,1586698675,54,133554031,0.00433126,0.00401889,-0.000262680922627062,-6.10318,395392720239.27704
2026-09-05T18:39:35+00:00,Polkadot,DOT,0.910566,1549164218,55,132377503,0.924836,0.864239,0.0482169,5.61466,1701370207.189958
2026-09-05T18:39:35+00:00,Pepe,PEPE,3.64e-06,1529588681,56,234898553,3.69e-06,3.45e-06,8.7791e-08,2.38921,420690000000000.0
2026-09-05T18:39:35+00:00,HTX DAO,HTX,1.68e-06,1509102579,57,15251469,1.69e-06,1.64e-06,3.8115e-08,2.31655,898232728634017.2
2026-09-05T18:39:35+00:00,USDD,USDD,0.998017,1474566163,58,2612822,0.999588,0.997542,-0.000164250182026482,-0.04251,1477776941.0
2026-09-05T18:39:35+00:00,Internet Computer,ICP,2.63,1460325536,59,57682689,2.71,2.46,0.148468,5.95549,556235714.0627568
2026-09-05T18:39:35+00:00,Worldcoin,WLD,0.396045,1439482718,60,145017941,0.407715,0.377407,0.01914031,5.10995,3633648710.4468236
2026-09-05T18:39:35+00:00,Bitget Token,BGB,2.04,1427186660,61,8898685,2.04,1.97,0.065625,3.31444,699992029.6481038
2026-09-05T18:39:35+00:00,USDGO,USDGO,0.999983,1355428723,62,30463228,1.0,0.999893,3.193e-05,0.00362,1355454412.77
2026-09-05T18:39:35+00:00,Falcon USD,USDF,0.99666,1339571774,63,492999,1.002,0.987829,0.0001645,0.01808,1344070422.590452
2026-09-05T18:39:35+00:00,BFUSD,BFUSD,0.999984,1319984945,64,495051,1.0,0.999905,-5.0587263518809e-05,-0.00217,1320000000.0
2026-09-05T18:39:35+00:00,United Stables,U,0.999128,1276417407,65,107124995,0.999709,0.999045,-0.000286349318535772,-0.03597,1277499107.8
2026-09-05T18:39:35+00:00,Bitway,BTW,0.454241,1232263607,66,10689679,0.467435,0.420418,0.00586205,1.56861,2708142280.000001
2026-09-05T18:39:35+00:00,Spiko Amundi Overnight Swap Fund (EUR),EURSAFO,1.18,1229005528,67,0.0,1.18,1.17,0.00025793,0.02195,1045687476.43203
2026-09-05T18:39:35+00:00,Ethereum Classic,ETC,7.75,1224822989,68,43836576,7.79,7.36,0.381084,5.15699,158072388.8300675
2026-09-05T18:39:35+00:00,Lighter,LIT,4.75,1186431995,69,84237903,4.9,4.59,-0.11718072841692351,-2.46869,250000000.0
2026-09-05T18:39:35+00:00,Pi Network,PI,0.095371,1062475076,70,4200657,0.096439,0.093657,0.00106561,1.08565,11141680597.248924
2026-09-05T18:39:35+00:00,POL (ex-MATIC),POL,0.095006,1017198546,71,41433755,0.095664,0.09256,0.0022348,2.39,10708873805.9877
2026-09-05T18:39:35+00:00,Gate,GT,9.36,997476763,72,2700446,9.61,8.3,1.002,11.98265,106617690.75816742
2026-09-05T18:39:35+00:00,KuCoin,KCS,7.21,988785920,73,2274150,7.2,7.04,0.152606,2.21624,137155021.2773955
2026-09-05T18:39:35+00:00,Blockchain Capital,BCAP,106.22,967888430,74,0.0,106.22,106.22,-1.4211e-14,0.0,9112111.0
2026-09-05T18:39:35+00:00,Arbitrum,ARB,0.142376,950879629,75,210721072,0.139843,0.129384,0.01085266,8.26519,6678075931.0
2026-09-05T18:39:35+00:00,Quant,QNT,64.96,944679885,76,13843727,64.76,63.43,1.084,1.68417,14544176.164081175
2026-09-05T18:39:35+00:00,JUST,JST,0.10947,896634662,77,17887966,0.110453,0.107852,0.00127227,1.2264,8188743036.341737
2026-09-05T18:39:35+00:00,Spiko EU T-Bills Money Market Fund,EUTBL,1.23,882559347,78,0.0,1.23,1.23,0.00026974,0.02195,718027528.4955
2026-09-05T18:39:35+00:00,Dash,DASH,67.5,866167159,79,564588976,73.23,54.51,12.02,21.63613,12827515.77242951
2026-09-05T18:39:35+00:00,Algorand,ALGO,0.095034,858748451,80,34266009,0.097499,0.089838,0.00432856,4.73917,9038938112.658466
2026-09-05T18:39:35+00:00,Kaspa,KAS,0.03044486,842779612,81,10707741,0.03070059,0.02922756,0.00134482,4.59602,27683019390.647274
2026-09-05T18:39:35+00:00,NEXO,NEXO,0.84058,839624506,82,1986837,0.844676,0.827925,0.01484573,1.6291,1000000000.0
2026-09-05T18:39:35+00:00,Venice Token,VVV,17.26,824295910,83,17742241,18.42,17.14,-0.21191162413400022,-1.27594,47765742.654366896
2026-09-05T18:39:35+00:00,Cosmos Hub,ATOM,1.55,818435683,84,28343319,1.56,1.49,0.055865,3.76974,529038217.540579
2026-09-05T18:39:35+00:00,Janus Henderson Anemoy Treasury Fund,JTRSY,1.12,799656135,85,0.0,1.12,1.12,0.0,0.0,717141156.78007
2026-09-05T18:39:35+00:00,Invesco Short Duration US Government Securities Fund,USTB,11.2,775101889,86,0.0,11.2,11.2,-1.776e-15,0.0,69202454.961375
2026-09-05T18:39:35+00:00,Render,RENDER,1.47,761643829,87,36111895,1.5,1.42,0.03963526,2.72989,518772101.28269154
2026-09-05T18:39:35+00:00,​​Stable,STABLE,0.0289052,753007303,88,7809898,0.02931973,0.02856697,-0.000247329681812673,-0.85296,26052513031.0
2026-09-05T18:39:35+00:00,Jupiter,JUP,0.221495,735434123,89,49979589,0.2261,0.213599,0.0032757,1.55013,3320312968.08
2026-09-05T18:39:35+00:00,PancakeSwap,CAKE,2.27,727424171,90,133134138,2.28,1.95,0.284082,14.33684,320777350.7284024
2026-09-05T18:39:35+00:00,Janus Henderson Anemoy AAA CLO Fund,JAAA,1.048,710966727,91,0.0,1.048,1.048,0.0,0.0,678300455.183658
2026-09-05T18:39:35+00:00,GHO,GHO,0.999122,698389479,92,5336007,0.999503,0.999064,-2.8396121903862e-05,0.0005,699000000.0
2026-09-05T18:39:35+00:00,Pons,PONS,0.933692,664382435,93,205292907,0.971034,0.628628,0.233601,33.22918,712104762.0614183
2026-09-05T18:39:35+00:00,Filecoin,FIL,0.781169,645881326,94,64049635,0.795191,0.748382,0.0353048,4.7258,826860160.0
2026-09-05T18:39:35+00:00,Official Trump,TRUMP,2.38,624280687,95,277272202,2.45,2.26,0.132727,5.87462,261880985.28763402
2026-09-05T18:39:35+00:00,Beldex,BDX,0.078678,619217852,96,11135365,0.080202,0.078607,-0.000314236546808899,-0.40862,7870513462.6691475
2026-09-05T18:39:35+00:00,VeChain,VET,0.0069392,596617701,97,6754281,0.00698825,0.00667156,0.00026239,3.93315,85985041177.0
2026-09-05T18:39:35+00:00,币安人生 (BinanceLife),币安人生,0.5773,580181250,98,19817791,0.623808,0.486316,0.092803,19.78938,1000000000.0
2026-09-05T18:39:35+00:00,Flare,FLR,0.006684,580040416,99,2577270,0.00675178,0.00662881,-5.1989908292416e-05,-0.79295,86804894850.13014
2026-09-05T18:39:35+00:00,Curve DAO,CRV,0.371099,576865394,100,49057553,0.367815,0.348013,0.01731161,4.89135,1554410155.0
2026-09-05T19:01:05+00:00,Bitcoin,BTC,79999,1606381844440,1,18916594642,80147,79459,375.63,0.47176,20080056.0
2026-09-05T19:01:05+00:00,Ethereum,ETH,2480.22,302628346200,2,6747551449,2483.13,2445.89,29.52,1.20442,122020932.85347287
2026-09-05T19:01:05+00:00,Tether,USDT,1.0,183405868732,3,39411425202,1.0,0.999885,-2.647748514439e-06,-0.00026,183392383062.09265
2026-09-05T19:01:05+00:00,BNB,BNB,777.44,103523086079,4,2105280000,779.7,717.12,58.64,8.15866,133161946.37
2026-09-05T19:01:05+00:00,XRP,XRP,1.42,89007946794,5,1434067036,1.43,1.39,0.01914073,1.36794,62744504852.0
2026-09-05T19:01:05+00:00,USDC,USDC,1.0,74569071237,6,9708443923,1.0,0.9999,4.248e-05,0.00425,74568499555.86635
2026-09-05T19:01:05+00:00,Solana,SOL,103.91,60836694304,7,2268031567,104.25,101.56,2.25,2.21352,585445753.7730907
2026-09-05T19:01:05+00:00,TRON,TRX,0.334261,31729006378,8,258326444,0.334568,0.331218,0.00237258,0.71487,94935543346.77028
2026-09-05T19:01:05+00:00,Figure Heloc,FIGR_HELOC,1.005,22395017423,9,5550018,1.043,1.005,-0.027665177032443422,-2.67981,22290650137.398
2026-09-05T19:01:05+00:00,Hyperliquid,HYPE,85.78,19084131136,10,841968071,86.12,83.66,0.646131,0.75894,222445714.07414138
2026-09-05T19:01:05+00:00,Zcash,ZEC,1025.28,17356152399,11,683449858,1042.59,1000.72,-0.24728834486722917,-0.02411,16915986.1030448
2026-09-05T19:01:05+00:00,Dogecoin,DOGE,0.091984,14331954902,12,1008767127,0.094557,0.084475,0.00728117,8.59615,155792556383.70526
2026-09-05T19:01:05+00:00,Rain,RAIN,0.01707965,12112897103,13,30509972,0.01716809,0.01638085,0.00050423,3.04201,709200894072.5238
2026-09-05T19:01:05+00:00,Monero,XMR,541.03,10177789329,14,104578415,547.51,513.76,17.18,3.27915,18800733.40157517
2026-09-05T19:01:05+00:00,USDS,USDS,0.999746,9809457118,15,153386121,1.0,0.999538,-0.000260240348616936,-0.02602,9811865920.051085
2026-09-05T19:01:05+00:00,Chainlink,LINK,12.04,9010965899,16,345330392,12.23,11.6,0.380867,3.26629,748099970.424884
2026-09-05T19:01:05+00:00,WhiteBIT Coin,WBT,73.58,8679184634,17,34874521,73.63,73.04,0.456886,0.62481,117956019.0
2026-09-05T19:01:05+00:00,LEO Token,LEO,9.23,8487605071,18,87584,9.33,9.18,-0.00666400360673336,-0.07217,919857851.9
2026-09-05T19:01:05+00:00,Cardano,ADA,0.220148,8256661155,19,400833681,0.221269,0.209454,0.00722473,3.39311,37504333228.36598
2026-09-05T19:01:05+00:00,Stellar,XLM,0.184703,6428934094,20,116492256,0.186388,0.178545,0.00590953,3.30523,34802065036.31823
2026-09-05T19:01:05+00:00,Bitcoin Cash,BCH,257.52,5172137857,21,153588319,258.5,245.18,5.18,2.05239,20085093.64665078
2026-09-05T19:01:05+00:00,Dai,DAI,0.999836,4609428346,22,244817560,1.0,0.999606,-8.5566090207378e-05,-0.00856,4610141033.860734
2026-09-05T19:01:05+00:00,Uniswap,UNI,7.03,4369925699,23,665905872,6.83,6.09,0.827111,13.32461,623212423.7271129
2026-09-05T19:01:05+00:00,Ethena USDe,USDE,0.999959,4349321749,24,67717333,1.0,0.999742,9.349e-05,0.00935,4349456373.774037
2026-09-05T19:01:05+00:00,Canton,CC,0.110001,4346038931,25,6885725,0.111423,0.105739,0.00378783,3.56625,39509111465.51381
2026-09-05T19:01:05+00:00,USD1,USD1,0.999614,4246447506,26,905558610,0.999848,0.999466,-5.7165243384061e-05,-0.00572,4248045903.908017
2026-09-05T19:01:05+00:00,Litecoin,LTC,54.53,4231137663,27,442566431,54.9,50.45,4.08,8.09231,77574085.55594929
2026-09-05T19:01:05+00:00,Gram (prev. Toncoin),GRAM,1.43,3975931224,28,45718718,1.43,1.37,0.053488,3.88853,2781621579.113127
2026-09-05T19:01:05+00:00,Hedera,HBAR,0.080725,3538504376,29,56671650,0.081512,0.077261,0.00343916,4.44993,43831559705.85087
2026-09-05T19:01:05+00:00,Sui,SUI,0.803763,3292705760,30,583406512,0.806337,0.751666,0.04933585,6.53951,4096537146.5409594
2026-09-05T19:01:05+00:00,Avalanche,AVAX,7.61,3285392613,31,194714434,7.62,7.34,0.241617,3.28008,431771961.1772119
2026-09-05T19:01:05+00:00,Global Dollar,USDG,1.0,3258329189,32,1576336452,1.0,0.999939,-7.604973170983e-06,-0.00076,3258074582.733661
2026-09-05T19:01:05+00:00,Shiba Inu,SHIB,5.5e-06,3243488461,33,72392387,5.57e-06,5.2e-06,3.00722e-07,5.77917,589239321044316.9
2026-09-05T19:01:05+00:00,NEAR Protocol,NEAR,2.23,2908163291,34,530055367,2.29,2.02,0.20389,10.07694,1305505357.0
2026-09-05T19:01:05+00:00,PayPal USD,PYUSD,0.999974,2906348791,35,73231004,1.0,0.999847,-0.000136203264130774,-0.01362,2906397507.9639626
2026-09-05T19:01:05+00:00,BlackRock USD Institutional Digital Liquidity Fund,BUIDL,1.0,2832282866,36,0.0,1.0,1.0,0.0,0.0,2832282865.800449
2026-09-05T19:01:05+00:00,Cronos,CRO,0.056594,2746749758,37,4158418,0.057131,0.055622,0.00069047,1.2351,48536070248.31901
2026-09-05T19:01:05+00:00,Tether Gold,XAUT,4426.97,2713068306,38,81237816,4432.21,4419.26,6.18,0.13972,612823.6595320001
2026-09-05T19:01:05+00:00,Circle USYC,USYC,1.14,2624340328,39,0.0,1.14,1.14,0.0,0.0,2308988052.650666
2026-09-05T19:01:05+00:00,MemeCore,M,1.12,2543000111,40,1169872,1.14,1.1,0.01372453,1.24,2269436102.106815
2026-09-05T19:01:05+00:00,Ripple USD,RLUSD,0.999971,2407109403,41,64215225,1.0,0.99985,-3.593056737039e-05,-0.00359,2407151384.647229
2026-09-05T19:01:05+00:00,OKB,OKB,113.73,2388614292,42,28028852,115.42,107.55,5.49,5.07211,21000000.0
2026-09-05T19:01:05+00:00,Bittensor,TAO,233.73,2243860084,43,170417336,240.47,222.33,10.33,4.62172,9597491.0
2026-09-05T19:01:05+00:00,Ondo US Dollar Yield,USDY,1.14,2198692762,44,1512585,1.15,1.14,-0.001026524891591718,-0.08994,1920618063.6532192
2026-09-05T19:01:05+00:00,Aster,ASTER,0.793434,2142362248,45,358635929,0.863964,0.723202,0.057978,7.88333,2700010975.2797318
2026-09-05T19:01:05+00:00,Aave,AAVE,134.64,2077296632,46,194065315,133.12,128.88,4.13,3.1626,15427227.314620884
2026-09-05T19:01:05+00:00,Mantle,MNT,0.581466,1920219651,47,16355603,0.583956,0.568021,0.00942323,1.6473,3302294382.53684
2026-09-05T19:01:05+00:00,PAX Gold,PAXG,4434.65,1918021515,48,48900275,4437.39,4424.91,8.91,0.20143,432503.322051
2026-09-05T19:01:05+00:00,World Liberty Financial,WLFI,0.057423,1825154281,49,26990122,0.057534,0.056129,0.00060109,1.05784,31777036963.0
2026-09-05T19:01:05+00:00,Ondo,ONDO,0.369118,1797628681,50,100764457,0.376156,0.354738,0.01356848,3.8162,4869330647.0
2026-09-05T19:01:05+00:00,Morpho,MORPHO,2.5,1721427384,51,30831584,2.58,2.5,-0.030422857823439564,-1.20224,688623640.5774591
2026-09-05T19:01:05+00:00,Ethena,ENA,0.164568,1661750030,52,376696081,0.166378,0.161541,-0.00035325756222318,-0.2142,10095312500.0
2026-09-05T19:01:05+00:00,Sky,SKY,0.068414,1601996497,53,4596915,0.068285,0.066888,0.00140785,2.10109,23424084790.78612
2026-09-05T19:01:05+00:00,Pump.fun,PUMP,0.00395826,1565368128,54,140194354,0.00433126,0.00401889,-0.000337287717720314,-7.85202,395388227094.6069
2026-09-05T19:01:05+00:00,Polkadot,DOT,0.908639,1545958302,55,132450429,0.924836,0.864239,0.043364,5.01159,1701370207.189958
2026-09-05T19:01:05+00:00,Pepe,PEPE,3.62e-06,1525209932,56,235130826,3.69e-06,3.45e-06,6.8046e-08,1.91421,420690000000000.0
2026-09-05T19:01:05+00:00,HTX DAO,HTX,1.68e-06,1511573995,57,15265623,1.69e-06,1.64e-06,3.9913e-08,2.42882,898232728634017.2
2026-09-05T19:01:05+00:00,USDD,USDD,0.997834,1474369670,58,2614035,0.999588,0.997542,-0.000730092950774197,-0.07311,1477776941.0
2026-09-05T19:01:05+00:00,Internet Computer,ICP,2.63,1461759989,59,57814426,2.71,2.46,0.15366,6.21064,556235714.0627568
2026-09-05T19:01:05+00:00,Worldcoin,WLD,0.395826,1438697397,60,146444618,0.407715,0.377407,0.01808294,4.78711,3633648710.4468236
2026-09-05T19:01:05+00:00,Bitget Token,BGB,2.04,1426185973,61,8923964,2.04,1.97,0.063276,3.20488,699992029.6481038
2026-09-05T19:01:05+00:00,USDGO,USDGO,0.999949,1355427836,62,30523773,1.0,0.999893,1.17e-05,0.00117,1355454412.77
2026-09-05T19:01:05+00:00,Falcon USD,USDF,0.996716,1339668713,63,563188,1.002,0.987829,0.00023283,0.02336,1344070422.590452
2026-09-05T19:01:05+00:00,BFUSD,BFUSD,1.0,1320061473,64,515309,1.0,0.999905,2.729e-05,0.00273,1320000000.0
2026-09-05T19:01:05+00:00,United Stables,U,0.999213,1276494128,65,107382654,0.999709,0.999045,-0.000271370175239483,-0.02715,1277499107.8
2026-09-05T19:01:05+00:00,Bitway,BTW,0.456527,1236810906,66,10713608,0.467435,0.420418,0.00845642,1.8873,2708142280.000001
2026-09-05T19:01:05+00:00,Spiko Amundi Overnight Swap Fund (EUR),EURSAFO,1.18,1229005528,67,0.0,1.18,1.17,0.00046392,0.03949,1045687476.43203
2026-09-05T19:01:05+00:00,Ethereum Classic,ETC,7.75,1225223285,68,44155142,7.79,7.36,0.38602,5.24123,158072388.8300675
2026-09-05T19:01:05+00:00,Lighter,LIT,4.76,1191377838,69,82699290,4.9,4.59,-0.1368390442075036,-2.79431,250000000.0
2026-09-05T19:01:05+00:00,Pi Network,PI,0.095298,1061703825,70,4201664,0.096439,0.093657,0.00078876,0.83459,11141680597.248924
2026-09-05T19:01:05+00:00,POL (ex-MATIC),POL,0.095012,1017429007,71,41471975,0.095664,0.09256,0.00207139,2.22871,10708873805.9877
2026-09-05T19:01:05+00:00,Gate,GT,9.36,996940792,72,3363224,9.61,8.3,1.005,12.03399,106617739.15272981
2026-09-05T19:01:05+00:00,KuCoin,KCS,7.21,989504072,73,2284476,7.2,7.04,0.153858,2.17995,137155021.2773955
2026-09-05T19:01:05+00:00,Blockchain Capital,BCAP,106.22,967888430,74,0.0,106.22,106.22,0.0,0.0,9112111.0
2026-09-05T19:01:05+00:00,Arbitrum,ARB,0.142495,950161954,75,217378226,0.139843,0.129384,0.01106434,8.41839,6678075931.0
2026-09-05T19:01:05+00:00,Quant,QNT,64.7,940997530,76,14033575,64.76,63.43,0.715277,1.11792,14544176.164081175
2026-09-05T19:01:05+00:00,JUST,JST,0.1097,898303500,77,22651412,0.110453,0.107852,0.00114504,1.0548,8188743036.341737
2026-09-05T19:01:05+00:00,Spiko EU T-Bills Money Market Fund,EUTBL,1.23,882559347,78,0.0,1.23,1.23,0.00048517,0.03949,718027528.4955
2026-09-05T19:01:05+00:00,Dash,DASH,67.89,870754414,79,567308909,73.23,54.51,13.38,24.54823,12827515.77242951
2026-09-05T19:01:05+00:00,Algorand,ALGO,0.094571,854721714,80,37139983,0.097499,0.089838,0.0038777,4.2756,9038938112.658466
2026-09-05T19:01:05+00:00,NEXO,NEXO,0.843244,843399641,81,1996294,0.844676,0.827925,0.01531159,1.84938,1000000000.0
2026-09-05T19:01:05+00:00,Kaspa,KAS,0.03033227,839682321,82,10739371,0.03070059,0.02922756,0.00106812,3.64991,27683019390.647274
2026-09-05T19:01:05+00:00,Venice Token,VVV,17.27,825093116,83,17643836,18.42,17.14,-0.1050075270985964,-0.60426,47765742.654366896
2026-09-05T19:01:05+00:00,Cosmos Hub,ATOM,1.54,817197458,84,28430845,1.56,1.49,0.050542,3.38276,529038217.540579
2026-09-05T19:01:05+00:00,Janus Henderson Anemoy Treasury Fund,JTRSY,1.12,799656135,85,0.0,1.12,1.12,0.0,0.0,717141156.78007
2026-09-05T19:01:05+00:00,Invesco Short Duration US Government Securities Fund,USTB,11.2,775101889,86,0.0,11.2,11.2,0.0,0.0,69202454.961375
2026-09-05T19:01:05+00:00,Render,RENDER,1.47,761200329,87,37044436,1.5,1.42,0.0376667,2.63435,518772101.28269154
2026-09-05T19:01:05+00:00,​​Stable,STABLE,0.02892631,753434502,88,7775779,0.02931973,0.02856697,-0.000148416138391456,-0.51046,26052716392.0
2026-09-05T19:01:05+00:00,Jupiter,JUP,0.22021,730964451,89,51016639,0.2261,0.213599,0.0012063,0.55081,3320312968.08
2026-09-05T19:01:05+00:00,PancakeSwap,CAKE,2.27,728922747,90,134754550,2.28,1.95,0.28913,14.56755,320777350.7284024
2026-09-05T19:01:05+00:00,Janus Henderson Anemoy AAA CLO Fund,JAAA,1.048,710966727,91,0.0,1.048,1.048,0.0,0.0,678300455.183658
2026-09-05T19:01:05+00:00,GHO,GHO,0.999168,698424590,92,5352535,0.999503,0.999064,3.448e-05,0.00345,699000000.0
2026-09-05T19:01:05+00:00,Pons,PONS,0.916196,652547503,93,201785472,0.971034,0.628628,0.213825,30.44329,712104762.0614183
2026-09-05T19:01:05+00:00,Filecoin,FIL,0.78227,646883209,94,64491804,0.795191,0.748382,0.0338499,4.52285,826860368.0
2026-09-05T19:01:05+00:00,Official Trump,TRUMP,2.38,624002695,95,277807654,2.45,2.26,0.123085,5.44847,261880985.28763402
2026-09-05T19:01:05+00:00,Beldex,BDX,0.078657,618898495,96,11165244,0.080202,0.078607,-0.000383730240808886,-0.48549,7870513618.833744
2026-09-05T19:01:05+00:00,VeChain,VET,0.00695018,597481309,97,6965074,0.00698825,0.00667156,0.00027454,4.1126,85985041177.0
2026-09-05T19:01:05+00:00,币安人生 (BinanceLife),币安人生,0.583536,584014932,98,20344954,0.623808,0.486316,0.095894,19.66484,1000000000.0
2026-09-05T19:01:05+00:00,Flare,FLR,0.00667566,579129926,99,2593638,0.00675178,0.00662881,-7.1419689363391e-05,-1.05853,86804894850.13014
2026-09-05T19:01:05+00:00,Curve DAO,CRV,0.368511,572918532,100,49272430,0.367815,0.348013,0.01570023,4.45004,1554410155.0
2026-09-05T20:01:04+00:00,Bitcoin,BTC,79770,1601787755655,1,18671224081,80147,79459,-9.212771658203565,-0.00379,20080056.0
2026-09-05T20:01:04+00:00,Ethereum,ETH,2477.8,302343644460,2,6623181745,2483.13,2445.89,22.0,0.88872,122020932.85347287
2026-09-05T20:01:04+00:00,Tether,USDT,1.0,183396027152,3,39117431790,1.0,0.999885,-7.3094596904522e-05,-0.00724,183392383062.09265
2026-09-05T20:01:04+00:00,BNB,BNB,774.49,103133167509,4,2129250959,779.7,717.12,54.42,7.56763,133161936.57
2026-09-05T20:01:04+00:00,XRP,XRP,1.42,88910680970,5,1419586939,1.43,1.39,0.01663478,1.16812,62744504852.0
2026-09-05T20:01:04+00:00,USDC,USDC,0.999972,74571631506,6,9640456783,1.0,0.999905,1.695e-05,0.00144,74573713855.35162
2026-09-05T20:01:04+00:00,Solana,SOL,103.47,60573867521,7,2328431943,104.25,101.56,1.76,1.69427,585445719.7739581
2026-09-05T20:01:04+00:00,TRON,TRX,0.334067,31714797339,8,260779562,0.334568,0.331218,0.00238439,0.7053,94935543346.77028
2026-09-05T20:01:04+00:00,Figure Heloc,FIGR_HELOC,1.005,22396229963,9,5550268,1.043,1.005,-0.02759973945984462,-2.66998,22290650137.398
2026-09-05T20:01:04+00:00,Hyperliquid,HYPE,85.44,19005804739,10,835682615,86.12,83.66,0.580557,0.71333,222445714.07414138
2026-09-05T20:01:04+00:00,Zcash,ZEC,1016.28,17191360466,11,656711230,1042.59,1000.72,-23.92572781060187,-2.25955,16915986.1030448
2026-09-05T20:01:04+00:00,Dogecoin,DOGE,0.090864,14155930540,12,1041152156,0.094557,0.084475,0.00612585,7.22566,155792556383.70526
2026-09-05T20:01:04+00:00,Rain,RAIN,0.01702636,12075117899,13,34345730,0.01716809,0.01638085,0.00044115,2.68151,709200892897.1047
2026-09-05T20:01:04+00:00,Monero,XMR,540.25,10157052924,14,101972683,547.51,513.76,12.5,2.27563,18800764.60119556
2026-09-05T20:01:04+00:00,USDS,USDS,0.999714,9808839405,15,142098533,1.0,0.999538,-0.000118993295456282,-0.00944,9811865920.051085
2026-09-05T20:01:04+00:00,Chainlink,LINK,12.02,8991354024,16,347544713,12.23,11.6,0.309071,2.64081,748099970.424884
2026-09-05T20:01:04+00:00,WhiteBIT Coin,WBT,73.39,8656956093,17,36726448,73.63,73.04,0.110242,0.18314,117956019.0
2026-09-05T20:01:04+00:00,LEO Token,LEO,9.24,8498649574,18,162702,9.33,9.18,0.00359539,0.03446,919857851.9
2026-09-05T20:01:04+00:00,Cardano,ADA,0.21958,8235189300,19,402358642,0.221707,0.209454,0.00606178,2.82641,37504333228.36598
2026-09-05T20:01:04+00:00,Stellar,XLM,0.18434,6415396081,20,114523453,0.186388,0.178545,0.00478791,2.70814,34802064731.272675
2026-09-05T20:01:04+00:00,Bitcoin Cash,BCH,256.23,5146470125,21,156405704,259.15,245.18,3.04,1.20829,20085093.64665078
2026-09-05T20:01:04+00:00,Dai,DAI,0.999889,4610435180,22,245964466,1.0,0.999606,-4.2120804078949e-05,-0.00416,4610948531.834713
2026-09-05T20:01:04+00:00,Uniswap,UNI,7.19,4478658292,23,720563046,7.05,6.09,0.9913,16.04805,623212423.7271129
2026-09-05T20:01:04+00:00,Ethena USDe,USDE,0.999922,4349318909,24,61312812,1.0,0.999742,5.244e-05,0.00524,4349656384.717037
2026-09-05T20:01:04+00:00,Canton,CC,0.1089,4305373104,25,7185604,0.111423,0.105739,0.00288281,2.71905,39535245551.06526
2026-09-05T20:01:04+00:00,USD1,USD1,0.999625,4246452524,26,913021883,0.999848,0.999466,-5.1961930960909e-05,-0.00788,4248045903.908017
2026-09-05T20:01:04+00:00,Litecoin,LTC,54.22,4205742931,27,446174466,55.08,50.6,3.56,7.014,77574085.55594929
2026-09-05T20:01:04+00:00,Gram (prev. Toncoin),GRAM,1.43,3966672694,28,45065413,1.43,1.38,0.03743945,2.68258,2781645973.559326
2026-09-05T20:01:04+00:00,Hedera,HBAR,0.080756,3539643564,29,54779487,0.081512,0.07734,0.00341453,4.41299,43831559705.89404
2026-09-05T20:01:04+00:00,Sui,SUI,0.805488,3299711919,30,602560949,0.811551,0.751666,0.04654646,6.15231,4096537146.5409594
2026-09-05T20:01:04+00:00,Avalanche,AVAX,7.6,3280058825,31,207459288,7.63,7.34,0.205937,2.8045,431771961.1772119
2026-09-05T20:01:04+00:00,Global Dollar,USDG,1.0,3258259466,32,1547819356,1.0,0.999939,3.704e-05,0.00351,3258064087.269853
2026-09-05T20:01:04+00:00,Shiba Inu,SHIB,5.48e-06,3231555353,33,73552694,5.57e-06,5.2e-06,2.62106e-07,5.02201,589239321044316.9
2026-09-05T20:01:04+00:00,PayPal USD,PYUSD,0.999955,2906230887,34,58153187,1.0,0.999845,1.31e-05,0.00266,2906397597.9639626
2026-09-05T20:01:04+00:00,NEAR Protocol,NEAR,2.19,2861107216,35,480873554,2.29,2.09,0.02423706,1.16892,1305505357.0
2026-09-05T20:01:04+00:00,BlackRock USD Institutional Digital Liquidity Fund,BUIDL,1.0,2832282866,36,0.0,1.0,1.0,0.0,0.0,2832282865.800449
2026-09-05T20:01:04+00:00,Cronos,CRO,0.056548,2744601546,37,4073626,0.057131,0.055622,0.00053723,0.96519,48536161652.82477
2026-09-05T20:01:04+00:00,Tether Gold,XAUT,4426.23,2712499681,38,77470702,4432.07,4423.33,-3.769326421250298,-0.08704,612823.6595320001
2026-09-05T20:01:04+00:00,Circle USYC,USYC,1.14,2624340328,39,0.0,1.14,1.14,0.0,0.0,2308988052.650666
2026-09-05T20:01:04+00:00,MemeCore,M,1.12,2542783000,40,1175613,1.14,1.1,0.01437725,1.29655,2269466971.556738
2026-09-05T20:01:04+00:00,Ripple USD,RLUSD,0.999943,2407000262,41,64382432,1.0,0.99985,-1.5213950272264e-05,-0.00164,2407151384.647229
2026-09-05T20:01:04+00:00,OKB,OKB,113.6,2385518369,42,28496862,115.42,107.55,5.44,5.00918,21000000.0
2026-09-05T20:01:04+00:00,Bittensor,TAO,233.19,2238071980,43,170240436,240.47,222.33,8.56,3.82951,9597491.0
2026-09-05T20:01:04+00:00,Ondo US Dollar Yield,USDY,1.14,2199043342,44,347598,1.15,1.14,0.00430596,0.39661,1920618063.6532192
2026-09-05T20:01:04+00:00,Aster,ASTER,0.784096,2117068992,45,357478226,0.863964,0.723202,0.04480323,6.04779,2700010975.2797318
2026-09-05T20:01:04+00:00,Aave,AAVE,134.77,2079099111,46,199678895,135.1,128.88,4.2,3.23556,15427227.314620884
2026-09-05T20:01:04+00:00,Mantle,MNT,0.585785,1934435647,47,16166128,0.583956,0.568021,0.01684488,2.96232,3302294382.53684
2026-09-05T20:01:04+00:00,PAX Gold,PAXG,4433.32,1917424089,48,47321691,4437.04,4429.06,-1.8146775170444016,-0.04361,432503.322051
2026-09-05T20:01:04+00:00,World Liberty Financial,WLFI,0.057204,1817766639,49,25880305,0.057536,0.056129,0.00032992,0.56792,31777036963.0
2026-09-05T20:01:04+00:00,Ondo,ONDO,0.369076,1797154873,50,99103131,0.376156,0.354738,0.01062107,3.01274,4869330647.0
2026-09-05T20:01:04+00:00,Morpho,MORPHO,2.49,1716586583,51,30987932,2.58,2.49,-0.033434563340866585,-1.32569,688626766.2028221
2026-09-05T20:01:04+00:00,Ethena,ENA,0.163776,1653371872,52,378424726,0.167485,0.161541,0.00025275,0.16383,10095312500.0
2026-09-05T20:01:04+00:00,Sky,SKY,0.06879,1611327721,53,4344599,0.068419,0.066888,0.00123588,1.82265,23424036547.526566
2026-09-05T20:01:04+00:00,Pump.fun,PUMP,0.00392135,1550436146,54,148343992,0.00430121,0.0039299,-0.000369948762631815,-8.63248,395383568046.55194
2026-09-05T20:01:04+00:00,Polkadot,DOT,0.911163,1550235948,55,131232705,0.924836,0.86714,0.03624266,4.15702,1701382074.899388
2026-09-05T20:01:04+00:00,Pepe,PEPE,3.61e-06,1518982013,56,239456362,3.69e-06,3.45e-06,2.5103e-08,0.7801,420690000000000.0
2026-09-05T20:01:04+00:00,HTX DAO,HTX,1.68e-06,1509813840,57,16567743,1.69e-06,1.64e-06,3.3934e-08,2.2806,898232728634017.2
2026-09-05T20:01:04+00:00,Internet Computer,ICP,2.66,1478718427,58,60845522,2.71,2.46,0.173935,7.01826,556239142.1626025
2026-09-05T20:01:04+00:00,USDD,USDD,0.99749,1474068195,59,2613667,0.999588,0.997489,-0.001093687464906679,-0.11014,1477776941.0
2026-09-05T20:01:04+00:00,Worldcoin,WLD,0.396511,1440781114,60,147161201,0.407715,0.378163,0.01528567,4.12224,3633650474.0492096
2026-09-05T20:01:04+00:00,Bitget Token,BGB,2.04,1426220392,61,8883468,2.04,1.97,0.059233,2.9793,699992029.6481038
2026-09-05T20:01:04+00:00,USDGO,USDGO,1.0,1355464021,62,30170293,1.0,0.999882,5.444e-05,0.00848,1355454412.77
2026-09-05T20:01:04+00:00,Falcon USD,USDF,0.996744,1339694706,63,558802,1.002,0.987829,0.00021996,0.0239,1344070422.590452
2026-09-05T20:01:04+00:00,BFUSD,BFUSD,1.0,1320115881,64,714067,1.0,0.999905,5.805e-05,0.00582,1320000000.0
2026-09-05T20:01:04+00:00,United Stables,U,0.999199,1276476163,65,107110341,0.999709,0.999045,-0.00026439346482654,-0.02053,1277499107.8
2026-09-05T20:01:04+00:00,Ethereum Classic,ETC,7.78,1230253611,66,45710994,7.79,7.36,0.401235,5.43208,158072828.5868675
2026-09-05T20:01:04+00:00,Spiko Amundi Overnight Swap Fund (EUR),EURSAFO,1.18,1229005528,67,0.0,1.18,1.18,-1.2285156549829e-05,-0.00105,1045687476.43203
2026-09-05T20:01:04+00:00,Bitway,BTW,0.451143,1221758097,68,10331668,0.467435,0.420418,0.00086143,0.18533,2708142280.000001
2026-09-05T20:01:04+00:00,Lighter,LIT,4.74,1186202971,69,76456332,4.84,4.59,0.104775,2.29613,250000000.0
2026-09-05T20:01:04+00:00,Pi Network,PI,0.095244,1061183133,70,4199707,0.096439,0.093657,0.00106492,1.12426,11141680597.248924
2026-09-05T20:01:04+00:00,POL (ex-MATIC),POL,0.095495,1022641266,71,42370379,0.095664,0.09256,0.00230819,2.48883,10708873805.9877
2026-09-05T20:01:04+00:00,Gate,GT,9.37,998509401,72,2737031,9.61,8.3,1.0,11.99627,106617785.94066912
2026-09-05T20:01:04+00:00,Arbitrum,ARB,0.149233,996590106,73,239064021,0.143531,0.129384,0.0175186,13.28124,6678075931.0
2026-09-05T20:01:04+00:00,KuCoin,KCS,7.22,990238473,74,2415660,7.22,7.04,0.151561,2.13723,137155021.2773955
2026-09-05T20:01:04+00:00,Blockchain Capital,BCAP,106.22,967888430,75,0.0,106.22,106.22,0.0,0.0,9112111.0
2026-09-05T20:01:04+00:00,Quant,QNT,64.8,942508220,76,14135749,65.48,63.43,1.051,1.69592,14544176.164081175
2026-09-05T20:01:04+00:00,JUST,JST,0.109664,898013240,77,22695295,0.110453,0.107852,0.00102516,0.93509,8188743036.341737
2026-09-05T20:01:04+00:00,Spiko EU T-Bills Money Market Fund,EUTBL,1.23,882559347,78,0.0,1.23,1.23,-1.2847883478884e-05,-0.00105,718027528.4955
2026-09-05T20:01:04+00:00,Dash,DASH,67.04,859936496,79,558242576,73.23,55.16,11.88,21.56374,12827515.77242951
2026-09-05T20:01:04+00:00,Algorand,ALGO,0.094781,856721451,80,37520087,0.097499,0.089838,0.00411849,4.52592,9038938112.658466
2026-09-05T20:01:04+00:00,NEXO,NEXO,0.838673,838672905,81,1943221,0.844676,0.828709,0.00830413,0.98966,1000000000.0
2026-09-05T20:01:04+00:00,Kaspa,KAS,0.03026897,837936537,82,10705055,0.03070059,0.02923296,0.00098141,3.37801,27683019390.647274
2026-09-05T20:01:04+00:00,Venice Token,VVV,17.15,819201168,83,15847773,18.36,17.14,-1.0811670807918041,-6.11165,47766002.6592394
2026-09-05T20:01:04+00:00,Cosmos Hub,ATOM,1.54,816247910,84,28323650,1.56,1.49,0.04104832,2.74214,529046881.218569
2026-09-05T20:01:04+00:00,Janus Henderson Anemoy Treasury Fund,JTRSY,1.12,799656135,85,0.0,1.12,1.12,0.0,0.0,717141156.78007
2026-09-05T20:01:04+00:00,Invesco Short Duration US Government Securities Fund,USTB,11.2,774901925,86,0.0,11.2,11.2,0.0,0.0,69184601.790848
2026-09-05T20:01:04+00:00,Render,RENDER,1.46,757567653,87,37114245,1.5,1.42,0.02580813,1.78307,518772101.28269154
2026-09-05T20:01:04+00:00,​​Stable,STABLE,0.02882508,750993474,88,8180281,0.02931973,0.02856697,-0.000343010224626988,-1.22307,26053475994.0
2026-09-05T20:01:04+00:00,Jupiter,JUP,0.220834,733237642,89,52508029,0.2261,0.213599,0.00382609,1.82097,3320312968.08
2026-09-05T20:01:04+00:00,PancakeSwap,CAKE,2.26,725123475,90,135776414,2.28,1.95,0.272913,13.74297,320777353.5755729
2026-09-05T20:01:04+00:00,Janus Henderson Anemoy AAA CLO Fund,JAAA,1.048,710966727,91,0.0,1.048,1.048,0.0,0.0,678300455.183658
2026-09-05T20:01:04+00:00,GHO,GHO,0.999115,698381732,92,5396210,0.999503,0.999064,-8.7545610738426e-05,-0.0087,699000000.0
2026-09-05T20:01:04+00:00,Filecoin,FIL,0.7886,652070154,93,65664217,0.795191,0.748734,0.03682651,4.88954,826870445.0
2026-09-05T20:01:04+00:00,Pons,PONS,0.891513,634850724,94,197282739,0.971034,0.628628,0.199006,28.82534,712104762.0614183
2026-09-05T20:01:04+00:00,Official Trump,TRUMP,2.37,619905427,95,273785849,2.45,2.26,0.097098,4.33383,261880985.28763402
2026-09-05T20:01:04+00:00,Beldex,BDX,0.078628,618845396,96,10381731,0.080202,0.078607,-0.000462202333366163,-0.60283,7870512437.055635
2026-09-05T20:01:04+00:00,VeChain,VET,0.00690966,594127196,97,6986641,0.00698825,0.00668997,0.00020689,3.05007,85985041177.0
2026-09-05T20:01:04+00:00,币安人生 (BinanceLife),币安人生,0.581544,581543918,98,20459829,0.623808,0.486654,0.094874,19.49927,1000000000.0
2026-09-05T20:01:04+00:00,Flare,FLR,0.00667376,579407999,99,2546462,0.00674416,0.00662881,-5.3939128147103e-05,-0.80752,86818814609.00671
2026-09-05T20:01:04+00:00,Curve DAO,CRV,0.370771,576332461,100,50728365,0.373307,0.348013,0.0166983,4.72614,1554414591.0
2026-09-05T20:48:27+00:00,Bitcoin,BTC,79769,1601849721485,1,18850435287,80147,79459,48.97,0.06143,20080162.0
2026-09-05T20:48:27+00:00,Ethereum,ETH,2479.27,302536019801,2,6632081253,2483.13,2445.89,25.22,1.02769,122020932.85347287
2026-09-05T20:48:27+00:00,Tether,USDT,1.0,183400718376,3,39098540550,1.0,0.999885,-0.000130006431741769,-0.013,183392383062.09265
2026-09-05T20:48:27+00:00,BNB,BNB,771.38,102738000001,4,2146538752,779.7,717.12,52.42,7.29181,133161936.57
2026-09-05T20:48:27+00:00,XRP,XRP,1.42,88907125684,5,1419426250,1.43,1.39,0.01767609,1.26336,62744504852.0
2026-09-05T20:48:27+00:00,USDC,USDC,1.0,74574289613,6,9324826495,1.0,0.999905,1.118e-05,0.00112,74573713855.35162
2026-09-05T20:48:27+00:00,Solana,SOL,103.36,60518679433,7,2364672195,104.25,101.56,1.54,1.5114,585445700.4877107
2026-09-05T20:48:27+00:00,TRON,TRX,0.334468,31754019979,8,262644344,0.334568,0.331218,0.00287321,0.86648,94935900212.59479
2026-09-05T20:48:27+00:00,Figure Heloc,FIGR_HELOC,1.005,22395664935,9,5550128,1.043,1.005,-0.027584166816722044,-2.67212,22290650137.398
2026-09-05T20:48:27+00:00,Hyperliquid,HYPE,85.5,19017772592,10,828534646,86.12,83.66,0.733133,0.8649,222445714.07414138
2026-09-05T20:48:27+00:00,Zcash,ZEC,1010.92,17106944560,11,642532911,1039.59,1000.72,-21.688004461384708,-2.10032,16916382.9780448
2026-09-05T20:48:27+00:00,Dogecoin,DOGE,0.090894,14166094785,12,1083025312,0.094557,0.084475,0.00609945,7.19318,155793966383.70526
2026-09-05T20:48:27+00:00,Rain,RAIN,0.01701264,12067360524,13,31358241,0.01716809,0.01638085,0.00044845,2.70736,709200892838.8589
2026-09-05T20:48:27+00:00,Monero,XMR,544.78,10240219659,14,105148894,547.51,513.76,9.39,1.7543,18800797.60115823
2026-09-05T20:48:27+00:00,USDS,USDS,0.999715,9807895875,15,124156643,1.0,0.999538,-0.00014379272319065,-0.01438,9810691398.407248
2026-09-05T20:48:27+00:00,Chainlink,LINK,12.02,8996951714,16,355184753,12.23,11.6,0.342526,2.93206,748099970.424884
2026-09-05T20:48:27+00:00,WhiteBIT Coin,WBT,73.41,8660585929,17,37359298,73.63,73.04,0.200529,0.2739,117956019.0
2026-09-05T20:48:27+00:00,LEO Token,LEO,9.24,8503948033,18,166371,9.33,9.18,0.01912256,0.20727,919857851.9
2026-09-05T20:48:27+00:00,Cardano,ADA,0.219852,8249730797,19,406790838,0.221707,0.209454,0.00712998,3.35178,37504333228.36598
2026-09-05T20:48:27+00:00,Stellar,XLM,0.184209,6410456114,20,114736827,0.186388,0.178545,0.00465388,2.59189,34802064530.51057
2026-09-05T20:48:27+00:00,Bitcoin Cash,BCH,256.0,5142037846,21,157294578,259.15,245.18,2.9,1.1462,20085131.14665078
2026-09-05T20:48:27+00:00,Dai,DAI,0.999912,4605143362,22,230905881,1.0,0.999606,0.00020227,0.02023,4605548623.166136
2026-09-05T20:48:27+00:00,Uniswap,UNI,7.1,4425767974,23,763479079,7.23,6.09,0.895959,14.44424,623212423.7271129
2026-09-05T20:48:27+00:00,Ethena USDe,USDE,0.99994,4349309398,24,60035385,1.0,0.999742,-8.804680187158e-06,-0.00088,4349656384.717037
2026-09-05T20:48:27+00:00,Canton,CC,0.109113,4312123164,25,7324021,0.111423,0.105739,0.00282374,2.65666,39535245551.06526
2026-09-05T20:48:27+00:00,USD1,USD1,0.999584,4246286222,26,891953037,0.999848,0.999466,-0.000131675637059736,-0.01317,4248045903.899379
2026-09-05T20:48:27+00:00,Litecoin,LTC,53.88,4179458518,27,451603265,55.08,50.6,3.08,6.06471,77577548.06546383
2026-09-05T20:48:27+00:00,Gram (prev. Toncoin),GRAM,1.43,3973395082,28,45074255,1.44,1.39,0.03855626,2.77424,2781660645.2488484
2026-09-05T20:48:27+00:00,Hedera,HBAR,0.080859,3544551937,29,55489085,0.081512,0.077703,0.00280359,3.5918,43831559705.93747
2026-09-05T20:48:27+00:00,Sui,SUI,0.801699,3284440705,30,624665689,0.812155,0.751666,0.04331402,5.71135,4096537146.5409594
2026-09-05T20:48:27+00:00,Avalanche,AVAX,7.6,3279366600,31,209544638,7.64,7.34,0.212422,2.87703,431771961.1772119
2026-09-05T20:48:27+00:00,Global Dollar,USDG,1.0,3258430468,32,1535635726,1.0,0.99995,0.0001013,0.01013,3258064087.269853
2026-09-05T20:48:27+00:00,Shiba Inu,SHIB,5.48e-06,3226796113,33,75684236,5.57e-06,5.2e-06,2.62198e-07,5.02531,589239321044316.9
2026-09-05T20:48:27+00:00,PayPal USD,PYUSD,0.999969,2912351420,34,48557632,1.0,0.999845,-6.4933563603597e-05,-0.00649,2912440024.0039625
2026-09-05T20:48:27+00:00,NEAR Protocol,NEAR,2.18,2848357445,35,448084413,2.29,2.09,0.06059,2.85736,1305532973.0
2026-09-05T20:48:27+00:00,BlackRock USD Institutional Digital Liquidity Fund,BUIDL,1.0,2832282866,36,0.0,1.0,1.0,0.0,0.0,2832282865.800449
2026-09-05T20:48:27+00:00,Cronos,CRO,0.05638,2736569187,37,4023527,0.057131,0.055622,0.00045317,0.81028,48536211572.74642
2026-09-05T20:48:27+00:00,Tether Gold,XAUT,4426.0,2712336429,38,76806231,4432.07,4423.33,-0.5365855693371486,-0.01212,612823.6595320001
2026-09-05T20:48:27+00:00,Circle USYC,USYC,1.14,2624340328,39,0.0,1.14,1.14,0.0,0.0,2308988052.650666
2026-09-05T20:48:27+00:00,MemeCore,M,1.12,2546108099,40,1199658,1.14,1.11,0.00297296,0.26567,2269466971.55537
2026-09-05T20:48:27+00:00,Ripple USD,RLUSD,0.999919,2406893505,41,63553509,1.0,0.99985,-0.000123386429445871,-0.01234,2407151384.647228
2026-09-05T20:48:27+00:00,OKB,OKB,112.84,2368937170,42,28712794,115.42,107.55,4.74,4.38146,21000000.0
2026-09-05T20:48:27+00:00,Bittensor,TAO,233.25,2237398320,43,168041412,240.47,222.33,8.29,3.68594,9597491.0
2026-09-05T20:48:27+00:00,Ondo US Dollar Yield,USDY,1.14,2191240914,44,333379,1.15,1.14,0.0003228,0.0282,1920618063.6532192
2026-09-05T20:48:27+00:00,Aster,ASTER,0.78558,2121772574,45,360518564,0.863964,0.723202,0.04491234,6.06376,2700010975.2797318
2026-09-05T20:48:27+00:00,Aave,AAVE,134.65,2077626602,46,202631462,135.81,128.88,4.27,3.27173,15427227.642353948
2026-09-05T20:48:27+00:00,Mantle,MNT,0.583807,1928129202,47,16206385,0.586118,0.569041,0.01432664,2.51574,3302294382.53684
2026-09-05T20:48:27+00:00,PAX Gold,PAXG,4432.41,1917032279,48,47107840,4437.04,4429.06,0.458861,0.01035,432503.322051
2026-09-05T20:48:27+00:00,World Liberty Financial,WLFI,0.057164,1816384618,49,24684805,0.057586,0.056129,0.00068877,1.21961,31777044912.0
2026-09-05T20:48:27+00:00,Ondo,ONDO,0.369819,1800959437,50,98113534,0.376156,0.354738,0.01184959,3.31023,4869330647.0
2026-09-05T20:48:27+00:00,Morpho,MORPHO,2.5,1720581454,51,30496706,2.58,2.49,-0.03144631871589176,-1.24296,688626766.2028221
2026-09-05T20:48:27+00:00,Ethena,ENA,0.165532,1670452587,52,391221432,0.167485,0.161541,0.00120109,0.7309,10095312500.0
2026-09-05T20:48:27+00:00,Sky,SKY,0.068901,1613862469,53,4845941,0.068883,0.066888,0.00156043,2.31724,23424036547.526566
2026-09-05T20:48:27+00:00,Pump.fun,PUMP,0.00395763,1565482419,54,153822353,0.00430121,0.00390614,-0.000331899129974851,-7.73742,395378466714.4644
2026-09-05T20:48:27+00:00,Polkadot,DOT,0.913422,1554206508,55,130625444,0.924836,0.86714,0.0433529,4.9827,1701396494.801899
2026-09-05T20:48:27+00:00,Pepe,PEPE,3.62e-06,1523172125,56,240642757,3.69e-06,3.45e-06,3.7412e-08,1.04483,420690000000000.0
2026-09-05T20:48:27+00:00,HTX DAO,HTX,1.68e-06,1510955306,57,16067915,1.69e-06,1.64e-06,3.7097e-08,2.25539,898232728634017.2
2026-09-05T20:48:27+00:00,Internet Computer,ICP,2.67,1487808050,58,62460628,2.71,2.46,0.194369,7.83552,556239320.9547211
2026-09-05T20:48:27+00:00,USDD,USDD,0.997523,1475013063,59,2645991,0.999588,0.997479,-0.00112410302933863,-0.11256,1478675552.0
2026-09-05T20:48:27+00:00,Worldcoin,WLD,0.396858,1441859784,60,148237791,0.407715,0.378163,0.01584726,4.15927,3633651924.0365562
2026-09-05T20:48:27+00:00,Bitget Token,BGB,2.04,1429425149,61,8944667,2.04,1.97,0.061997,3.1314,699992029.6481038
2026-09-05T20:48:27+00:00,USDGO,USDGO,0.999972,1355391603,62,30768022,1.0,0.99988,-5.69848494647e-06,-0.00057,1355454412.77
2026-09-05T20:48:27+00:00,Falcon USD,USDF,0.996727,1339671588,63,403334,1.002,0.987829,9.555e-05,0.00959,1344070422.590452
2026-09-05T20:48:27+00:00,BFUSD,BFUSD,1.0,1320018185,64,722924,1.0,0.999905,-9.2325515602676e-05,-0.00923,1320000000.0
2026-09-05T20:48:27+00:00,United Stables,U,0.999322,1276414445,65,103244773,0.999709,0.999045,-0.000297720198886964,-0.02978,1277499107.8
2026-09-05T20:48:27+00:00,Ethereum Classic,ETC,7.82,1236542324,66,46441709,7.83,7.36,0.417422,5.63809,158073707.1788675
2026-09-05T20:48:27+00:00,Spiko Amundi Overnight Swap Fund (EUR),EURSAFO,1.18,1229005528,67,0.0,1.18,1.18,0.00014194,0.01208,1045687476.43203
2026-09-05T20:48:27+00:00,Bitway,BTW,0.449831,1218169210,68,10499095,0.467435,0.420418,-0.00166617834452093,-0.36903,2708142280.000001
2026-09-05T20:48:27+00:00,Lighter,LIT,4.73,1181676174,69,73039761,4.84,4.59,-0.01747849703958515,-0.36828,250000000.0
2026-09-05T20:48:27+00:00,Arbitrum,ARB,0.163135,1089053524,70,317364208,0.150401,0.129384,0.03219908,24.59157,6678075931.0
2026-09-05T20:48:27+00:00,Pi Network,PI,0.095276,1062402653,71,4214426,0.096439,0.093657,0.00110225,1.17044,11141680597.248924
2026-09-05T20:48:27+00:00,POL (ex-MATIC),POL,0.096262,1031343622,72,43609645,0.095878,0.09256,0.00296928,3.18277,10708873805.9877
2026-09-05T20:48:27+00:00,KuCoin,KCS,7.23,991047288,73,2433168,7.24,7.04,0.162998,2.30692,137155021.2773955
2026-09-05T20:48:27+00:00,Gate,GT,9.26,987417253,74,2690656,9.61,8.35,0.875916,10.44227,106617813.88589442
2026-09-05T20:48:27+00:00,Blockchain Capital,BCAP,106.22,967888430,75,0.0,106.22,106.22,-1.4211e-14,0.0,9112111.0
2026-09-05T20:48:27+00:00,Quant,QNT,64.62,939885189,76,13857490,65.48,63.43,0.859842,1.34858,14544176.164081175
2026-09-05T20:48:27+00:00,JUST,JST,0.109944,900408310,77,20920051,0.110453,0.107852,0.0011944,1.09831,8188743036.341737
2026-09-05T20:48:27+00:00,Spiko EU T-Bills Money Market Fund,EUTBL,1.23,882559347,78,0.0,1.23,1.23,0.00014844,0.01208,718027528.4955
2026-09-05T20:48:27+00:00,Dash,DASH,67.23,862336264,79,555254478,73.23,57.27,10.1,17.68118,12828262.23562437
2026-09-05T20:48:27+00:00,Algorand,ALGO,0.09475,856635675,80,37282111,0.097499,0.089838,0.00443437,4.90985,9038985932.3071
2026-09-05T20:48:27+00:00,NEXO,NEXO,0.84035,839567608,81,2531938,0.844676,0.832428,0.00929612,1.11859,1000000000.0
2026-09-05T20:48:27+00:00,Kaspa,KAS,0.03030204,838803523,82,11000558,0.03070059,0.02923296,0.00094928,3.23403,27683423155.231007
2026-09-05T20:48:27+00:00,Venice Token,VVV,17.2,821471356,83,12549215,18.2,17.14,-0.932846294154313,-5.14548,47766287.57172039
2026-09-05T20:48:27+00:00,Cosmos Hub,ATOM,1.55,818888353,84,28188691,1.56,1.49,0.04615211,3.07314,529061248.190579
2026-09-05T20:48:27+00:00,Janus Henderson Anemoy Treasury Fund,JTRSY,1.12,799656135,85,0.0,1.12,1.12,0.0,0.0,717141156.78007
2026-09-05T20:48:27+00:00,Invesco Short Duration US Government Securities Fund,USTB,11.2,774701961,86,0.0,11.2,11.2,0.0,0.0,69166748.656975
2026-09-05T20:48:27+00:00,Render,RENDER,1.46,759002451,87,37051189,1.5,1.42,0.03413602,2.38893,518772101.28269154
2026-09-05T20:48:27+00:00,​​Stable,STABLE,0.02859021,744723344,88,8016393,0.02931973,0.02856697,-0.000502821669696622,-1.72832,26055011659.0
2026-09-05T20:48:27+00:00,Jupiter,JUP,0.221206,734335816,89,52603129,0.2261,0.213599,0.00453233,2.09178,3320312968.08
2026-09-05T20:48:27+00:00,PancakeSwap,CAKE,2.23,715619818,90,136370044,2.28,1.95,0.250173,12.628,320777353.5755729
2026-09-05T20:48:27+00:00,Janus Henderson Anemoy AAA CLO Fund,JAAA,1.048,710966727,91,0.0,1.048,1.048,0.0,0.0,678300455.183658
2026-09-05T20:48:27+00:00,GHO,GHO,0.999147,698401447,92,5056404,0.999503,0.999064,-0.00013800749548043,-0.01381,699000000.0
2026-09-05T20:48:27+00:00,Filecoin,FIL,0.790935,654252834,93,66573537,0.795191,0.749228,0.04097958,5.46427,826874202.0
2026-09-05T20:48:27+00:00,Pons,PONS,0.885784,627993836,94,195261552,0.971034,0.628628,0.227335,34.52592,712104762.0614183
2026-09-05T20:48:27+00:00,Beldex,BDX,0.078674,619345387,95,10356087,0.080202,0.078454,-0.000443700892732338,-0.56081,7870512880.640652
2026-09-05T20:48:27+00:00,Official Trump,TRUMP,2.36,618034657,96,275413541,2.45,2.26,0.09002,3.96656,261880985.28763402
2026-09-05T20:48:27+00:00,VeChain,VET,0.00693295,596261468,97,6985954,0.00698825,0.0066963,0.00023794,3.55405,85985041177.0
2026-09-05T20:48:27+00:00,Flare,FLR,0.00669723,581498575,98,2596854,0.00674416,0.00662881,-9.414918521018e-06,-0.14038,86818814609.00671
2026-09-05T20:48:27+00:00,Curve DAO,CRV,0.372821,579577758,99,53625626,0.373307,0.348013,0.01830433,5.16319,1554414591.0
2026-09-05T20:48:27+00:00,币安人生 (BinanceLife),币安人生,0.577679,576991635,100,20428332,0.623808,0.486654,0.089595,18.35654,1000000000.0
2026-09-05T21:01:03+00:00,Bitcoin,BTC,79770,1601461402533,1,18945477883,80147,79459,63.34,0.05961,20080162.0
2026-09-05T21:01:03+00:00,Ethereum,ETH,2477.72,302274030094,2,6667110953,2483.13,2445.89,26.2,1.04121,122020932.85347287
2026-09-05T21:01:03+00:00,Tether,USDT,1.0,183400111427,3,39144658076,1.0,0.999885,-0.000112851736852937,-0.01163,183392383062.09265
2026-09-05T21:01:03+00:00,BNB,BNB,770.53,102580348847,4,2137036523,779.7,717.12,52.26,7.23413,133161936.57
2026-09-05T21:01:03+00:00,XRP,XRP,1.42,88791879420,5,1419334603,1.43,1.39,0.01518895,1.06775,62744504852.0
2026-09-05T21:01:03+00:00,USDC,USDC,1.0,74573581217,6,9246092593,1.0,0.999905,2.014e-05,0.00226,74573713855.35162
2026-09-05T21:01:03+00:00,Solana,SOL,103.31,60471233968,7,2375086143,104.25,101.56,1.54,1.47616,585445700.4877107
2026-09-05T21:01:03+00:00,TRON,TRX,0.334573,31761108612,8,262899781,0.334568,0.331218,0.00308638,0.92824,94935900212.59479
2026-09-05T21:01:03+00:00,Figure Heloc,FIGR_HELOC,1.005,22395739673,9,5550080,1.043,1.005,-0.02759905592015488,-2.41648,22290650137.398
2026-09-05T21:01:03+00:00,Hyperliquid,HYPE,85.25,18961720285,10,829234261,86.12,83.66,0.933996,1.08156,222445714.07414138
2026-09-05T21:01:03+00:00,Zcash,ZEC,1009.41,17071055682,11,632847085,1039.59,1000.72,-14.39696332709866,-1.52263,16916382.9780448
2026-09-05T21:01:03+00:00,Dogecoin,DOGE,0.090733,14132448328,12,1087662341,0.094557,0.084475,0.0059754,7.02773,155793966383.70526
2026-09-05T21:01:03+00:00,Rain,RAIN,0.01700596,12060796975,13,34331412,0.01716809,0.01638085,0.00044244,2.6495,709200892838.8589
2026-09-05T21:01:03+00:00,Monero,XMR,545.9,10256579064,14,105209434,547.51,513.76,10.31,1.78787,18800797.60115823
2026-09-05T21:01:03+00:00,USDS,USDS,0.999723,9807865321,15,121805277,1.0,0.999538,-0.000176702734374534,-0.02786,9810691398.407248
2026-09-05T21:01:03+00:00,Chainlink,LINK,12.02,8992830517,16,356468172,12.23,11.6,0.351726,2.93978,748099970.424884
2026-09-05T21:01:03+00:00,WhiteBIT Coin,WBT,73.42,8657413621,17,37277082,73.63,73.04,0.227758,0.27813,117956019.0
2026-09-05T21:01:03+00:00,LEO Token,LEO,9.24,8497940696,18,144863,9.33,9.18,-0.041772426208821045,-0.45541,919857851.9
2026-09-05T21:01:03+00:00,Cardano,ADA,0.219324,8223988993,19,408437065,0.221707,0.209454,0.00644854,2.98127,37504333228.36598
2026-09-05T21:01:03+00:00,Stellar,XLM,0.184224,6408564390,20,114920826,0.186388,0.178545,0.00481803,2.62287,34802064530.51057
2026-09-05T21:01:03+00:00,Bitcoin Cash,BCH,255.36,5128053146,21,157254614,259.15,245.18,2.67,1.02085,20085131.14665078
2026-09-05T21:01:03+00:00,Dai,DAI,0.99992,4605574770,22,224903632,1.0,0.999606,3.076e-05,0.01221,4605548623.166136
2026-09-05T21:01:03+00:00,Uniswap,UNI,7.15,4461512399,23,762969013,7.23,6.09,0.957849,15.51759,623212423.7271129
2026-09-05T21:01:03+00:00,Ethena USDe,USDE,0.999942,4349384702,24,57461106,1.0,0.999742,3.51e-05,0.00239,4349656384.717037
2026-09-05T21:01:03+00:00,Canton,CC,0.108943,4306448385,25,7345561,0.111423,0.105739,0.00265118,2.45956,39535245551.06526
2026-09-05T21:01:03+00:00,USD1,USD1,0.999614,4246307811,26,882275478,0.999848,0.999466,-7.2623792545468e-05,-0.00902,4248045903.899379
2026-09-05T21:01:03+00:00,Litecoin,LTC,53.89,4180554956,27,452668702,55.08,50.6,3.09,6.10461,77577548.06546383
2026-09-05T21:01:03+00:00,Gram (prev. Toncoin),GRAM,1.43,3971260833,28,44975032,1.44,1.39,0.0363877,2.62749,2781660645.2488484
2026-09-05T21:01:03+00:00,Hedera,HBAR,0.080858,3543393636,29,55635866,0.081512,0.077703,0.00272735,3.46704,43831559705.93747
2026-09-05T21:01:03+00:00,Avalanche,AVAX,7.59,3274774204,30,209272892,7.64,7.34,0.201307,2.677,431771961.1772119
2026-09-05T21:01:03+00:00,Sui,SUI,0.798555,3270855707,31,624757653,0.812155,0.751666,0.04137911,5.44673,4096537146.5409594
2026-09-05T21:01:03+00:00,Global Dollar,USDG,1.0,3258699619,32,1511046148,1.0,0.99995,0.00020451,0.02201,3258064087.269853
2026-09-05T21:01:03+00:00,Shiba Inu,SHIB,5.47e-06,3221573368,33,74729804,5.57e-06,5.2e-06,2.48608e-07,4.80905,589239321044316.9
2026-09-05T21:01:03+00:00,PayPal USD,PYUSD,0.999976,2912335143,34,46559390,1.0,0.999845,-9.380010772575e-05,-0.01421,2912440024.0039625
2026-09-05T21:01:03+00:00,NEAR Protocol,NEAR,2.17,2834272162,35,444722539,2.29,2.09,0.061678,2.77602,1305532973.0
2026-09-05T21:01:03+00:00,BlackRock USD Institutional Digital Liquidity Fund,BUIDL,1.0,2832282866,36,0.0,1.0,1.0,0.0,0.0,2832282865.800449
2026-09-05T21:01:03+00:00,Cronos,CRO,0.056314,2733052340,37,4029717,0.057131,0.055622,0.00036614,0.6546,48536211572.74642
2026-09-05T21:01:03+00:00,Tether Gold,XAUT,4426.23,2712392552,38,76905124,4432.07,4423.33,-0.39063859425823466,-0.00628,612823.6595320001
2026-09-05T21:01:03+00:00,Circle USYC,USYC,1.14,2624340328,39,0.0,1.14,1.14,0.0,0.0,2308988052.650666
2026-09-05T21:01:03+00:00,MemeCore,M,1.12,2550432455,40,1231122,1.14,1.11,0.00456671,0.31685,2269466971.55537
2026-09-05T21:01:03+00:00,Ripple USD,RLUSD,0.999948,2406983229,41,63939515,1.0,0.99985,-0.000131748741702853,-0.01522,2407151384.647228
2026-09-05T21:01:03+00:00,OKB,OKB,112.96,2371824464,42,28494048,115.42,107.55,4.93,4.55557,21000000.0
2026-09-05T21:01:03+00:00,Bittensor,TAO,233.46,2240111314,43,168145322,240.47,222.33,9.19,4.01916,9597491.0
2026-09-05T21:01:03+00:00,Ondo US Dollar Yield,USDY,1.14,2198893255,44,333307,1.15,1.14,0.00039368,0.51486,1920618063.6532192
2026-09-05T21:01:03+00:00,Aster,ASTER,0.776086,2094607411,45,359379094,0.863964,0.723202,0.03647564,5.06735,2700010975.2797318
2026-09-05T21:01:03+00:00,Aave,AAVE,134.18,2069795757,46,202505390,135.81,128.88,4.18,3.20688,15427227.642353948
2026-09-05T21:01:03+00:00,Mantle,MNT,0.58371,1927441564,47,16217931,0.586118,0.569041,0.01372734,2.425,3302294382.53684
2026-09-05T21:01:03+00:00,PAX Gold,PAXG,4432.58,1917090026,48,47245389,4437.04,4429.06,0.00774128,0.00515,432503.322051
2026-09-05T21:01:03+00:00,World Liberty Financial,WLFI,0.057171,1816386030,49,24588070,0.057586,0.056129,0.00074222,1.28854,31777044912.0
2026-09-05T21:01:03+00:00,Ondo,ONDO,0.369501,1799184429,50,98893952,0.376156,0.354738,0.01231563,3.39237,4869330647.0
2026-09-05T21:01:03+00:00,Morpho,MORPHO,2.5,1718292069,51,30688697,2.58,2.49,-0.035321790870194825,-1.59706,688626766.2028221
2026-09-05T21:01:03+00:00,Ethena,ENA,0.166785,1681810325,52,397363673,0.167485,0.161541,0.0029617,1.66469,10095312500.0
2026-09-05T21:01:03+00:00,Sky,SKY,0.068941,1614717766,53,4862242,0.068883,0.066888,0.00152585,2.27386,23424036547.526566
2026-09-05T21:01:03+00:00,Pump.fun,PUMP,0.00395515,1563444017,54,152771758,0.00430121,0.00390614,-0.000312348054963508,-7.3404,395378466714.4644
2026-09-05T21:01:03+00:00,Polkadot,DOT,0.911849,1551184540,55,127959336,0.924836,0.86714,0.0426056,4.80982,1701396494.801899
2026-09-05T21:01:03+00:00,Pepe,PEPE,3.62e-06,1522437808,56,242399973,3.69e-06,3.45e-06,4.4138e-08,1.15533,420690000000000.0
2026-09-05T21:01:03+00:00,HTX DAO,HTX,1.69e-06,1514168233,57,15946323,1.69e-06,1.64e-06,4.0125e-08,2.48955,898232728634017.2
2026-09-05T21:01:03+00:00,Internet Computer,ICP,2.67,1487818895,58,62731787,2.71,2.46,0.196428,7.90596,556239320.9547211
2026-09-05T21:01:03+00:00,USDD,USDD,0.99773,1475520672,59,2656442,0.999588,0.997479,-0.000930432721575891,-0.11338,1478675552.0
2026-09-05T21:01:03+00:00,Worldcoin,WLD,0.396972,1442092713,60,149674164,0.407715,0.378163,0.01607599,4.17736,3633651924.0365562
2026-09-05T21:01:03+00:00,Bitget Token,BGB,2.04,1430796177,61,8965994,2.04,1.97,0.065472,3.31455,699992029.6481038
2026-09-05T21:01:03+00:00,USDGO,USDGO,0.999987,1355443451,62,30947954,1.0,0.99988,-5.9164965254266e-05,-0.00516,1355454412.77
2026-09-05T21:01:03+00:00,Falcon USD,USDF,0.996736,1339669336,63,403226,1.002,0.987829,0.00010902,0.01076,1344070422.590452
2026-09-05T21:01:03+00:00,BFUSD,BFUSD,1.0,1320013786,64,722573,1.0,0.999905,-7.7667083856259e-05,-0.00812,1320000000.0
2026-09-05T21:01:03+00:00,United Stables,U,0.999232,1276534652,65,106349881,0.999709,0.999045,-0.00033490443360551,-0.02746,1277499107.8
2026-09-05T21:01:03+00:00,Ethereum Classic,ETC,7.81,1233800401,66,46279164,7.83,7.36,0.395425,5.33496,158073707.1788675
2026-09-05T21:01:03+00:00,Spiko Amundi Overnight Swap Fund (EUR),EURSAFO,1.18,1229005528,67,0.0,1.18,1.18,0.00017606,0.01498,1045687476.43203
2026-09-05T21:01:03+00:00,Bitway,BTW,0.449353,1216861053,68,10634472,0.467435,0.420418,-0.00399316437445113,-0.97766,2708142280.000001
2026-09-05T21:01:03+00:00,Lighter,LIT,4.74,1186499960,69,74681454,4.84,4.59,0.059437,1.364,250000000.0
2026-09-05T21:01:03+00:00,Arbitrum,ARB,0.161971,1080520141,70,326962652,0.150401,0.129384,0.03032081,22.65735,6678075931.0
2026-09-05T21:01:03+00:00,Pi Network,PI,0.09522,1060966061,71,4205605,0.096439,0.093657,0.00109264,1.1692,11141680597.248924
2026-09-05T21:01:03+00:00,POL (ex-MATIC),POL,0.096111,1029293576,72,43844413,0.095878,0.09256,0.00323963,3.44727,10708873805.9877
2026-09-05T21:01:03+00:00,KuCoin,KCS,7.24,991586406,73,2385993,7.24,7.04,0.173227,2.45312,137155021.2773955
2026-09-05T21:01:03+00:00,Gate,GT,9.27,988247565,74,2693271,9.61,8.35,0.888177,10.50284,106617813.88589442
2026-09-05T21:01:03+00:00,Blockchain Capital,BCAP,106.22,967888430,75,0.0,106.22,106.22,0.0,0.0,9112111.0
2026-09-05T21:01:03+00:00,Quant,QNT,64.67,940067488,76,13914801,65.48,63.43,0.947658,1.42548,14544176.164081175
2026-09-05T21:01:03+00:00,JUST,JST,0.109959,900452762,77,20958055,0.110453,0.107852,0.00117196,1.15723,8188743036.341737
2026-09-05T21:01:03+00:00,Spiko EU T-Bills Money Market Fund,EUTBL,1.23,882559347,78,0.0,1.23,1.23,0.00018412,0.01498,718027528.4955
2026-09-05T21:01:03+00:00,Dash,DASH,67.01,860104360,79,542682533,73.23,57.27,9.32,16.282,12828262.23562437
2026-09-05T21:01:03+00:00,Algorand,ALGO,0.094671,855528908,80,37360130,0.097499,0.089838,0.0043252,4.80174,9038985932.3071
2026-09-05T21:01:03+00:00,Kaspa,KAS,0.03039113,841058012,81,11114112,0.03070059,0.02923296,0.00106781,3.50632,27683423155.231007
2026-09-05T21:01:03+00:00,NEXO,NEXO,0.839316,838575796,82,1982066,0.844676,0.832428,0.00492413,0.73282,1000000000.0
2026-09-05T21:01:03+00:00,Venice Token,VVV,17.2,821774187,83,12416624,18.2,17.14,-0.773989050324829,-4.41122,47766287.57172039
2026-09-05T21:01:03+00:00,Cosmos Hub,ATOM,1.55,820080283,84,28401604,1.56,1.49,0.04695805,3.06776,529061248.190579
2026-09-05T21:01:03+00:00,Janus Henderson Anemoy Treasury Fund,JTRSY,1.12,799656135,85,0.0,1.12,1.12,0.0,0.0,717141156.78007
2026-09-05T21:01:03+00:00,Invesco Short Duration US Government Securities Fund,USTB,11.2,774701961,86,0.0,11.2,11.2,1.776e-15,0.0,69166748.656975
2026-09-05T21:01:03+00:00,Render,RENDER,1.46,757646368,87,37192002,1.5,1.42,0.03535169,2.43668,518772101.28269154
2026-09-05T21:01:03+00:00,​​Stable,STABLE,0.02855791,744585265,88,7983900,0.02931973,0.02856697,-0.000456338778970784,-1.60515,26055011659.0
2026-09-05T21:01:03+00:00,Jupiter,JUP,0.221195,734175447,89,52729576,0.2261,0.213599,0.00439235,1.97106,3320312968.08
2026-09-05T21:01:03+00:00,PancakeSwap,CAKE,2.23,715296236,90,136330572,2.28,1.95,0.251947,12.71283,320777353.5755729
2026-09-05T21:01:03+00:00,Janus Henderson Anemoy AAA CLO Fund,JAAA,1.048,710966727,91,0.0,1.048,1.048,0.0,0.0,678300455.183658
2026-09-05T21:01:03+00:00,GHO,GHO,0.999282,698489504,92,4891335,0.999503,0.999064,2.662e-05,0.00227,699000000.0
2026-09-05T21:01:03+00:00,Filecoin,FIL,0.789964,653190899,93,66704885,0.795191,0.749228,0.04073604,5.44749,826874202.0
2026-09-05T21:01:03+00:00,Pons,PONS,0.897487,638965426,94,196246790,0.971034,0.628628,0.226624,33.72127,712104762.0614183
2026-09-05T21:01:03+00:00,Beldex,BDX,0.078755,619846968,95,10373569,0.080202,0.078454,-0.000363485456148824,-0.42962,7870512880.640652
2026-09-05T21:01:03+00:00,Official Trump,TRUMP,2.36,617374644,96,275854959,2.45,2.26,0.097837,4.2781,261880985.28763402
2026-09-05T21:01:03+00:00,VeChain,VET,0.00693521,596417258,97,6998242,0.00698825,0.0066963,0.00023412,3.49413,85985041177.0
2026-09-05T21:01:03+00:00,Flare,FLR,0.00669787,581470626,98,2568386,0.00674416,0.00662881,-8.667490795464e-06,-0.11893,86818814609.00671
2026-09-05T21:01:03+00:00,Curve DAO,CRV,0.37468,580556206,99,55781645,0.373307,0.348013,0.01963366,5.00936,1554414591.0
2026-09-05T21:01:03+00:00,币安人生 (BinanceLife),币安人生,0.57594,575741403,100,20395401,0.623808,0.486654,0.088108,18.01935,1000000000.0
2026-09-05T22:01:08+00:00,Bitcoin,BTC,79919,1604760565300,1,18467047451,80147,79459,269.55,0.29719,20080162.0
2026-09-05T22:01:08+00:00,Ethereum,ETH,2489.82,303812810558,2,6681657966,2483.13,2445.89,37.26,1.45944,122020932.85347287
2026-09-05T22:01:08+00:00,Tether,USDT,1.0,183399016996,3,38568633574,1.0,0.999885,-0.000206702486534427,-0.02368,183392383062.09265
2026-09-05T22:01:08+00:00,BNB,BNB,771.63,102745450624,4,2156169687,779.7,717.5,54.13,7.48674,133161925.69
2026-09-05T22:01:08+00:00,XRP,XRP,1.42,89092989832,5,1395277630,1.43,1.39,0.02370572,1.63254,62744504852.0
2026-09-05T22:01:08+00:00,USDC,USDC,0.999996,74570413506,6,8974469006,1.0,0.999905,-2.2462112589161e-05,-0.00557,74571405394.91035
2026-09-05T22:01:08+00:00,Solana,SOL,103.75,60736940189,7,2359409815,104.25,101.6,2.15,2.04585,585445653.7082481
2026-09-05T22:01:08+00:00,TRON,TRX,0.33461,31768313766,8,261071569,0.33459,0.331218,0.00330462,0.98919,94935900212.59479
2026-09-05T22:01:08+00:00,Figure Heloc,FIGR_HELOC,1.005,22392618375,9,4862308,1.043,1.005,-0.03327297317781208,-3.20323,22290650137.398
2026-09-05T22:01:08+00:00,Hyperliquid,HYPE,85.53,19025134209,10,799557171,86.12,83.76,1.62,1.82837,222445714.07414138
2026-09-05T22:01:08+00:00,Zcash,ZEC,1015.99,17186774297,11,617610097,1039.59,1000.72,-1.5771702597432977,-0.36122,16916382.9780448
2026-09-05T22:01:08+00:00,Dogecoin,DOGE,0.09061,14111528042,12,1114140957,0.094557,0.084475,0.00611947,7.14687,155794886383.7052
2026-09-05T22:01:08+00:00,Rain,RAIN,0.01706296,12101446503,13,32006747,0.01716809,0.01638085,0.00048649,2.95335,709200964599.0532
2026-09-05T22:01:08+00:00,Monero,XMR,550.99,10356646591,14,104332372,547.51,514.43,36.06,6.95605,18800797.60115823
2026-09-05T22:01:08+00:00,USDS,USDS,0.999702,9807473128,15,113539356,1.0,0.999538,-0.000261913758879628,-0.02869,9810400747.218369
2026-09-05T22:01:08+00:00,Chainlink,LINK,12.08,9040053681,16,362246102,12.23,11.6,0.471351,3.97692,748099970.424884
2026-09-05T22:01:08+00:00,WhiteBIT Coin,WBT,73.6,8681953138,17,37343112,73.63,73.04,0.425499,0.53136,117956019.0
2026-09-05T22:01:08+00:00,LEO Token,LEO,9.29,8543126751,18,134751,9.28,9.19,0.10195,1.10708,919857851.9
2026-09-05T22:01:08+00:00,Cardano,ADA,0.22046,8267614344,19,418487575,0.221707,0.209454,0.00897189,4.19966,37504333228.36598
2026-09-05T22:01:08+00:00,Stellar,XLM,0.185057,6438045753,20,114066134,0.186388,0.178545,0.00601989,3.27973,34802064081.15902
2026-09-05T22:01:08+00:00,Bitcoin Cash,BCH,257.65,5168535954,21,162224122,259.15,245.18,5.69,2.23035,20085131.14665078
2026-09-05T22:01:08+00:00,Dai,DAI,1.0,4599563366,22,214954722,1.0,0.999641,0.00013424,0.02079,4600467084.632277
2026-09-05T22:01:08+00:00,Uniswap,UNI,7.14,4446985911,23,808989612,7.23,6.09,1.024,16.48046,623212423.7271129
2026-09-05T22:01:08+00:00,Ethena USDe,USDE,0.999979,4349560184,24,56868586,1.0,0.999742,8.27e-06,-0.00216,4349656384.717037
2026-09-05T22:01:08+00:00,Canton,CC,0.109053,4311198302,25,7294181,0.111423,0.105739,0.00330465,3.11544,39535245551.06526
2026-09-05T22:01:08+00:00,USD1,USD1,0.999555,4246237767,26,873899463,0.999848,0.999466,-0.000197688926792394,-0.02176,4248045903.899115
2026-09-05T22:01:08+00:00,Litecoin,LTC,54.45,4223411101,27,455615211,55.08,50.6,3.73,7.35458,77575066.80952641
2026-09-05T22:01:08+00:00,Gram (prev. Toncoin),GRAM,1.43,3981048736,28,43959069,1.44,1.39,0.03672309,2.62584,2781694933.7259817
2026-09-05T22:01:08+00:00,Hedera,HBAR,0.080796,3541085758,29,55171229,0.081512,0.077703,0.00296169,3.72547,43831559705.98086
2026-09-05T22:01:08+00:00,Sui,SUI,0.80436,3294350737,30,631632306,0.812155,0.751666,0.051418,6.7502,4096537146.5409594
2026-09-05T22:01:08+00:00,Avalanche,AVAX,7.62,3288482838,31,206245328,7.64,7.34,0.261956,3.52418,431771961.1772119
2026-09-05T22:01:08+00:00,Global Dollar,USDG,1.0,3258911514,32,1540855981,1.0,0.99997,0.00017638,0.01461,3258064087.269853
2026-09-05T22:01:08+00:00,Shiba Inu,SHIB,5.5e-06,3236601953,33,75513133,5.57e-06,5.2e-06,2.9423e-07,5.51752,589239307782558.2
2026-09-05T22:01:08+00:00,PayPal USD,PYUSD,0.999939,2912261223,34,42899594,1.0,0.999845,-0.000187145384532683,-0.02157,2912440023.9997554
2026-09-05T22:01:08+00:00,NEAR Protocol,NEAR,2.18,2843123488,35,436489412,2.29,2.09,0.084094,3.50892,1305532936.0
2026-09-05T22:01:08+00:00,BlackRock USD Institutional Digital Liquidity Fund,BUIDL,1.0,2832282866,36,0.0,1.0,1.0,0.0,0.0,2832282865.800449
2026-09-05T22:01:08+00:00,Cronos,CRO,0.056668,2750625214,37,4048403,0.057131,0.055622,0.00075808,1.34828,48536336116.0648
2026-09-05T22:01:08+00:00,Tether Gold,XAUT,4427.17,2713010538,38,74081327,4432.07,4423.33,0.818615,0.01295,612823.6595320001
2026-09-05T22:01:08+00:00,Circle USYC,USYC,1.14,2624340328,39,0.0,1.14,1.14,0.0,0.0,2308988052.650666
2026-09-05T22:01:08+00:00,MemeCore,M,1.13,2556192947,40,1230257,1.14,1.11,0.00779104,0.72528,2269482391.2795367
2026-09-05T22:01:08+00:00,Ripple USD,RLUSD,0.999958,2407042119,41,61947049,1.0,0.99985,-7.817366514018e-05,-0.01014,2407151384.647228
2026-09-05T22:01:08+00:00,OKB,OKB,113.36,2380313390,42,28828444,115.42,107.55,5.81,5.36914,21000000.0
2026-09-05T22:01:08+00:00,Bittensor,TAO,236.05,2264745581,43,170236132,240.47,222.33,12.85,5.6548,9597491.0
2026-09-05T22:01:08+00:00,Ondo US Dollar Yield,USDY,1.14,2198683297,44,420436,1.15,1.14,8.797e-05,0.35316,1920618063.6532192
2026-09-05T22:01:08+00:00,Aster,ASTER,0.786021,2122051893,45,369182454,0.863964,0.723202,0.052369,7.08987,2700010975.2797318
2026-09-05T22:01:08+00:00,Aave,AAVE,134.19,2070091906,46,206574490,135.81,128.88,4.53,3.37077,15427228.752307337
2026-09-05T22:01:08+00:00,Mantle,MNT,0.587432,1939922628,47,17307032,0.586242,0.569221,0.01790928,3.14636,3302294382.53684
2026-09-05T22:01:08+00:00,PAX Gold,PAXG,4434.42,1917903622,48,46066512,4437.04,4429.06,0.966714,0.0184,432503.322051
2026-09-05T22:01:08+00:00,World Liberty Financial,WLFI,0.05739,1823195905,49,24783929,0.057586,0.056129,0.00114628,1.87227,31777045317.0
2026-09-05T22:01:08+00:00,Ondo,ONDO,0.372945,1816489071,50,100204968,0.376156,0.354738,0.01687066,4.51656,4869330647.0
2026-09-05T22:01:08+00:00,Ethena,ENA,0.172461,1737451212,51,459333838,0.167485,0.161541,0.00924097,5.4453,10095312500.0
2026-09-05T22:01:08+00:00,Morpho,MORPHO,2.51,1729172256,52,30272853,2.58,2.49,-0.0499310215345945,-2.04689,688629891.8281851
2026-09-05T22:01:08+00:00,Sky,SKY,0.069443,1627138415,53,4813768,0.069058,0.066888,0.0021336,3.18158,23423940910.03509
2026-09-05T22:01:08+00:00,Polkadot,DOT,0.924662,1573000945,54,133308238,0.924836,0.86714,0.057453,6.4987,1701396494.801899
2026-09-05T22:01:08+00:00,Pump.fun,PUMP,0.00396033,1565798374,55,159311108,0.00427283,0.00390614,-0.000289784647847582,-7.03002,395372599866.21124
2026-09-05T22:01:08+00:00,Pepe,PEPE,3.64e-06,1532571973,56,242414724,3.69e-06,3.45e-06,1.40379e-07,3.73045,420690000000000.0
2026-09-05T22:01:08+00:00,HTX DAO,HTX,1.69e-06,1515153188,57,14295837,1.69e-06,1.64e-06,4.1562e-08,2.61937,898232728634017.2
2026-09-05T22:01:08+00:00,Internet Computer,ICP,2.69,1495282254,58,64088012,2.71,2.46,0.222573,8.97035,556239332.2195971
2026-09-05T22:01:08+00:00,USDD,USDD,0.997761,1474047573,59,2649231,0.999588,0.997467,-0.000952764489577596,-0.09822,1477725870.0
2026-09-05T22:01:08+00:00,Worldcoin,WLD,0.397543,1444539287,60,149797321,0.407715,0.378327,0.01921582,4.96408,3633653631.57092
2026-09-05T22:01:08+00:00,Bitget Token,BGB,2.05,1434873020,61,9093513,2.04,1.97,0.071256,3.58786,699992029.6481038
2026-09-05T22:01:08+00:00,USDGO,USDGO,0.999939,1355371606,62,32010802,1.0,0.99988,-7.7422960573781e-05,-0.00488,1355454412.77
2026-09-05T22:01:08+00:00,Falcon USD,USDF,0.996682,1339622927,63,341372,1.002,0.987829,-0.000123781703060155,-0.00872,1344083107.942925
2026-09-05T22:01:08+00:00,BFUSD,BFUSD,1.0,1320004486,64,725605,1.0,0.999905,-0.000168210181679784,-0.01964,1320000000.0
2026-09-05T22:01:08+00:00,United Stables,U,0.999313,1276722193,65,105365369,0.999611,0.999045,-0.000191884391323671,-0.0116,1277499107.8
2026-09-05T22:01:08+00:00,Ethereum Classic,ETC,7.83,1238482977,66,46937266,7.84,7.36,0.451174,6.0851,158073707.1788675
2026-09-05T22:01:08+00:00,Spiko Amundi Overnight Swap Fund (EUR),EURSAFO,1.18,1229005528,67,0.0,1.18,1.18,-0.000101018913284845,-0.00859,1045687476.43203
2026-09-05T22:01:08+00:00,Bitway,BTW,0.448908,1215853349,68,10562766,0.467435,0.420418,-0.000539590083618147,-0.05539,2708142280.000001
2026-09-05T22:01:08+00:00,Lighter,LIT,4.79,1196843391,69,77665782,4.84,4.59,0.146008,3.44672,250000000.0
2026-09-05T22:01:08+00:00,Arbitrum,ARB,0.171918,1145571761,70,394243050,0.16613,0.129384,0.0407805,31.02807,6678075931.0
2026-09-05T22:01:08+00:00,Pi Network,PI,0.09543,1063312759,71,4180120,0.096439,0.093657,0.00098317,1.03432,11141680597.248924
2026-09-05T22:01:08+00:00,POL (ex-MATIC),POL,0.096896,1037493550,72,44989036,0.096794,0.09256,0.00412983,4.3905,10708873805.9877
2026-09-05T22:01:08+00:00,KuCoin,KCS,7.27,996587934,73,2397982,7.24,7.04,0.203169,2.90837,137155021.2773955
2026-09-05T22:01:08+00:00,Gate,GT,9.31,991910613,74,3446827,9.61,8.38,0.917511,11.19744,106617883.00485831
2026-09-05T22:01:08+00:00,Blockchain Capital,BCAP,106.22,967888430,75,0.0,106.22,106.22,1.4211e-14,0.0,9112111.0
2026-09-05T22:01:08+00:00,Quant,QNT,64.9,943918732,76,13752078,65.48,63.43,1.27,1.95396,14544176.164081175
2026-09-05T22:01:08+00:00,JUST,JST,0.110084,901444389,77,21025411,0.110453,0.107852,0.0015249,1.36269,8188743036.341737
2026-09-05T22:01:08+00:00,Spiko EU T-Bills Money Market Fund,EUTBL,1.23,882559347,78,0.0,1.23,1.23,-0.000105646128462311,-0.00859,718027528.4955
2026-09-05T22:01:08+00:00,Dash,DASH,67.95,871921094,79,520715151,73.23,57.76,8.58,13.99249,12828262.23562437
2026-09-05T22:01:08+00:00,Algorand,ALGO,0.095784,865571138,80,37829388,0.097499,0.089838,0.0057185,6.31032,9038985932.3071
2026-09-05T22:01:08+00:00,Kaspa,KAS,0.03062583,847922569,81,10973007,0.03070059,0.02924494,0.00134055,4.55729,27683423155.231007
2026-09-05T22:01:08+00:00,NEXO,NEXO,0.839039,839410278,82,2005527,0.844676,0.832428,0.00377361,0.4839,1000000000.0
2026-09-05T22:01:08+00:00,Cosmos Hub,ATOM,1.56,826084746,83,28789351,1.56,1.49,0.064764,4.29852,529061248.190579
2026-09-05T22:01:08+00:00,Venice Token,VVV,17.23,823381964,84,11917147,18.2,17.14,-0.5106028199149506,-3.11374,47766572.32565239
2026-09-05T22:01:08+00:00,Janus Henderson Anemoy Treasury Fund,JTRSY,1.12,799656135,85,0.0,1.12,1.12,0.0,0.0,717141156.78007
2026-09-05T22:01:08+00:00,Invesco Short Duration US Government Securities Fund,USTB,11.2,774701961,86,0.0,11.2,11.2,0.0,0.0,69166748.656975
2026-09-05T22:01:08+00:00,Render,RENDER,1.47,764241928,87,37809200,1.5,1.42,0.053402,3.80551,518772101.28269154
2026-09-05T22:01:08+00:00,​​Stable,STABLE,0.02858276,745028072,88,8006707,0.02931973,0.02855791,-0.000457608885840614,-1.60748,26055974622.0
2026-09-05T22:01:08+00:00,Jupiter,JUP,0.222132,736949598,89,53009364,0.2261,0.213599,0.00603859,2.79733,3320312968.08
2026-09-05T22:01:08+00:00,PancakeSwap,CAKE,2.25,722953495,90,139363083,2.28,1.95,0.283468,14.38932,320777353.5755729
2026-09-05T22:01:08+00:00,Janus Henderson Anemoy AAA CLO Fund,JAAA,1.048,710966727,91,0.0,1.048,1.048,0.0,0.0,678300455.183658
2026-09-05T22:01:08+00:00,GHO,GHO,0.99913,698391674,92,3866802,0.999482,0.999064,-0.000278274754881624,-0.03066,699000000.0
2026-09-05T22:01:08+00:00,Pons,PONS,0.933675,665427501,93,201610197,0.971034,0.628628,0.246113,35.73766,712104762.0614183
2026-09-05T22:01:08+00:00,Filecoin,FIL,0.794756,657004732,94,67883622,0.795191,0.749288,0.0448456,5.92306,826883178.0
2026-09-05T22:01:08+00:00,Official Trump,TRUMP,2.39,624834546,95,274470353,2.45,2.27,0.104164,4.3469,261880985.28763402
2026-09-05T22:01:08+00:00,Beldex,BDX,0.078908,621062269,96,10362988,0.080202,0.078454,-0.000248161025284577,-0.31521,7870513955.364679
2026-09-05T22:01:08+00:00,Curve DAO,CRV,0.384227,597081150,97,59742607,0.380103,0.348013,0.03032648,8.59898,1554419174.0
2026-09-05T22:01:08+00:00,VeChain,VET,0.00694395,596919174,98,6945369,0.00698825,0.00671532,0.00021784,3.21825,85985041177.0
2026-09-05T22:01:08+00:00,Flare,FLR,0.00674467,585531841,99,2399347,0.00674416,0.00662881,8.016e-05,1.17563,86818814609.00671
2026-09-05T22:01:08+00:00,币安人生 (BinanceLife),币安人生,0.567075,567352798,100,20508858,0.623808,0.487175,0.078773,15.87052,1000000000.0
2026-09-05T22:27:17+00:00,Bitcoin,BTC,79852,1603372732020,1,18311966747,80147,79459,163.43,0.20509,20080162.0
2026-09-05T22:27:17+00:00,Ethereum,ETH,2483.57,303043429149,2,6673805729,2490.78,2445.89,31.27,1.27532,122020932.85347287
2026-09-05T22:27:17+00:00,Tether,USDT,1.0,183397681522,3,38451958747,1.0,0.999885,-0.000184718134241812,-0.01847,183392383062.09265
2026-09-05T22:27:17+00:00,BNB,BNB,770.7,102602394707,4,2162865087,779.7,718.67,52.3,7.28045,133161925.69
2026-09-05T22:27:17+00:00,XRP,XRP,1.42,88824691311,5,1389484334,1.43,1.39,0.01898829,1.35906,62744504852.0
2026-09-05T22:27:17+00:00,USDC,USDC,0.999985,74569460893,6,8925615315,1.0,0.999905,-1.2639243320178e-05,-0.00126,74571017989.86592
2026-09-05T22:27:17+00:00,Solana,SOL,103.51,60592674224,7,2362138072,104.25,101.63,1.75,1.72168,585445656.1083206
2026-09-05T22:27:17+00:00,TRON,TRX,0.334198,31729646810,8,260662982,0.334692,0.331218,0.0026124,0.78785,94935900212.59479
2026-09-05T22:27:17+00:00,Figure Heloc,FIGR_HELOC,1.055,23516752137,9,343546,1.043,1.004,0.01718544,1.65592,22290650137.398
2026-09-05T22:27:17+00:00,Hyperliquid,HYPE,85.52,19015189804,10,771930763,86.12,83.76,1.38,1.64507,222445714.07414138
2026-09-05T22:27:17+00:00,Zcash,ZEC,1018.04,17206749808,11,605252199,1039.59,1000.72,-4.447097997210676,-0.43493,16916382.9780448
2026-09-05T22:27:17+00:00,Dogecoin,DOGE,0.090596,14107535519,12,1144734237,0.094557,0.084475,0.00597958,7.06666,155794886383.7052
2026-09-05T22:27:17+00:00,Rain,RAIN,0.01703691,12082547206,13,34212374,0.01716809,0.01638085,0.00046519,2.80712,709200964599.0532
2026-09-05T22:27:17+00:00,Monero,XMR,551.6,10371248701,14,104510889,551.31,516.63,34.59,6.69098,18800797.60115823
2026-09-05T22:27:17+00:00,USDS,USDS,0.999601,9807411146,15,114367050,0.999975,0.999538,-0.000333981868856137,-0.0334,9810400747.218369
2026-09-05T22:27:17+00:00,Chainlink,LINK,12.03,9000460086,16,360506647,12.23,11.6,0.389747,3.34782,748099970.424884
2026-09-05T22:27:17+00:00,WhiteBIT Coin,WBT,73.52,8671504011,17,37548515,73.63,73.04,0.31738,0.43358,117956019.0
2026-09-05T22:27:17+00:00,LEO Token,LEO,9.29,8543140068,18,134839,9.29,9.19,0.072931,0.79148,919857851.9
2026-09-05T22:27:17+00:00,Cardano,ADA,0.219819,8241299805,19,418136653,0.221707,0.209454,0.00877826,4.15951,37504333228.36598
2026-09-05T22:27:17+00:00,Stellar,XLM,0.184859,6433417377,20,115804672,0.186388,0.178545,0.00547823,3.05396,34802064130.27258
2026-09-05T22:27:17+00:00,Bitcoin Cash,BCH,259.25,5205907996,21,166823970,259.15,245.18,7.21,2.86245,20085149.89665078
2026-09-05T22:27:17+00:00,Dai,DAI,0.999801,4599534051,22,216870344,1.0,0.999646,-0.000130754234243025,-0.01308,4600467084.632277
2026-09-05T22:27:17+00:00,Uniswap,UNI,7.11,4431412517,23,805197620,7.23,6.11,1.006,16.4893,623212423.7271129
2026-09-05T22:27:17+00:00,Ethena USDe,USDE,0.999988,4349567278,24,52431417,1.0,0.999742,2.633e-05,0.00263,4349656384.717037
2026-09-05T22:27:17+00:00,Canton,CC,0.109002,4309420770,25,7315037,0.111423,0.106589,0.00280215,2.63856,39535245551.06526
2026-09-05T22:27:17+00:00,USD1,USD1,0.999582,4246369350,26,876220423,0.999848,0.999466,-0.000156623290066382,-0.01567,4248045903.899115
2026-09-05T22:27:17+00:00,Litecoin,LTC,54.63,4237149164,27,466601287,55.08,50.6,3.92,7.72165,77575060.55948249
2026-09-05T22:27:17+00:00,Gram (prev. Toncoin),GRAM,1.43,3990284240,28,41754729,1.44,1.39,0.01991797,1.40783,2781693086.4400306
2026-09-05T22:27:17+00:00,Hedera,HBAR,0.080432,3524325844,29,54893881,0.081512,0.077703,0.00253723,3.25727,43831559705.98086
2026-09-05T22:27:17+00:00,Avalanche,AVAX,7.62,3288338185,30,211384057,7.64,7.34,0.262878,3.57476,431771961.1772119
2026-09-05T22:27:17+00:00,Sui,SUI,0.799974,3274300639,31,629876216,0.812155,0.751666,0.04627171,6.13926,4096537146.5409594
2026-09-05T22:27:17+00:00,Global Dollar,USDG,1.0,3258593844,32,1529003483,1.0,0.99997,4.716e-05,0.00472,3258064087.269853
2026-09-05T22:27:17+00:00,Shiba Inu,SHIB,5.49e-06,3235905794,33,74942987,5.57e-06,5.22e-06,2.75122e-07,5.27288,589239307782558.2
2026-09-05T22:27:17+00:00,PayPal USD,PYUSD,0.999867,2912177884,34,44963905,1.0,0.999845,-0.00023482606771319,-0.02348,2912425026.2343006
2026-09-05T22:27:17+00:00,NEAR Protocol,NEAR,2.19,2852693688,35,430967818,2.29,2.13,0.050915,2.38456,1305532937.0
2026-09-05T22:27:17+00:00,BlackRock USD Institutional Digital Liquidity Fund,BUIDL,1.0,2832282866,36,0.0,1.0,1.0,0.0,0.0,2832282865.800449
2026-09-05T22:27:17+00:00,Cronos,CRO,0.056704,2752024770,37,4072968,0.057131,0.055622,0.00087452,1.56643,48536329387.729836
2026-09-05T22:27:17+00:00,Tether Gold,XAUT,4427.06,2712912162,38,75074761,4432.07,4423.33,0.01862523,0.00042,612823.6595320001
2026-09-05T22:27:17+00:00,Circle USYC,USYC,1.14,2624340328,39,0.0,1.14,1.14,0.0,0.0,2308988052.650666
2026-09-05T22:27:17+00:00,MemeCore,M,1.13,2564575788,40,1247889,1.14,1.11,0.01160639,1.03736,2269482391.2795367
2026-09-05T22:27:17+00:00,Ripple USD,RLUSD,0.999956,2407004193,41,64805567,1.0,0.999839,-6.3636267454203e-05,-0.00636,2407151384.647228
2026-09-05T22:27:17+00:00,OKB,OKB,113.22,2377153737,42,28452545,115.42,107.89,5.55,5.15037,21000000.0
2026-09-05T22:27:17+00:00,Bittensor,TAO,236.0,2264155332,43,169454486,240.47,222.33,12.78,5.72312,9597491.0
2026-09-05T22:27:17+00:00,Ondo US Dollar Yield,USDY,1.14,2198709613,44,416098,1.15,1.14,0.00390852,0.34258,1920618063.6532192
2026-09-05T22:27:17+00:00,Aster,ASTER,0.782588,2112889838,45,371086045,0.863964,0.723202,0.04484565,6.07877,2700010975.2797318
2026-09-05T22:27:17+00:00,Aave,AAVE,134.34,2072765395,46,208646172,135.81,128.88,4.59,3.53767,15427228.752307337
2026-09-05T22:27:17+00:00,Mantle,MNT,0.587217,1939411784,47,16535057,0.589222,0.570653,0.01768644,3.10544,3302294382.53684
2026-09-05T22:27:17+00:00,PAX Gold,PAXG,4432.71,1917152953,48,45454924,4437.04,4429.06,0.327404,0.00739,432503.322051
2026-09-05T22:27:17+00:00,World Liberty Financial,WLFI,0.057338,1821960185,49,24601771,0.057586,0.056129,0.00106726,1.89664,31777045317.0
2026-09-05T22:27:17+00:00,Ondo,ONDO,0.371788,1809618952,50,100741513,0.376156,0.354738,0.01531152,4.29524,4869330647.0
2026-09-05T22:27:17+00:00,Morpho,MORPHO,2.51,1728567892,51,30002882,2.57,2.49,-0.059167170259802226,-2.30306,688629891.8281851
2026-09-05T22:27:17+00:00,Ethena,ENA,0.171121,1725107308,52,465541410,0.174795,0.161541,0.00788048,4.82753,10095312500.0
2026-09-05T22:27:17+00:00,Sky,SKY,0.06965,1631300655,53,5289307,0.069626,0.066888,0.00237341,3.52782,23423893454.031506
2026-09-05T22:27:17+00:00,Polkadot,DOT,0.923628,1570668222,54,132705706,0.924836,0.868132,0.050888,5.83081,1701396494.801899
2026-09-05T22:27:17+00:00,Pump.fun,PUMP,0.00394149,1557944767,55,157708093,0.00427283,0.00390614,-0.000271036684518554,-6.43407,395372599866.21124
2026-09-05T22:27:17+00:00,Pepe,PEPE,3.63e-06,1529211713,56,237972045,3.69e-06,3.45e-06,1.21774e-07,3.4665,420690000000000.0
2026-09-05T22:27:17+00:00,HTX DAO,HTX,1.68e-06,1512665365,57,14395529,1.69e-06,1.65e-06,3.8074e-08,2.31321,898232728634017.2
2026-09-05T22:27:17+00:00,Internet Computer,ICP,2.69,1494040908,58,64264674,2.71,2.46,0.225272,9.15303,556239332.2195971
2026-09-05T22:27:17+00:00,USDD,USDD,0.997559,1474830020,59,2650150,0.999588,0.997467,-0.001142359227880529,-0.11438,1477725870.0
2026-09-05T22:27:17+00:00,Worldcoin,WLD,0.3976,1444534965,60,150459238,0.407715,0.37924,0.0173886,4.5734,3633653631.57092
2026-09-05T22:27:17+00:00,Bitget Token,BGB,2.05,1436214705,61,9220926,2.05,1.97,0.073026,3.69035,699992029.6481038
2026-09-05T22:27:17+00:00,USDGO,USDGO,1.0,1355511055,62,31593128,1.0,0.99988,-8.471661295362e-06,-0.00085,1355454412.77
2026-09-05T22:27:17+00:00,Falcon USD,USDF,0.996735,1339689038,63,341929,1.002,0.987829,-5.268424889238e-06,-0.00053,1344083107.942925
2026-09-05T22:27:17+00:00,BFUSD,BFUSD,1.0,1319995444,64,725650,1.0,0.999905,-0.000141770312686473,-0.01418,1320000000.0
2026-09-05T22:27:17+00:00,United Stables,U,0.999416,1276748811,65,101820446,0.999611,0.999045,1.266e-05,0.00127,1277499107.8
2026-09-05T22:27:17+00:00,Ethereum Classic,ETC,7.8,1233503681,66,46511434,7.84,7.36,0.421437,5.70883,158073707.1788675
2026-09-05T22:27:17+00:00,Spiko Amundi Overnight Swap Fund (EUR),EURSAFO,1.18,1229005528,67,0.0,1.18,1.18,-0.000101018913284845,-0.00859,1045687476.43203
2026-09-05T22:27:17+00:00,Bitway,BTW,0.449463,1217151824,68,10744747,0.467435,0.420418,-0.000258843182754154,-0.05756,2708142280.000001
2026-09-05T22:27:17+00:00,Arbitrum,ARB,0.179207,1195797284,69,431658192,0.173405,0.129384,0.04834709,36.94582,6678075931.0
2026-09-05T22:27:17+00:00,Lighter,LIT,4.75,1187126920,70,76079940,4.86,4.59,0.053082,1.12934,250000000.0
2026-09-05T22:27:17+00:00,Pi Network,PI,0.095589,1065049611,71,4173207,0.096439,0.093657,0.00135697,1.44003,11141680597.248924
2026-09-05T22:27:17+00:00,POL (ex-MATIC),POL,0.096743,1036688141,72,47750412,0.096935,0.09256,0.00400473,4.31833,10708873805.9877
2026-09-05T22:27:17+00:00,KuCoin,KCS,7.25,994524318,73,2398784,7.27,7.04,0.192463,2.72609,137155021.2773955
2026-09-05T22:27:17+00:00,Gate,GT,9.29,991148781,74,3457975,9.61,8.38,0.899966,10.72537,106617883.00485831
2026-09-05T22:27:17+00:00,Blockchain Capital,BCAP,106.22,967888430,75,0.0,106.22,106.22,0.0,0.0,9112111.0
2026-09-05T22:27:17+00:00,Quant,QNT,64.85,943373828,76,13535494,65.48,63.43,1.24,1.94169,14544176.164081175
2026-09-05T22:27:17+00:00,JUST,JST,0.109995,900540486,77,21292287,0.110453,0.107852,0.00137003,1.26124,8188743036.341737
2026-09-05T22:27:17+00:00,Spiko EU T-Bills Money Market Fund,EUTBL,1.23,882559347,78,0.0,1.23,1.23,-0.000105646128462311,-0.00859,718027528.4955
2026-09-05T22:27:17+00:00,Dash,DASH,67.48,865257436,79,526742196,73.23,60.05,8.95,15.28834,12828262.23562437
2026-09-05T22:27:17+00:00,Algorand,ALGO,0.095597,864065929,80,38015458,0.097499,0.089838,0.00556865,6.18547,9038985932.3071
2026-09-05T22:27:17+00:00,Kaspa,KAS,0.03054338,845783693,81,11257373,0.03070059,0.02934172,0.00126033,4.30397,27683423155.231007
2026-09-05T22:27:17+00:00,NEXO,NEXO,0.837614,837667555,82,2052208,0.844676,0.832428,0.00240777,0.28828,1000000000.0
2026-09-05T22:27:17+00:00,Cosmos Hub,ATOM,1.56,825196725,83,28450546,1.56,1.49,0.066613,4.46094,529061248.190579
2026-09-05T22:27:17+00:00,Venice Token,VVV,17.22,822443274,84,11680858,18.2,17.14,-0.6228666327345564,-3.49118,47766572.32565239
2026-09-05T22:27:17+00:00,Janus Henderson Anemoy Treasury Fund,JTRSY,1.12,799656135,85,0.0,1.12,1.12,0.0,0.0,717141156.78007
2026-09-05T22:27:17+00:00,Invesco Short Duration US Government Securities Fund,USTB,11.2,774701961,86,0.0,11.2,11.2,0.0,0.0,69166748.656975
2026-09-05T22:27:17+00:00,Render,RENDER,1.47,762279830,87,37484640,1.5,1.42,0.04624731,3.2499,518772101.28269154
2026-09-05T22:27:17+00:00,​​Stable,STABLE,0.02857936,744385789,88,7918370,0.02931973,0.0285474,-0.000370891195978024,-1.28113,26056741769.0
2026-09-05T22:27:17+00:00,Jupiter,JUP,0.221099,734093126,89,52456463,0.2261,0.213599,0.0044598,2.05863,3320312968.08
2026-09-05T22:27:17+00:00,PancakeSwap,CAKE,2.26,725784938,90,140047938,2.28,1.95,0.292118,14.8245,320777353.5755729
2026-09-05T22:27:17+00:00,Janus Henderson Anemoy AAA CLO Fund,JAAA,1.048,710966727,91,0.0,1.048,1.048,0.0,0.0,678300455.183658
2026-09-05T22:27:17+00:00,GHO,GHO,0.999121,698386194,92,3746688,0.99948,0.999064,-0.000261592169507163,-0.02618,699000000.0
2026-09-05T22:27:17+00:00,Filecoin,FIL,0.792501,655644584,93,67826274,0.797777,0.750139,0.04248894,5.6651,826882941.0
2026-09-05T22:27:17+00:00,Pons,PONS,0.918446,654260471,94,198548953,0.971034,0.628628,0.239402,35.25575,712104762.0614183
2026-09-05T22:27:17+00:00,Official Trump,TRUMP,2.37,621818950,95,272664145,2.45,2.28,0.095604,4.19554,261880985.28763402
2026-09-05T22:27:17+00:00,Beldex,BDX,0.078886,620897672,96,10347330,0.080202,0.078454,-0.000271769786625867,-0.34333,7870513892.882864
2026-09-05T22:27:17+00:00,VeChain,VET,0.00693837,596549028,97,6992567,0.00698825,0.00675942,0.00021017,3.12377,85985041177.0
2026-09-05T22:27:17+00:00,Curve DAO,CRV,0.38362,596452781,98,60890328,0.386637,0.348013,0.02933199,8.27913,1554419174.0
2026-09-05T22:27:17+00:00,Flare,FLR,0.00674026,585165153,99,2375232,0.00674678,0.00662881,5.361e-05,0.80172,86818814609.00671
2026-09-05T22:27:17+00:00,SPX6900,SPX,0.606271,564677438,100,7908262,0.614077,0.588114,0.01088322,1.82792,930987335.2481942
2026-09-05T23:01:08+00:00,Bitcoin,BTC,79757,1601823808328,1,18387525785,80147,79459,108.48,0.15205,20080162.0
2026-09-05T23:01:08+00:00,Ethereum,ETH,2481.07,302750282049,2,6733790025,2490.78,2445.89,29.51,1.19886,122020932.85347287
2026-09-05T23:01:08+00:00,Tether,USDT,1.0,183400342338,3,38514435351,1.0,0.999885,-0.00019892763248941,-0.01781,183392383062.09265
2026-09-05T23:01:08+00:00,BNB,BNB,770.78,102634998626,4,2177651700,779.7,718.67,51.96,7.20952,133161924.23
2026-09-05T23:01:08+00:00,XRP,XRP,1.41,88755239329,5,1404155234,1.43,1.39,0.01864393,1.34342,62744504852.0
2026-09-05T23:01:08+00:00,USDC,USDC,0.999991,74570220412,6,8853424158,1.0,0.999905,-3.9324184468947e-05,-0.00236,74571017989.86592
2026-09-05T23:01:08+00:00,Solana,SOL,103.36,60514548583,7,2312636338,104.25,101.63,1.62,1.59806,585445622.6819707
2026-09-05T23:01:08+00:00,TRON,TRX,0.33387,31701507425,8,261076278,0.334692,0.331218,0.00211065,0.63961,94935900212.59479
2026-09-05T23:01:08+00:00,Figure Heloc,FIGR_HELOC,1.055,23516084575,9,343538,1.043,1.004,0.01572293,1.51115,22290650137.398
2026-09-05T23:01:08+00:00,Hyperliquid,HYPE,85.35,18992054955,9,773686981,86.12,83.76,1.49,1.816,222445714.07414138
2026-09-05T23:01:08+00:00,Zcash,ZEC,1019.42,17244121149,10,598416144,1039.59,1000.72,-3.5377315034659205,-0.48022,16916382.9780448
2026-09-05T23:01:08+00:00,Dogecoin,DOGE,0.089992,14025704745,11,1153187411,0.094557,0.084475,0.00545481,6.4997,155794886383.7052
2026-09-05T23:01:08+00:00,Rain,RAIN,0.01697929,12046518641,12,33180399,0.01716809,0.01638085,0.00042336,2.55861,709200964515.7751
2026-09-05T23:01:08+00:00,Monero,XMR,553.83,10396752561,13,107466905,551.31,516.63,36.68,6.93609,18800797.60115823
2026-09-05T23:01:08+00:00,USDS,USDS,0.99971,9812770486,14,113838283,0.999975,0.999538,-0.000155184698018673,-0.00933,9815155046.28181
2026-09-05T23:01:08+00:00,Chainlink,LINK,12.0,8981067354,15,364541672,12.23,11.6,0.390265,3.35297,748099970.424884
2026-09-05T23:01:08+00:00,WhiteBIT Coin,WBT,73.44,8663242511,16,37995880,73.63,73.04,0.262225,0.36116,117956019.0
2026-09-05T23:01:08+00:00,LEO Token,LEO,9.28,8533611914,17,134831,9.29,9.19,0.065319,0.71075,919857851.9
2026-09-05T23:01:08+00:00,Cardano,ADA,0.219469,8232432964,18,416899068,0.221707,0.209454,0.00947646,4.52283,37504333228.36598
2026-09-05T23:01:08+00:00,Stellar,XLM,0.184632,6426091497,19,116082477,0.186388,0.178545,0.00564803,3.1451,34802063820.5754
2026-09-05T23:01:08+00:00,Bitcoin Cash,BCH,257.27,5169272390,20,160536330,259.15,245.18,8.38,3.4281,20085149.89665078
2026-09-05T23:01:08+00:00,Dai,DAI,0.99981,4595943038,21,210214178,1.0,0.999646,-6.1070639996164e-05,0.01557,4595900214.938938
2026-09-05T23:01:08+00:00,Uniswap,UNI,7.09,4418909943,22,817042417,7.23,6.11,0.977853,16.00525,623212423.7271129
2026-09-05T23:01:08+00:00,Ethena USDe,USDE,0.999991,4349825316,23,51405269,1.0,0.999742,2.813e-05,0.00454,4349856398.662038
2026-09-05T23:01:08+00:00,Canton,CC,0.10875,4299590515,24,7194627,0.111423,0.106589,0.00204797,1.92849,39535965494.43953
2026-09-05T23:01:08+00:00,Litecoin,LTC,54.92,4261252437,25,477571311,55.08,50.6,4.21,8.34382,77575160.55999875
2026-09-05T23:01:08+00:00,USD1,USD1,0.999575,4246205366,26,871268433,0.999848,0.999466,-0.000116805080300431,-0.01115,4248045903.899115
2026-09-05T23:01:08+00:00,Gram (prev. Toncoin),GRAM,1.43,3988332671,27,37110459,1.44,1.39,0.03993463,2.80015,2781717536.797898
2026-09-05T23:01:08+00:00,Hedera,HBAR,0.080281,3519207880,28,55250052,0.081512,0.077703,0.00243868,3.14875,43831559706.024216
2026-09-05T23:01:08+00:00,Avalanche,AVAX,7.6,3282094982,29,215388570,7.64,7.34,0.25642,3.48588,431771961.1772119
2026-09-05T23:01:08+00:00,Sui,SUI,0.7985,3271176004,30,635181309,0.812155,0.751666,0.04666327,6.21477,4096537146.5409594
2026-09-05T23:01:08+00:00,Global Dollar,USDG,1.0,3258018798,31,1502434732,1.0,0.99997,-3.5160884041652e-05,-0.00149,3257574295.1389
2026-09-05T23:01:08+00:00,Shiba Inu,SHIB,5.48e-06,3231338280,32,72187163,5.57e-06,5.22e-06,2.63874e-07,5.11182,589239307782558.2
2026-09-05T23:01:08+00:00,PayPal USD,PYUSD,0.999952,2912389904,33,45616635,1.0,0.999845,-0.000121767811232409,-0.00746,2912440023.9997554
2026-09-05T23:01:08+00:00,NEAR Protocol,NEAR,2.18,2853140427,34,429661340,2.29,2.13,0.056238,2.79911,1305532912.0
2026-09-05T23:01:08+00:00,BlackRock USD Institutional Digital Liquidity Fund,BUIDL,1.0,2832282866,35,0.0,1.0,1.0,0.0,0.0,2832282865.800449
2026-09-05T23:01:08+00:00,Cronos,CRO,0.056741,2754298128,36,4103946,0.057131,0.055622,0.00101783,1.84493,48536421255.84429
2026-09-05T23:01:08+00:00,Tether Gold,XAUT,4426.86,2712705761,37,75621761,4432.07,4423.33,-0.4557300186415887,-0.01632,612823.6595320001
2026-09-05T23:01:08+00:00,Circle USYC,USYC,1.14,2624340328,38,0.0,1.14,1.14,0.0,0.0,2308988052.650666
2026-09-05T23:01:08+00:00,MemeCore,M,1.13,2568657577,39,1268688,1.14,1.11,0.01107102,0.98708,2269497811.0053596
2026-09-05T23:01:08+00:00,Ripple USD,RLUSD,0.99995,2407043427,40,63592769,1.0,0.999839,-0.000176777884681178,-0.01556,2407151384.647227
2026-09-05T23:01:08+00:00,OKB,OKB,113.25,2378443163,41,28945760,115.42,107.89,5.18,4.76854,21000000.0
2026-09-05T23:01:08+00:00,Bittensor,TAO,235.69,2261547725,42,169415481,240.47,222.33,13.25,5.91757,9597491.0
2026-09-05T23:01:08+00:00,Ondo US Dollar Yield,USDY,1.14,2199122631,43,1810945,1.15,1.14,0.00123662,0.54494,1920618063.6532192
2026-09-05T23:01:08+00:00,Aster,ASTER,0.785161,2118596957,44,371504767,0.863964,0.723202,0.04647039,6.2335,2700010975.2797318
2026-09-05T23:01:08+00:00,Aave,AAVE,135.21,2085806672,45,213352375,135.81,128.88,5.44,4.17022,15427228.752307337
2026-09-05T23:01:08+00:00,Mantle,MNT,0.586641,1937066748,46,16262222,0.589222,0.570653,0.01443044,2.51892,3302294382.53684
2026-09-05T23:01:08+00:00,PAX Gold,PAXG,4432.7,1917266389,47,45282837,4437.04,4429.06,-0.8671700421082278,-0.01255,432503.322051
2026-09-05T23:01:08+00:00,World Liberty Financial,WLFI,0.05727,1820614136,48,25108582,0.057586,0.056129,0.00112173,2.04264,31777045317.0
2026-09-05T23:01:08+00:00,Ondo,ONDO,0.37015,1802523997,49,100609965,0.376156,0.354738,0.01505175,4.22703,4869330647.0
2026-09-05T23:01:08+00:00,Morpho,MORPHO,2.51,1729435667,50,30508991,2.57,2.49,-0.04298313261516418,-1.67685,688631975.5784271
2026-09-05T23:01:08+00:00,Ethena,ENA,0.169957,1715544114,51,483983074,0.174795,0.161541,0.00722396,4.43494,10095312500.0
2026-09-05T23:01:08+00:00,Sky,SKY,0.070508,1651565136,52,5227188,0.069626,0.066888,0.0030094,4.47304,23423893454.031506
2026-09-05T23:01:08+00:00,Polkadot,DOT,0.920423,1565405424,53,132138008,0.924836,0.868132,0.04980228,5.6648,1701402875.294887
2026-09-05T23:01:08+00:00,Pump.fun,PUMP,0.00395244,1563086353,54,159906414,0.00427283,0.00390614,-0.000251798640037833,-5.97411,395366297556.352
2026-09-05T23:01:08+00:00,Pepe,PEPE,3.62e-06,1525470971,55,240096498,3.69e-06,3.45e-06,1.08247e-07,3.22883,420690000000000.0
2026-09-05T23:01:08+00:00,HTX DAO,HTX,1.68e-06,1511553958,56,15826834,1.69e-06,1.65e-06,3.5034e-08,2.13654,898232728634017.2
2026-09-05T23:01:08+00:00,Internet Computer,ICP,2.68,1492436809,57,64273406,2.71,2.46,0.22411,9.09529,556239332.2195971
2026-09-05T23:01:08+00:00,USDD,USDD,0.99815,1474895432,58,2656881,0.999588,0.997467,-0.000563231097618688,-0.05397,1477625873.0
2026-09-05T23:01:08+00:00,Worldcoin,WLD,0.396532,1441403169,59,151344727,0.407715,0.37924,0.0172175,4.587,3633655027.526679
2026-09-05T23:01:08+00:00,Bitget Token,BGB,2.05,1434302363,60,9372805,2.05,1.97,0.070098,3.54909,699992029.6481038
2026-09-05T23:01:08+00:00,USDGO,USDGO,0.999992,1355501309,61,32143785,1.0,0.99988,-0.000114972840753791,-0.00689,1355454412.77
2026-09-05T23:01:08+00:00,Falcon USD,USDF,0.996788,1339767808,62,465685,1.002,0.987829,-6.533768567629e-06,0.00114,1344083107.942925
2026-09-05T23:01:08+00:00,BFUSD,BFUSD,1.0,1320015965,63,721675,1.0,0.999905,-0.000156049425966254,-0.01371,1320000000.0
2026-09-05T23:01:08+00:00,United Stables,U,0.999193,1276468429,64,107079232,0.999611,0.999045,-0.000390833086332143,-0.03422,1277499107.8
2026-09-05T23:01:08+00:00,Bitway,BTW,0.455484,1233137345,65,11062555,0.467435,0.420418,0.00207632,0.45036,2708142280.000001
2026-09-05T23:01:08+00:00,Ethereum Classic,ETC,7.78,1230513469,66,46855551,7.84,7.36,0.418431,5.69244,158074175.6588675
2026-09-05T23:01:08+00:00,Spiko Amundi Overnight Swap Fund (EUR),EURSAFO,1.18,1229005528,67,0.0,1.18,1.18,-0.000101018913284845,-0.00859,1045687476.43203
2026-09-05T23:01:08+00:00,Arbitrum,ARB,0.180108,1204708411,68,466315291,0.173405,0.129384,0.050465,39.14814,6678075931.0
2026-09-05T23:01:08+00:00,Lighter,LIT,4.74,1185286595,69,74150935,4.86,4.59,0.0444454,1.03949,250000000.0
2026-09-05T23:01:08+00:00,Pi Network,PI,0.095594,1065125125,70,4198059,0.096439,0.093657,0.00139028,1.47653,11141680597.248924
2026-09-05T23:01:08+00:00,POL (ex-MATIC),POL,0.096783,1036495083,71,48993919,0.096935,0.09256,0.00413983,4.47054,10708873805.9877
2026-09-05T23:01:08+00:00,KuCoin,KCS,7.23,992111716,72,2459834,7.27,7.04,0.169874,2.43977,137155021.2773955
2026-09-05T23:01:08+00:00,Gate,GT,9.28,989669149,73,3476480,9.61,8.38,0.887959,10.6164,106617913.79825142
2026-09-05T23:01:08+00:00,Blockchain Capital,BCAP,106.22,967888430,74,0.0,106.22,106.22,0.0,0.0,9112111.0
2026-09-05T23:01:08+00:00,Quant,QNT,64.97,944901623,75,13775610,65.48,63.43,1.37,2.151,14544176.164081175
2026-09-05T23:01:08+00:00,JUST,JST,0.110373,903831333,76,23772119,0.110453,0.107852,0.00169138,1.52965,8188743036.341737
2026-09-05T23:01:08+00:00,Spiko EU T-Bills Money Market Fund,EUTBL,1.23,882559347,77,0.0,1.23,1.23,-0.000105646128462311,-0.00859,718027528.4955
2026-09-05T23:01:08+00:00,Dash,DASH,67.22,862354616,78,517140185,73.23,60.05,6.88,11.34482,12828262.23562437
2026-09-05T23:01:08+00:00,Algorand,ALGO,0.095062,859667149,79,38509658,0.097499,0.089838,0.00518229,5.76338,9038985932.3071
2026-09-05T23:01:08+00:00,Kaspa,KAS,0.03055128,845772197,80,11344811,0.03070059,0.02934172,0.00118508,4.04944,27683423155.231007
2026-09-05T23:01:08+00:00,NEXO,NEXO,0.836883,837181336,81,2008633,0.844676,0.832428,0.00081534,-0.03363,1000000000.0
2026-09-05T23:01:08+00:00,Cosmos Hub,ATOM,1.56,825480635,82,28466246,1.56,1.49,0.070439,4.79248,529061248.190579
2026-09-05T23:01:08+00:00,Venice Token,VVV,17.24,823402274,83,11641603,18.2,17.14,-0.5699809213421041,-3.16515,47766873.727225184
2026-09-05T23:01:08+00:00,Janus Henderson Anemoy Treasury Fund,JTRSY,1.12,799656135,84,0.0,1.12,1.12,0.0,0.0,717141156.78007
2026-09-05T23:01:08+00:00,Invesco Short Duration US Government Securities Fund,USTB,11.2,774701961,85,0.0,11.2,11.2,0.0,0.0,69166748.656975
2026-09-05T23:01:08+00:00,Render,RENDER,1.46,760079170,86,37416744,1.5,1.42,0.04799393,3.40081,518772101.28269154
2026-09-05T23:01:08+00:00,​​Stable,STABLE,0.02853608,743750515,87,7886458,0.02931973,0.0285474,-0.00036136163491483,-1.24969,26057645061.0
2026-09-05T23:01:08+00:00,Jupiter,JUP,0.221108,734480391,88,52919356,0.2261,0.213599,0.00487034,2.31403,3320312968.08
2026-09-05T23:01:08+00:00,PancakeSwap,CAKE,2.27,727426065,89,141679979,2.28,1.95,0.296675,15.02661,320777353.5755729
2026-09-05T23:01:08+00:00,Janus Henderson Anemoy AAA CLO Fund,JAAA,1.048,710966727,90,0.0,1.048,1.048,0.0,0.0,678300455.183658
2026-09-05T23:01:08+00:00,GHO,GHO,0.999108,698378125,91,3648801,0.99948,0.999064,-0.000306024773989555,-0.02869,699000000.0
2026-09-05T23:01:08+00:00,Filecoin,FIL,0.791637,654734806,92,67952644,0.797777,0.750139,0.04134402,5.53606,826884588.0
2026-09-05T23:01:08+00:00,Pons,PONS,0.919338,654184906,93,198499197,0.971034,0.628628,0.234854,34.19617,712104762.0614183
2026-09-05T23:01:08+00:00,Official Trump,TRUMP,2.37,620624215,94,266249706,2.45,2.28,0.08158,3.58605,261880985.28763402
2026-09-05T23:01:08+00:00,Beldex,BDX,0.078883,620593129,95,10325994,0.080202,0.078454,-0.000237714229444588,-0.39336,7870514686.413233
2026-09-05T23:01:08+00:00,VeChain,VET,0.00697558,599843556,96,7011614,0.00698825,0.00675942,0.00021261,3.14434,85985041177.0
2026-09-05T23:01:08+00:00,Curve DAO,CRV,0.381747,593613681,97,62368183,0.386637,0.348013,0.0304974,8.72557,1554424382.0
2026-09-05T23:01:08+00:00,Flare,FLR,0.00672313,583726423,98,2409351,0.00674678,0.00662881,2.033e-05,0.26524,86818814609.00671
2026-09-05T23:01:08+00:00,币安人生 (BinanceLife),币安人生,0.564785,565355980,99,20537130,0.623808,0.488369,0.075755,15.63862,1000000000.0
2026-09-06T00:01:11+00:00,Bitcoin,BTC,79817,1602341416832,1,18855815536,80147,79459,146.16,0.18344,20080162.0
2026-09-06T00:01:11+00:00,Ethereum,ETH,2480.44,302600699042,2,6791822531,2490.78,2445.89,24.35,0.99144,122020932.85347287
2026-09-06T00:01:11+00:00,Tether,USDT,1.0,183405061105,3,39034184559,1.0,0.999885,-0.000154191047929464,-0.01542,183392383062.09265
2026-09-06T00:01:11+00:00,BNB,BNB,766.93,102085715583,4,2209320620,779.7,719.58,45.5,6.30747,133161923.41
2026-09-06T00:01:11+00:00,XRP,XRP,1.41,88554096596,5,1465819816,1.43,1.39,0.01360437,0.97265,62744504852.0
2026-09-06T00:01:11+00:00,USDC,USDC,1.0,74570732608,6,8851914846,1.0,0.999905,-6.63019364966e-07,-7e-05,74571017989.86592
2026-09-06T00:01:11+00:00,Solana,SOL,103.16,60371029531,7,2413850594,104.25,101.63,1.23,1.21043,585445592.1330532
2026-09-06T00:01:11+00:00,TRON,TRX,0.33377,31692007632,8,258345882,0.334692,0.33147,0.00230021,0.69394,94935900212.59479
2026-09-06T00:01:11+00:00,Figure Heloc,FIGR_HELOC,1.055,23516084575,9,343538,1.055,1.004,0.0200588,1.9382,22290650137.398
2026-09-06T00:01:11+00:00,Hyperliquid,HYPE,85.4,18978943255,9,763927247,86.12,83.76,0.973338,1.15287,222445714.07414138
2026-09-06T00:01:11+00:00,Zcash,ZEC,1025.27,17330806359,10,590228094,1039.59,1000.72,2.23,0.2178,16916382.9780448
2026-09-06T00:01:11+00:00,Dogecoin,DOGE,0.089687,13967232096,11,1177382538,0.094557,0.084475,0.00489636,5.77467,155796016383.7052
2026-09-06T00:01:11+00:00,Rain,RAIN,0.01695076,12018145470,12,34062480,0.01716809,0.01638085,0.00036563,2.20457,709200966833.9734
2026-09-06T00:01:11+00:00,Monero,XMR,553.24,10402675249,13,111674332,557.84,518.68,32.64,6.26973,18800846.80097759
2026-09-06T00:01:11+00:00,USDS,USDS,0.999731,9813524025,14,114092162,0.999959,0.999538,-0.000105822495377939,-0.01058,9815155046.28181
2026-09-06T00:01:11+00:00,Chainlink,LINK,12.05,9005847920,15,368589764,12.23,11.61,0.414477,3.56345,748099970.424884
2026-09-06T00:01:11+00:00,WhiteBIT Coin,WBT,73.43,8658392402,16,38976257,73.63,73.04,0.196681,0.26858,117956019.0
2026-09-06T00:01:11+00:00,LEO Token,LEO,9.28,8533572900,17,134690,9.29,9.19,0.091135,0.99212,919857851.9
2026-09-06T00:01:11+00:00,Cardano,ADA,0.218342,8188194276,18,420114361,0.221707,0.209454,0.00712595,3.37377,37504333228.36598
2026-09-06T00:01:11+00:00,Stellar,XLM,0.183962,6400802439,19,116348487,0.186388,0.178545,0.00445323,2.48079,34802063495.648315
2026-09-06T00:01:11+00:00,Bitcoin Cash,BCH,257.09,5163912286,20,158422019,259.67,245.18,8.97,3.61428,20085149.89665078
2026-09-06T00:01:11+00:00,Dai,DAI,0.999831,4594151617,21,208055264,1.0,0.999646,7.279e-05,0.00728,4594906089.162931
2026-09-06T00:01:11+00:00,Uniswap,UNI,7.05,4384464532,22,828230790,7.23,6.11,0.864959,13.99092,623212423.7271129
2026-09-06T00:01:11+00:00,Ethena USDe,USDE,0.99995,4350387768,23,46723087,1.0,0.999742,-4.6200771951832e-05,-0.00461,4350600540.820037
2026-09-06T00:01:11+00:00,Canton,CC,0.109044,4313208125,24,7185043,0.111423,0.106646,0.00177944,1.65892,39535965494.43953
2026-09-06T00:01:11+00:00,USD1,USD1,0.999653,4246585459,25,874470388,0.999779,0.999466,-9.2424871368291e-05,-0.00924,4248045903.899115
2026-09-06T00:01:11+00:00,Litecoin,LTC,54.68,4240356737,26,475351899,55.3,50.73,3.93,7.73596,77575335.5603568
2026-09-06T00:01:11+00:00,Gram (prev. Toncoin),GRAM,1.43,3982200957,27,35551118,1.45,1.39,0.03667915,2.63052,2781741180.8660846
2026-09-06T00:01:11+00:00,Hedera,HBAR,0.080228,3514962966,28,55462605,0.081512,0.078355,0.00187309,2.39052,43831559706.067566
2026-09-06T00:01:11+00:00,Avalanche,AVAX,7.59,3276908435,29,215284302,7.64,7.38,0.206195,2.79187,431771961.1772119
2026-09-06T00:01:11+00:00,Global Dollar,USDG,1.0,3257168095,30,1466197618,1.0,0.99997,-5.8649570341851e-05,-0.00586,3256574582.733661
2026-09-06T00:01:11+00:00,Sui,SUI,0.794696,3252963551,31,646005941,0.812155,0.754934,0.03926933,5.1983,4096537146.5409594
2026-09-06T00:01:11+00:00,Shiba Inu,SHIB,5.46e-06,3216832814,32,75962019,5.57e-06,5.22e-06,2.32503e-07,4.44482,589239307782558.2
2026-09-06T00:01:11+00:00,PayPal USD,PYUSD,0.999966,2907030240,33,50277201,1.0,0.999845,-0.000103045645024169,-0.0103,2906970651.0397553
2026-09-06T00:01:11+00:00,NEAR Protocol,NEAR,2.19,2859168153,34,423045083,2.29,2.16,0.0195181,0.89867,1305532892.0
2026-09-06T00:01:11+00:00,BlackRock USD Institutional Digital Liquidity Fund,BUIDL,1.0,2832282866,35,0.0,1.0,1.0,0.0,0.0,2832282865.800449
2026-09-06T00:01:11+00:00,Cronos,CRO,0.056677,2751700716,36,4070332,0.057131,0.055622,0.00081722,1.46298,48536506877.00447
2026-09-06T00:01:11+00:00,Tether Gold,XAUT,4426.62,2712724607,37,74264185,4432.07,4423.33,-0.9221049011002833,-0.02083,612823.6595320001
2026-09-06T00:01:11+00:00,Circle USYC,USYC,1.14,2624340328,38,0.0,1.14,1.14,0.0,0.0,2308988052.650666
2026-09-06T00:01:11+00:00,MemeCore,M,1.13,2567198589,39,1350820,1.14,1.11,0.01132963,1.0117,2269513260.728573
2026-09-06T00:01:11+00:00,Ripple USD,RLUSD,0.999947,2407076160,40,65680816,1.0,0.999839,-9.773029040483e-06,-0.00098,2407151384.647227
2026-09-06T00:01:11+00:00,OKB,OKB,113.38,2381039821,41,29181928,115.42,107.9,5.48,5.08258,21000000.0
2026-09-06T00:01:11+00:00,Bittensor,TAO,236.21,2266363861,42,169568427,240.47,224.14,11.38,5.05978,9597491.0
2026-09-06T00:01:11+00:00,Ondo US Dollar Yield,USDY,1.15,2199242827,43,453388,1.15,1.14,0.00329129,0.28827,1920618063.6426392
2026-09-06T00:01:11+00:00,Aster,ASTER,0.776634,2090763298,44,375483473,0.863964,0.723202,0.03515398,4.74106,2700010975.2797318
2026-09-06T00:01:11+00:00,Aave,AAVE,134.43,2072423297,45,216262159,135.81,128.88,4.05,3.10932,15427228.786636997
2026-09-06T00:01:11+00:00,Mantle,MNT,0.588085,1941912836,46,16707401,0.589222,0.570653,0.01380687,2.40421,3302294382.53684
2026-09-06T00:01:11+00:00,PAX Gold,PAXG,4431.98,1916853961,47,45887411,4437.04,4429.06,-0.4444502218339039,-0.01003,432503.322051
2026-09-06T00:01:11+00:00,World Liberty Financial,WLFI,0.057143,1816086544,48,25364630,0.057586,0.056174,0.00091437,1.62618,31777053252.0
2026-09-06T00:01:11+00:00,Ondo,ONDO,0.370227,1802346061,49,101599569,0.376156,0.357358,0.01271228,3.55573,4869330647.0
2026-09-06T00:01:11+00:00,Ethena,ENA,0.171674,1731724920,50,511264158,0.174795,0.161541,0.00887704,5.45282,10095312500.0
2026-09-06T00:01:11+00:00,Morpho,MORPHO,2.49,1713698130,51,31006630,2.57,2.49,-0.059683706268158776,-2.3421,688634059.3286692
2026-09-06T00:01:11+00:00,Sky,SKY,0.070716,1654744744,52,5759576,0.070513,0.066888,0.00297824,4.3967,23423846352.41857
2026-09-06T00:01:11+00:00,Polkadot,DOT,0.915196,1556597578,53,124212841,0.926319,0.885022,0.01547025,1.71944,1701409936.370451
2026-09-06T00:01:11+00:00,Pepe,PEPE,3.61e-06,1518027967,55,241547313,3.69e-06,3.45e-06,8.1896e-08,2.32252,420690000000000.0
2026-09-06T00:01:11+00:00,Pump.fun,PUMP,0.0038424,1517735837,54,166382378,0.00427283,0.00390614,-0.000399099928009098,-9.4094,395360921826.6331
2026-09-06T00:01:11+00:00,HTX DAO,HTX,1.68e-06,1513387503,56,20404328,1.69e-06,1.65e-06,3.697e-08,2.24335,898232728634017.2
2026-09-06T00:01:11+00:00,Internet Computer,ICP,2.67,1484105189,57,64743741,2.71,2.46,0.200346,8.11608,556239399.9523474
2026-09-06T00:01:11+00:00,USDD,USDD,0.997567,1469212008,58,3222251,0.999588,0.997467,-0.001149625158029743,-0.11511,1471919499.0
2026-09-06T00:01:11+00:00,Worldcoin,WLD,0.397085,1442688046,59,153561170,0.407715,0.382169,0.01368815,3.57023,3633656675.5507474
2026-09-06T00:01:11+00:00,Bitget Token,BGB,2.03,1420417648,60,9434452,2.05,1.97,0.04624646,2.3332,699992029.6481038
2026-09-06T00:01:11+00:00,USDGO,USDGO,0.999961,1355447242,61,35079245,1.0,0.99988,-4.2614889377401e-05,-0.00426,1355454412.77
2026-09-06T00:01:11+00:00,Falcon USD,USDF,0.996763,1339739294,62,342350,1.002,0.987829,7.81e-06,0.00078,1344083107.942925
2026-09-06T00:01:11+00:00,BFUSD,BFUSD,1.0,1320048174,63,741663,1.0,0.999905,-0.000115568710680414,-0.01156,1320000000.0
2026-09-06T00:01:11+00:00,United Stables,U,0.999436,1276891193,64,106147338,0.999597,0.999045,-6.4081990911458e-05,-0.00641,1277499107.8
2026-09-06T00:01:11+00:00,Spiko Amundi Overnight Swap Fund (EUR),EURSAFO,1.18,1229005528,65,0.0,1.18,1.18,-0.000101018913284845,-0.00859,1045687476.43203
2026-09-06T00:01:11+00:00,Bitway,BTW,0.451457,1222050666,66,10992087,0.467435,0.420418,-0.004704719100877885,-1.03137,2708142280.000001
2026-09-06T00:01:11+00:00,Ethereum Classic,ETC,7.73,1221283982,67,46423746,7.84,7.43,0.283718,3.80897,158074676.7020675
2026-09-06T00:01:11+00:00,Lighter,LIT,4.76,1188108753,68,71868373,4.86,4.59,-0.06056878210477645,-1.25767,250000000.0
2026-09-06T00:01:11+00:00,Arbitrum,ARB,0.177074,1184656961,69,481109287,0.182458,0.129384,0.04530076,34.37785,6678075931.0
2026-09-06T00:01:11+00:00,Pi Network,PI,0.095583,1065412540,70,4211494,0.096439,0.093657,0.00141755,1.50539,11141680597.248924
2026-09-06T00:01:11+00:00,POL (ex-MATIC),POL,0.097933,1049153245,71,52378648,0.097319,0.092653,0.0051852,5.59063,10708873805.9877
2026-09-06T00:01:11+00:00,KuCoin,KCS,7.23,991532844,72,2417677,7.27,7.04,0.156928,2.23088,137155021.2773955
2026-09-06T00:01:11+00:00,Gate,GT,9.25,986160031,73,2743303,9.61,8.39,0.857279,10.21496,106617966.98895691
2026-09-06T00:01:11+00:00,Blockchain Capital,BCAP,106.22,967888430,74,0.0,106.22,106.22,0.0,0.0,9112111.0
2026-09-06T00:01:11+00:00,Quant,QNT,64.89,943681919,75,13666346,65.48,63.43,1.24,1.95005,14544176.164081175
2026-09-06T00:01:11+00:00,JUST,JST,0.110283,902962381,76,23648909,0.11052,0.107852,0.00124333,1.14026,8188743036.341737
2026-09-06T00:01:11+00:00,Spiko EU T-Bills Money Market Fund,EUTBL,1.23,882559347,77,0.0,1.23,1.23,-0.000105646128462311,-0.00859,718027528.4955
2026-09-06T00:01:11+00:00,Algorand,ALGO,0.094475,853624477,78,35423160,0.097499,0.090404,0.00400714,4.42937,9038985932.3071
2026-09-06T00:01:11+00:00,Kaspa,KAS,0.03056287,846001006,79,11308863,0.03070059,0.02938191,0.00115368,3.92286,27683423155.231007
2026-09-06T00:01:11+00:00,NEXO,NEXO,0.840719,840020828,80,1991766,0.844676,0.832428,0.00138068,0.1645,1000000000.0
2026-09-06T00:01:11+00:00,Dash,DASH,65.34,837522955,81,468952143,73.23,61.95,2.55,4.05642,12828056.43704496
2026-09-06T00:01:11+00:00,Venice Token,VVV,17.27,824697964,82,11328844,18.18,17.14,-0.8544627999505465,-4.71454,47767142.62626119
2026-09-06T00:01:11+00:00,Cosmos Hub,ATOM,1.56,823104338,83,28612888,1.56,1.49,0.062243,4.16739,529074232.191774
2026-09-06T00:01:11+00:00,Janus Henderson Anemoy Treasury Fund,JTRSY,1.12,799656135,84,0.0,1.12,1.12,0.0,0.0,717141156.78007
2026-09-06T00:01:11+00:00,Invesco Short Duration US Government Securities Fund,USTB,11.2,774701961,85,0.0,11.2,11.2,1.776e-15,0.0,69166748.656975
2026-09-06T00:01:11+00:00,Render,RENDER,1.47,759880686,86,38101664,1.5,1.42,0.03754909,2.63042,518772101.28269154
2026-09-06T00:01:11+00:00,​​Stable,STABLE,0.02853439,743547847,87,8095295,0.02931973,0.02850447,-0.000304730023585616,-1.05665,26058384087.0
2026-09-06T00:01:11+00:00,Jupiter,JUP,0.220295,732095954,88,53068935,0.2261,0.213599,0.00341189,1.57315,3320312968.08
2026-09-06T00:01:11+00:00,PancakeSwap,CAKE,2.25,721721475,89,141253247,2.28,1.95,0.272557,13.79092,320777496.76364934
2026-09-06T00:01:11+00:00,Janus Henderson Anemoy AAA CLO Fund,JAAA,1.048,710966727,90,0.0,1.048,1.048,0.0,0.0,678300455.183658
2026-09-06T00:01:11+00:00,GHO,GHO,0.999165,698420131,91,2980548,0.99944,0.999064,-0.000132888322587288,-0.01331,699000000.0
2026-09-06T00:01:11+00:00,Pons,PONS,0.911412,651308791,93,192102332,0.971034,0.628628,0.207195,29.42197,712104762.0614183
2026-09-06T00:01:11+00:00,Filecoin,FIL,0.787304,650928483,92,66747524,0.797777,0.755301,0.02781344,3.66212,826885824.0
2026-09-06T00:01:11+00:00,Official Trump,TRUMP,2.37,621179845,94,269397867,2.45,2.3,0.068002,2.95134,261880985.28763402
2026-09-06T00:01:11+00:00,Beldex,BDX,0.078884,620691476,95,10395403,0.080202,0.078454,-0.000162888395794009,-0.20607,7870515423.717079
2026-09-06T00:01:11+00:00,VeChain,VET,0.00693605,596741642,96,6545733,0.00698825,0.00682694,0.00010054,1.47079,85985041177.0
2026-09-06T00:01:11+00:00,Curve DAO,CRV,0.378731,588679194,97,62978110,0.386637,0.348013,0.02710641,7.70888,1554430363.0
2026-09-06T00:01:11+00:00,Flare,FLR,0.00672079,583465608,98,2389199,0.00675152,0.00662881,-1.262554865207e-06,-0.01878,86818814609.00671
2026-09-06T00:01:11+00:00,币安人生 (BinanceLife),币安人生,0.562576,562751626,99,21038608,0.623808,0.489393,0.071878,14.64741,1000000000.0
2026-09-06T00:21:13+00:00,Bitcoin,BTC,79904,1604496783327,1,18758874967,80147,79459,266.12,0.33416,20080162.0
2026-09-06T00:21:13+00:00,Ethereum,ETH,2481.91,302813894631,2,6773829445,2490.78,2445.89,28.03,1.14215,122020932.85347287
2026-09-06T00:21:13+00:00,Tether,USDT,1.0,183408002837,3,38955818961,1.0,0.999885,-0.000158376851618236,-0.01583,183392383062.09265
2026-09-06T00:21:13+00:00,BNB,BNB,768.39,102318512530,4,2198217049,779.7,719.58,48.1,6.67768,133161923.41
2026-09-06T00:21:13+00:00,XRP,XRP,1.41,88621095397,5,1455391183,1.43,1.39,0.01457113,1.04242,62744504852.0
2026-09-06T00:21:13+00:00,USDC,USDC,1.0,74572596812,6,8817117704,1.0,0.999905,-6.964098999918e-06,-0.0007,74571017989.86592
2026-09-06T00:21:13+00:00,Solana,SOL,103.35,60504800045,7,2407416438,104.25,101.63,1.59,1.56111,585445576.2874657
2026-09-06T00:21:13+00:00,TRON,TRX,0.334145,31722863694,8,255590929,0.334692,0.331487,0.00251903,0.7596,94935900212.59479
2026-09-06T00:21:13+00:00,Figure Heloc,FIGR_HELOC,1.055,23516084575,9,343538,1.055,1.004,0.02006913,1.93922,22290650137.398
2026-09-06T00:21:13+00:00,Hyperliquid,HYPE,85.49,19020626730,9,747202020,86.12,83.76,0.96451,1.14107,222445714.07414138
2026-09-06T00:21:13+00:00,Zcash,ZEC,1032.06,17432408016,10,592011586,1039.59,1000.72,13.71,1.3464,16916382.9780448
2026-09-06T00:21:13+00:00,Dogecoin,DOGE,0.090001,14018192882,11,1181946074,0.094557,0.084475,0.00527367,6.22426,155796266383.7052
2026-09-06T00:21:13+00:00,Rain,RAIN,0.01694905,12021988916,12,32899766,0.01716809,0.01638085,0.00038029,2.29522,709200967866.1035
2026-09-06T00:21:13+00:00,Monero,XMR,554.85,10434791562,13,112347607,558.18,522.79,32.52,6.22573,18800846.80097759
2026-09-06T00:21:13+00:00,USDS,USDS,0.999733,9813865252,14,114282963,0.999952,0.999538,-0.000213500990721482,-0.02135,9815155046.28181
2026-09-06T00:21:13+00:00,Chainlink,LINK,12.07,9025501588,15,365621938,12.23,11.62,0.449148,3.86543,748099970.424884
2026-09-06T00:21:13+00:00,WhiteBIT Coin,WBT,73.52,8672610841,16,39108829,73.63,73.04,0.319179,0.43601,117956019.0
2026-09-06T00:21:13+00:00,LEO Token,LEO,9.28,8533596388,17,134653,9.29,9.21,0.059396,0.64437,919857851.9
2026-09-06T00:21:13+00:00,Cardano,ADA,0.218905,8209532897,18,419901781,0.221707,0.209454,0.00772567,3.65835,37504333228.36598
2026-09-06T00:21:13+00:00,Stellar,XLM,0.184156,6408653888,19,116874315,0.186388,0.178545,0.00484264,2.70065,34802063346.69253
2026-09-06T00:21:13+00:00,Bitcoin Cash,BCH,257.07,5162417239,20,156053089,259.67,245.18,10.95,4.44888,20085149.89665078
2026-09-06T00:21:13+00:00,Dai,DAI,0.999933,4594672960,21,207580616,1.0,0.99965,0.00016807,0.01681,4594906089.162931
2026-09-06T00:21:13+00:00,Uniswap,UNI,7.1,4424891711,22,836423658,7.23,6.14,0.944347,15.33725,623212423.7271129
2026-09-06T00:21:13+00:00,Ethena USDe,USDE,0.999967,4350579273,23,45699499,1.0,0.999742,-2.0830343429812e-05,-0.00208,4350600540.820037
2026-09-06T00:21:13+00:00,Canton,CC,0.108694,4297407018,24,7101167,0.111423,0.107033,0.00185741,1.73855,39535965494.43953
2026-09-06T00:21:13+00:00,USD1,USD1,0.999587,4246379665,25,873601429,0.999779,0.999466,-0.000161679092628653,-0.01617,4248045903.899115
2026-09-06T00:21:13+00:00,Litecoin,LTC,54.66,4241734600,26,478700796,55.3,50.96,3.71,7.28644,77575335.5603568
2026-09-06T00:21:13+00:00,Gram (prev. Toncoin),GRAM,1.43,3973902619,27,35165067,1.45,1.4,0.0393816,2.83416,2781751941.532475
2026-09-06T00:21:13+00:00,Hedera,HBAR,0.080381,3522313011,28,54674394,0.081512,0.078651,0.00129815,1.64151,43831559703.81777
2026-09-06T00:21:13+00:00,Avalanche,AVAX,7.59,3278626588,29,215511812,7.64,7.38,0.200033,2.70549,431771961.1772119
2026-09-06T00:21:13+00:00,Sui,SUI,0.796469,3263632519,30,644824034,0.812155,0.759848,0.03984648,5.26636,4096537146.5409594
2026-09-06T00:21:13+00:00,Global Dollar,USDG,1.0,3257084949,31,1436809944,1.0,0.99997,-6.5293232001551e-05,-0.00653,3256574582.733661
2026-09-06T00:21:13+00:00,Shiba Inu,SHIB,5.47e-06,3225503934,32,76090713,5.57e-06,5.22e-06,2.3942e-07,4.57505,589239307782558.2
2026-09-06T00:21:13+00:00,PayPal USD,PYUSD,0.999991,2907159584,33,50793600,1.0,0.999845,-0.00016249538679125,-0.01625,2906970651.0397553
2026-09-06T00:21:13+00:00,NEAR Protocol,NEAR,2.19,2850539437,34,409289631,2.29,2.16,-0.031531292234374675,-1.42207,1305532884.0
2026-09-06T00:21:13+00:00,BlackRock USD Institutional Digital Liquidity Fund,BUIDL,1.0,2832282866,35,0.0,1.0,1.0,0.0,0.0,2832282865.800449
2026-09-06T00:21:13+00:00,Cronos,CRO,0.056674,2750633998,36,4030244,0.057131,0.055622,0.00080122,1.434,48536547605.42284
2026-09-06T00:21:13+00:00,Tether Gold,XAUT,4426.75,2712818491,37,74805311,4432.07,4423.33,-0.8397293193802398,-0.01897,612823.6595320001
2026-09-06T00:21:13+00:00,Circle USYC,USYC,1.14,2624340328,38,0.0,1.14,1.14,0.0,0.0,2308988052.650666
2026-09-06T00:21:13+00:00,MemeCore,M,1.13,2557613842,39,1346521,1.14,1.11,-0.001667256279026308,-0.14773,2269513260.7299395
2026-09-06T00:21:13+00:00,Ripple USD,RLUSD,0.999918,2407173321,40,65042505,1.0,0.999839,-0.000128720254172099,-0.01287,2407151384.647227
2026-09-06T00:21:13+00:00,OKB,OKB,114.09,2395890385,41,26537475,115.42,108.36,5.98,5.53322,21000000.0
2026-09-06T00:21:13+00:00,Bittensor,TAO,237.04,2273647794,42,167933125,240.47,225.43,12.72,5.66978,9597491.0
2026-09-06T00:21:13+00:00,Ondo US Dollar Yield,USDY,1.15,2199491716,43,460067,1.15,1.14,0.00045393,0.03965,1920618063.6426392
2026-09-06T00:21:13+00:00,Aster,ASTER,0.781199,2110026004,44,373845291,0.863964,0.723202,0.04218018,5.70759,2700010975.2797318
2026-09-06T00:21:13+00:00,Aave,AAVE,134.91,2081003770,45,214114233,135.81,128.88,3.61,2.7486,15427230.271044323
2026-09-06T00:21:13+00:00,Mantle,MNT,0.588806,1944410606,46,16628913,0.589222,0.570653,0.01464229,2.5502,3302294382.53684
2026-09-06T00:21:13+00:00,PAX Gold,PAXG,4431.8,1916807608,47,46011051,4437.04,4429.06,-1.1416383369096366,-0.02575,432503.322051
2026-09-06T00:21:13+00:00,World Liberty Financial,WLFI,0.057448,1825799785,48,25372378,0.057586,0.056317,0.00108387,1.92297,31777053252.0
2026-09-06T00:21:13+00:00,Ondo,ONDO,0.371976,1811415898,49,100483308,0.376156,0.362966,0.01235543,3.43568,4869330647.0
2026-09-06T00:21:13+00:00,Ethena,ENA,0.175179,1768921752,50,524507559,0.174795,0.161541,0.0130185,8.02814,10095312500.0
2026-09-06T00:21:13+00:00,Morpho,MORPHO,2.5,1718505777,51,30624447,2.57,2.48,-0.05515408722145976,-2.16219,688635102.1627473
2026-09-06T00:21:13+00:00,Sky,SKY,0.07082,1658365685,52,6595978,0.070885,0.066888,0.00306069,4.51699,23423799730.015766
2026-09-06T00:21:13+00:00,Polkadot,DOT,0.91929,1564320236,53,121739436,0.926319,0.885022,0.03302796,3.72666,1701409936.370451
2026-09-06T00:21:13+00:00,Pepe,PEPE,3.61e-06,1519920365,54,239061883,3.69e-06,3.45e-06,9.7194e-08,2.76476,420690000000000.0
2026-09-06T00:21:13+00:00,HTX DAO,HTX,1.68e-06,1513465852,55,20764117,1.69e-06,1.65e-06,3.6449e-08,2.21108,898232728634017.2
2026-09-06T00:21:13+00:00,Pump.fun,PUMP,0.0037741,1496887256,56,172627854,0.00427283,0.00383781,-0.000474749670100855,-11.17362,395360921826.6331
2026-09-06T00:21:13+00:00,Internet Computer,ICP,2.67,1485591090,57,64861093,2.71,2.47,0.208985,8.48075,556239399.9523474
2026-09-06T00:21:13+00:00,USDD,USDD,0.99757,1468612808,58,3225254,0.999588,0.997467,-0.001141327133160286,-0.11428,1471732472.0
2026-09-06T00:21:13+00:00,Worldcoin,WLD,0.397978,1445185024,59,152882717,0.407715,0.383839,0.01456252,3.7981,3633658144.869414
2026-09-06T00:21:13+00:00,Bitget Token,BGB,2.03,1423659369,60,9531557,2.05,1.97,0.050633,2.5533,699992029.6481038
2026-09-06T00:21:13+00:00,USDGO,USDGO,0.999923,1355338935,61,35100020,1.0,0.99988,-8.7633510571616e-05,-0.00876,1355454412.77
2026-09-06T00:21:13+00:00,Falcon USD,USDF,0.996831,1339842079,62,396648,1.002,0.987829,6.428e-05,0.00645,1344083107.942925
2026-09-06T00:21:13+00:00,BFUSD,BFUSD,1.0,1320197711,63,742182,1.0,0.999905,-0.000222365629952037,-0.02223,1320000000.0
2026-09-06T00:21:13+00:00,United Stables,U,0.99933,1276659469,64,111105695,0.999597,0.999045,-0.000221768456285631,-0.02219,1277499107.8
2026-09-06T00:21:13+00:00,Arbitrum,ARB,0.184874,1235285818,65,513192330,0.182458,0.129384,0.053325,40.53588,6678075931.0
2026-09-06T00:21:13+00:00,Spiko Amundi Overnight Swap Fund (EUR),EURSAFO,1.18,1229005528,66,0.0,1.18,1.18,-0.000101018913284845,-0.00859,1045687476.43203
2026-09-06T00:21:13+00:00,Bitway,BTW,0.451479,1222693695,67,10893359,0.467435,0.420418,0.01594606,3.66128,2708142280.000001
2026-09-06T00:21:13+00:00,Ethereum Classic,ETC,7.73,1222622291,68,45970560,7.84,7.44,0.307508,4.14085,158074676.7020675
2026-09-06T00:21:13+00:00,Lighter,LIT,4.69,1173716864,69,69136295,4.86,4.59,-0.12325858784164101,-2.55967,250000000.0
2026-09-06T00:21:13+00:00,Pi Network,PI,0.095776,1067130534,70,4343241,0.096439,0.093657,0.00154768,1.64247,11141680597.248924
2026-09-06T00:21:13+00:00,POL (ex-MATIC),POL,0.098433,1055199687,71,52770714,0.098551,0.09299,0.00571003,6.15817,10708873805.9877
2026-09-06T00:21:13+00:00,KuCoin,KCS,7.23,991933135,72,2493419,7.27,7.04,0.159983,2.26316,137155021.2773955
2026-09-06T00:21:13+00:00,Gate,GT,9.28,989929909,73,2682380,9.61,8.4,0.860242,10.21126,106617966.98895691
2026-09-06T00:21:13+00:00,Blockchain Capital,BCAP,106.22,967888430,74,0.0,106.22,106.22,0.0,0.0,9112111.0
2026-09-06T00:21:13+00:00,Quant,QNT,64.88,943720795,75,13304691,65.48,63.43,1.23,1.92591,14544176.164081175
2026-09-06T00:21:13+00:00,JUST,JST,0.110409,904028142,76,23607672,0.11052,0.107852,0.00182488,1.68061,8188743036.341737
2026-09-06T00:21:13+00:00,Spiko EU T-Bills Money Market Fund,EUTBL,1.23,882559347,77,0.0,1.23,1.23,-0.000105646128462311,-0.00859,718027528.4955
2026-09-06T00:21:13+00:00,Algorand,ALGO,0.094757,856453557,78,38198874,0.097499,0.090495,0.00426564,4.71385,9038985932.3071
2026-09-06T00:21:13+00:00,Dash,DASH,66.71,854816158,79,474859318,73.23,64.23,3.44,5.44421,12828071.79611831
2026-09-06T00:21:13+00:00,Kaspa,KAS,0.0305375,845250202,80,10934470,0.03070059,0.02949987,0.00080119,2.69433,27683423155.231007
2026-09-06T00:21:13+00:00,NEXO,NEXO,0.836398,836816387,81,2005264,0.844676,0.832428,-0.002734403718115508,-0.32586,1000000000.0
2026-09-06T00:21:13+00:00,Cosmos Hub,ATOM,1.56,826633841,82,28378533,1.56,1.5,0.06667,4.45772,529074232.191774
2026-09-06T00:21:13+00:00,Venice Token,VVV,17.23,823532373,83,11222586,18.18,17.14,-0.8190815013530077,-4.53734,47767142.62626119
2026-09-06T00:21:13+00:00,Janus Henderson Anemoy Treasury Fund,JTRSY,1.12,799656135,84,0.0,1.12,1.12,0.0,0.0,717141156.78007
2026-09-06T00:21:13+00:00,Invesco Short Duration US Government Securities Fund,USTB,11.2,774701961,85,0.0,11.2,11.2,0.0,0.0,69166748.656975
2026-09-06T00:21:13+00:00,Render,RENDER,1.47,761079598,86,38682273,1.5,1.43,0.03697069,2.58532,518772101.28269154
2026-09-06T00:21:13+00:00,​​Stable,STABLE,0.02842295,740873161,87,7573031,0.02931973,0.02850447,-0.000229200133473995,-0.79994,26058991083.0
2026-09-06T00:21:13+00:00,Jupiter,JUP,0.220197,730708817,88,53397500,0.2261,0.213599,0.00372191,1.71933,3320312968.08
2026-09-06T00:21:13+00:00,PancakeSwap,CAKE,2.25,723142123,89,141295469,2.28,1.95,0.282445,14.32393,320777496.76364934
2026-09-06T00:21:13+00:00,Janus Henderson Anemoy AAA CLO Fund,JAAA,1.048,710966727,90,0.0,1.048,1.048,0.0,0.0,678300455.183658
2026-09-06T00:21:13+00:00,GHO,GHO,0.999119,698396265,91,2967943,0.999431,0.999064,-0.000307968913287104,-0.03081,699000000.0
2026-09-06T00:21:13+00:00,Filecoin,FIL,0.789679,652876175,92,66256553,0.797777,0.759691,0.03415773,4.52108,826886355.0
2026-09-06T00:21:13+00:00,Pons,PONS,0.881647,627725743,93,184852252,0.971034,0.628628,0.193106,28.04575,712104762.0614183
2026-09-06T00:21:13+00:00,Official Trump,TRUMP,2.38,623186931,94,265880387,2.45,2.32,0.057388,2.4728,261880985.28763402
2026-09-06T00:21:13+00:00,Beldex,BDX,0.078934,621161151,95,10370324,0.080202,0.078454,-0.000177086341614188,-0.22385,7870515779.728249
2026-09-06T00:21:13+00:00,VeChain,VET,0.00694179,596889589,96,6503471,0.00698825,0.00685627,4.039e-05,0.58522,85985041177.0
2026-09-06T00:21:13+00:00,Curve DAO,CRV,0.379754,590176030,97,62632027,0.386637,0.348197,0.02889634,8.23591,1554434303.0
2026-09-06T00:21:13+00:00,Flare,FLR,0.00672415,583752536,98,2330449,0.00675152,0.00662881,1.925e-05,0.28711,86818814609.00671
2026-09-06T00:21:13+00:00,币安人生 (BinanceLife),币安人生,0.561996,561967538,99,21103868,0.623808,0.489393,0.072246,14.75167,1000000000.0
2026-09-06T01:01:03+00:00,Bitcoin,BTC,79917,1604710137264,1,18800361571,80147,79459,332.08,0.42873,20080162.0
2026-09-06T01:01:03+00:00,Ethereum,ETH,2490.63,303905998321,2,6891450173,2490.78,2445.89,37.84,1.56104,122020932.85347287
2026-09-06T01:01:03+00:00,Tether,USDT,1.0,183404918662,3,39065363117,1.0,0.999885,-0.000148876419066468,-0.01442,183392383062.09265
2026-09-06T01:01:03+00:00,BNB,BNB,767.67,102250394591,4,2221521251,779.7,719.58,47.97,6.64784,133161920.22
2026-09-06T01:01:03+00:00,XRP,XRP,1.42,88843477369,5,1472369465,1.43,1.39,0.02022263,1.45141,62744504852.0
2026-09-06T01:01:03+00:00,USDC,USDC,1.0,74640575764,6,8684342715,1.0,0.999905,9.52e-06,0.00117,74639840465.08188
2026-09-06T01:01:03+00:00,Solana,SOL,103.37,60517162798,7,2412523303,104.25,101.63,1.52,1.50005,585445559.0065957
2026-09-06T01:01:03+00:00,TRON,TRX,0.334243,31731150152,8,254978543,0.334692,0.331487,0.00250337,0.77275,94935900212.59479
2026-09-06T01:01:03+00:00,Figure Heloc,FIGR_HELOC,1.055,23516084575,9,343538,1.055,1.004,0.01723454,1.66078,22290650137.398
2026-09-06T01:01:03+00:00,Hyperliquid,HYPE,85.54,19024293942,9,752921956,86.12,83.76,1.2,1.3915,222445714.07414138
2026-09-06T01:01:03+00:00,Zcash,ZEC,1031.62,17445463041,10,599154817,1039.59,1000.72,12.91,1.157,16916382.9780448
2026-09-06T01:01:03+00:00,Dogecoin,DOGE,0.090298,14067616521,11,1197576012,0.094557,0.084475,0.00561806,6.6843,155796266383.7052
2026-09-06T01:01:03+00:00,Rain,RAIN,0.01698442,12047889619,12,33805802,0.01716809,0.01638085,0.00054986,3.40472,709200967849.3625
2026-09-06T01:01:03+00:00,Monero,XMR,553.66,10412839865,13,111188728,558.18,522.79,26.94,5.08747,18800866.60097224
2026-09-06T01:01:03+00:00,USDS,USDS,0.999736,9569244441,14,109641429,0.999952,0.999538,-0.000102001938201091,-0.01912,9571487573.169237
2026-09-06T01:01:03+00:00,Chainlink,LINK,12.16,9093320283,15,373690199,12.23,11.62,0.534506,4.66058,748099970.424884
2026-09-06T01:01:03+00:00,WhiteBIT Coin,WBT,73.63,8685636598,16,39382604,73.63,73.04,0.488533,0.67239,117956019.0
2026-09-06T01:01:03+00:00,LEO Token,LEO,9.28,8533686046,17,134586,9.29,9.21,0.063924,0.69363,919857851.9
2026-09-06T01:01:03+00:00,Cardano,ADA,0.219439,8229131642,18,422957206,0.221707,0.209454,0.00887525,4.27543,37504333228.36598
2026-09-06T01:01:03+00:00,Stellar,XLM,0.184804,6430471448,19,119105260,0.186388,0.178545,0.00593686,3.35656,34802063143.471306
2026-09-06T01:01:03+00:00,Bitcoin Cash,BCH,257.52,5172009639,20,155207074,259.67,245.18,12.09,4.97118,20085149.89665078
2026-09-06T01:01:03+00:00,Dai,DAI,0.999936,4593029842,21,199528631,1.0,0.99965,-1.2169431169218e-05,-0.02058,4594242613.295814
2026-09-06T01:01:03+00:00,Uniswap,UNI,7.27,4522265538,22,895800502,7.23,6.14,1.1,17.82118,623212423.7271129
2026-09-06T01:01:03+00:00,Ethena USDe,USDE,0.999949,4350687267,23,45263746,1.0,0.999742,-4.03925176673e-06,0.00034,4350916812.054337
2026-09-06T01:01:03+00:00,Canton,CC,0.10923,4318509492,24,7181150,0.111423,0.107033,0.00177222,1.64932,39535965494.43953
2026-09-06T01:01:03+00:00,USD1,USD1,0.999641,4246417298,25,854687004,0.999779,0.999466,-9.5161170868718e-05,-0.01061,4248045903.899115
2026-09-06T01:01:03+00:00,Litecoin,LTC,54.46,4224305471,26,475112597,55.3,50.96,3.37,6.66502,77575579.31061809
2026-09-06T01:01:03+00:00,Gram (prev. Toncoin),GRAM,1.43,3968478603,27,34813815,1.45,1.4,0.02586382,1.81517,2781764795.0984316
2026-09-06T01:01:03+00:00,Hedera,HBAR,0.080595,3532529443,28,54151954,0.081512,0.078651,0.00176239,2.24889,43831559703.81777
2026-09-06T01:01:03+00:00,Avalanche,AVAX,7.62,3290882155,29,206391444,7.64,7.38,0.232814,3.1467,431771961.1772119
2026-09-06T01:01:03+00:00,Sui,SUI,0.798331,3270034444,30,641007454,0.812155,0.759848,0.03618212,4.78585,4096537146.5409594
2026-09-06T01:01:03+00:00,Global Dollar,USDG,1.0,3258169968,31,1363757125,1.0,0.99997,-4.1688914670601e-05,-0.00457,3257888758.31333
2026-09-06T01:01:03+00:00,Shiba Inu,SHIB,5.48e-06,3229936667,32,76334087,5.57e-06,5.22e-06,2.64278e-07,5.05757,589239307782558.2
2026-09-06T01:01:03+00:00,PayPal USD,PYUSD,1.0,2935866921,33,45725311,1.0,0.999845,-9.439398423549699e-05,-0.01505,2935798963.4797554
2026-09-06T01:01:03+00:00,NEAR Protocol,NEAR,2.18,2848983192,34,385136717,2.29,2.16,-0.039565404169666696,-1.89597,1305532869.0
2026-09-06T01:01:03+00:00,BlackRock USD Institutional Digital Liquidity Fund,BUIDL,1.0,2832282866,35,0.0,1.0,1.0,0.0,0.0,2832282865.800449
2026-09-06T01:01:03+00:00,Cronos,CRO,0.056878,2760582171,36,3927345,0.057131,0.055622,0.0010385,1.86062,48536602396.37253
2026-09-06T01:01:03+00:00,Tether Gold,XAUT,4426.91,2712960210,37,75859775,4432.07,4423.33,-1.1262995557463,-0.02457,612823.6595320001
2026-09-06T01:01:03+00:00,Circle USYC,USYC,1.14,2624340328,38,0.0,1.14,1.14,0.0,0.0,2308988052.650666
2026-09-06T01:01:03+00:00,MemeCore,M,1.13,2556059897,39,1375622,1.14,1.11,0.00027733,0.0353,2269528680.4526978
2026-09-06T01:01:03+00:00,OKB,OKB,114.9,2412469466,40,29864723,115.42,108.36,6.5,5.99577,21000000.0
2026-09-06T01:01:03+00:00,Ripple USD,RLUSD,0.999943,2407025546,41,67877281,1.0,0.999839,-0.000109382675989034,-0.01469,2407151384.647227
2026-09-06T01:01:03+00:00,Bittensor,TAO,237.2,2276979717,42,166005397,240.47,225.43,9.6,4.17362,9597491.0
2026-09-06T01:01:03+00:00,Ondo US Dollar Yield,USDY,1.14,2198680435,43,1891331,1.15,1.14,0.00209798,0.22058,1920354322.2716281
2026-09-06T01:01:03+00:00,Aster,ASTER,0.794212,2143316038,44,384460269,0.863964,0.723202,0.050104,6.72309,2700010975.2797318
2026-09-06T01:01:03+00:00,Aave,AAVE,138.71,2139347135,45,229615921,135.81,128.88,7.8,5.94001,15427230.271044323
2026-09-06T01:01:03+00:00,Mantle,MNT,0.588614,1943646209,46,16395098,0.589222,0.570653,0.01543938,2.70984,3302294382.53684
2026-09-06T01:01:03+00:00,PAX Gold,PAXG,4432.55,1917079996,47,45390375,4437.04,4429.06,-0.24262096775692044,-0.00814,432503.322051
2026-09-06T01:01:03+00:00,World Liberty Financial,WLFI,0.057369,1822871866,48,25164509,0.057586,0.056317,0.00081129,1.42044,31777053252.0
2026-09-06T01:01:03+00:00,Ondo,ONDO,0.373761,1820044800,49,100337931,0.376156,0.362966,0.00989721,2.74046,4869330647.0
2026-09-06T01:01:03+00:00,Ethena,ENA,0.180184,1815809851,50,575731378,0.174795,0.161541,0.01852798,11.62271,10095312500.0
2026-09-06T01:01:03+00:00,Morpho,MORPHO,2.53,1744130304,51,31916853,2.57,2.48,-0.011502607813867805,-0.67211,688636795.4841316
2026-09-06T01:01:03+00:00,Sky,SKY,0.070894,1661427027,52,6207226,0.070885,0.066888,0.00273432,4.09939,23423799730.015766
2026-09-06T01:01:03+00:00,Polkadot,DOT,0.922982,1570050950,53,121239347,0.926319,0.885022,0.03122016,3.47693,1701420527.985447
2026-09-06T01:01:03+00:00,Pump.fun,PUMP,0.00390218,1542558188,54,181241630,0.00427283,0.00383781,-0.000316024393592803,-7.60609,395355865127.6336
2026-09-06T01:01:03+00:00,Pepe,PEPE,3.62e-06,1522767389,55,238401292,3.69e-06,3.45e-06,1.22438e-07,3.52923,420690000000000.0
2026-09-06T01:01:03+00:00,HTX DAO,HTX,1.69e-06,1516945787,56,20645236,1.69e-06,1.65e-06,3.953e-08,2.38993,898232728634017.2
2026-09-06T01:01:03+00:00,Internet Computer,ICP,2.7,1500110816,57,66506404,2.71,2.47,0.216821,8.71664,556239419.2010432
2026-09-06T01:01:03+00:00,USDD,USDD,0.997571,1468181944,58,2913091,0.999588,0.997467,-0.000751842253326029,-0.0752,1471754559.0
2026-09-06T01:01:03+00:00,Worldcoin,WLD,0.399643,1451989749,59,152712607,0.407715,0.383839,0.01378993,3.53655,3633658144.869414
2026-09-06T01:01:03+00:00,Bitget Token,BGB,2.03,1419531019,60,9600033,2.05,1.97,0.04936853,2.48365,699992029.6481038
2026-09-06T01:01:03+00:00,USDGO,USDGO,0.999958,1355401230,61,35088788,1.0,0.99988,-0.000129265864560524,-0.01292,1355454412.77
2026-09-06T01:01:03+00:00,Falcon USD,USDF,0.99673,1339688592,62,393922,1.002,0.987829,-5.3466483802e-05,-0.00542,1344083107.942925
2026-09-06T01:01:03+00:00,BFUSD,BFUSD,1.0,1320045655,63,744316,1.0,0.999905,-0.000111401122832255,-0.01077,1320000000.0
2026-09-06T01:01:03+00:00,Arbitrum,ARB,0.192914,1288323745,64,597714292,0.182458,0.129384,0.061646,46.73171,6678075931.0
2026-09-06T01:01:03+00:00,United Stables,U,0.999535,1276682070,65,108050159,0.999597,0.999045,-2.3003681912104e-05,-0.01964,1277499107.8
2026-09-06T01:01:03+00:00,Spiko Amundi Overnight Swap Fund (EUR),EURSAFO,1.18,1229005528,66,0.0,1.18,1.18,-0.000101018913284845,-0.00859,1045687476.43203
2026-09-06T01:01:03+00:00,Ethereum Classic,ETC,7.77,1227270002,67,47136510,7.84,7.44,0.317817,4.29725,158075690.3596675
2026-09-06T01:01:03+00:00,Bitway,BTW,0.449596,1217660856,68,10616668,0.467435,0.420418,0.01212839,2.32013,2708142280.000001
2026-09-06T01:01:03+00:00,Lighter,LIT,4.68,1168831846,69,66172272,4.86,4.59,-0.11960398356947977,-2.69158,250000000.0
2026-09-06T01:01:03+00:00,Pi Network,PI,0.095747,1066793274,70,4198722,0.096439,0.093657,0.00162138,1.7864,11141680597.248924
2026-09-06T01:01:03+00:00,POL (ex-MATIC),POL,0.098697,1056780217,71,54754519,0.098551,0.09299,0.00575596,6.29986,10708873805.9877
2026-09-06T01:01:03+00:00,Gate,GT,9.45,1008134294,72,2791755,9.61,8.4,0.98405,11.69402,106618012.18333292
2026-09-06T01:01:03+00:00,KuCoin,KCS,7.25,993693293,73,1758683,7.27,7.04,0.176792,2.52009,137155021.2773955
2026-09-06T01:01:03+00:00,Blockchain Capital,BCAP,106.22,967888430,74,0.0,106.22,106.22,0.0,0.0,9112111.0
2026-09-06T01:01:03+00:00,Quant,QNT,65.41,951522070,75,13812808,65.48,63.43,1.77,2.77513,14544176.164081175
2026-09-06T01:01:03+00:00,JUST,JST,0.11055,905215201,76,15591842,0.11052,0.107852,0.00192542,1.78982,8188743036.341737
2026-09-06T01:01:03+00:00,Spiko EU T-Bills Money Market Fund,EUTBL,1.23,882559347,77,0.0,1.23,1.23,-0.000105646128462311,-0.00859,718027528.4955
2026-09-06T01:01:03+00:00,Dash,DASH,67.39,864425914,78,461546703,73.23,64.23,2.77,4.09243,12828071.79611831
2026-09-06T01:01:03+00:00,Algorand,ALGO,0.095116,859347521,79,38367884,0.097499,0.090495,0.00446671,4.93036,9038985932.3071
2026-09-06T01:01:03+00:00,Kaspa,KAS,0.03056173,846230204,80,10340318,0.03070059,0.02949987,0.00077262,2.74068,27683423155.231007
2026-09-06T01:01:03+00:00,NEXO,NEXO,0.835214,835071775,81,2429992,0.844676,0.832428,-0.004736726705120153,-0.3757,1000000000.0
2026-09-06T01:01:03+00:00,Cosmos Hub,ATOM,1.56,824725328,82,28784242,1.56,1.5,0.058441,3.91974,529090844.897212
2026-09-06T01:01:03+00:00,Venice Token,VVV,17.21,822016819,83,10494491,18.18,17.14,-0.810547276764634,-4.50965,47767457.82159349
2026-09-06T01:01:03+00:00,Janus Henderson Anemoy Treasury Fund,JTRSY,1.12,799656135,84,0.0,1.12,1.12,0.0,0.0,717141156.78007
2026-09-06T01:01:03+00:00,Invesco Short Duration US Government Securities Fund,USTB,11.2,774870145,85,0.0,11.2,11.2,0.0,0.0,69181764.436295
2026-09-06T01:01:03+00:00,Render,RENDER,1.47,763582477,86,38152217,1.5,1.43,0.03759278,2.61442,518772101.28269154
2026-09-06T01:01:03+00:00,​​Stable,STABLE,0.02858788,745300105,87,7458077,0.02931973,0.02850447,-1.7255748355809e-05,-0.022,26059743141.0
2026-09-06T01:01:03+00:00,Jupiter,JUP,0.221327,734581059,88,53840562,0.2261,0.213599,0.00493808,2.24402,3320312968.08
2026-09-06T01:01:03+00:00,PancakeSwap,CAKE,2.25,722373984,89,143356304,2.28,1.95,0.285058,14.45204,320777496.76364934
2026-09-06T01:01:03+00:00,Janus Henderson Anemoy AAA CLO Fund,JAAA,1.048,710966727,90,0.0,1.048,1.048,0.0,0.0,678300455.183658
2026-09-06T01:01:03+00:00,GHO,GHO,0.999163,698412543,91,3123156,0.999431,0.999064,-0.000218901565373075,-0.02137,699000000.0
2026-09-06T01:01:03+00:00,Filecoin,FIL,0.79214,654828107,92,67544185,0.797777,0.759691,0.03166574,4.19114,826888314.0
2026-09-06T01:01:03+00:00,Pons,PONS,0.912777,651775665,93,192493285,0.971034,0.628628,0.256976,41.50132,712104762.0614183
2026-09-06T01:01:03+00:00,Official Trump,TRUMP,2.38,624378528,94,262118935,2.45,2.32,0.060166,2.60894,261880985.28763402
2026-09-06T01:01:03+00:00,Beldex,BDX,0.078986,621746334,95,10298769,0.080202,0.078454,-2.3017307620651e-05,-0.03418,7870516242.093742
2026-09-06T01:01:03+00:00,Curve DAO,CRV,0.385872,599632136,96,64340939,0.386637,0.348197,0.0375275,10.79673,1554434303.0
2026-09-06T01:01:03+00:00,VeChain,VET,0.00695946,598519785,97,6493414,0.00698825,0.00685627,7.505e-05,1.05089,85985041177.0
2026-09-06T01:01:03+00:00,Flare,FLR,0.00673079,584407489,98,2377569,0.00675152,0.00662881,6.852e-05,1.06692,86818814609.00671
2026-09-06T01:01:03+00:00,Ether.fi,ETHFI,0.585931,565360844,99,41352888,0.587333,0.552999,0.02856618,5.23679,965350000.0
2026-09-06T02:01:03+00:00,Bitcoin,BTC,79943,1605266005024,1,18990998515,80147,79459,395.79,0.49815,20080162.0
2026-09-06T02:01:03+00:00,Ethereum,ETH,2504.79,305638558616,2,7393466332,2491.92,2445.89,52.39,2.13943,122020932.85347287
2026-09-06T02:01:03+00:00,Tether,USDT,1.0,183401461086,3,40109433571,1.0,0.999885,-0.000128766174302131,-0.01281,183392383062.09265
2026-09-06T02:01:03+00:00,BNB,BNB,765.35,101917667219,4,2261636649,779.7,720.04,44.62,6.18489,133161917.88
2026-09-06T02:01:03+00:00,XRP,XRP,1.42,88926097585,5,1513855046,1.43,1.39,0.02039918,1.46544,62744504852.0
2026-09-06T02:01:03+00:00,USDC,USDC,1.0,74632520117,6,8844914211,1.0,0.999905,2.187e-05,0.00174,74632916172.94678
2026-09-06T02:01:03+00:00,Solana,SOL,103.99,60883372689,7,2495096926,104.25,101.63,2.11,2.0713,585445526.9981432
2026-09-06T02:01:03+00:00,TRON,TRX,0.334086,31719095703,8,251969195,0.334692,0.331487,0.00218839,0.65789,94935900212.59479
2026-09-06T02:01:03+00:00,Figure Heloc,FIGR_HELOC,1.055,23516084575,9,343538,1.055,1.004,0.01720788,1.65816,22290650137.398
2026-09-06T02:01:03+00:00,Hyperliquid,HYPE,85.33,18981846820,9,769009153,86.12,83.76,1.26,1.49128,222445714.07414138
2026-09-06T02:01:03+00:00,Zcash,ZEC,1063.63,17982323072,10,697980436,1039.59,1000.72,50.68,4.96943,16916382.9780448
2026-09-06T02:01:03+00:00,Dogecoin,DOGE,0.090721,14135029430,11,1232546718,0.094557,0.084475,0.0060643,7.16369,155796266383.7052
2026-09-06T02:01:03+00:00,Rain,RAIN,0.0172384,12225331617,12,34697069,0.01716809,0.01638085,0.00080579,4.85659,709200967849.3625
2026-09-06T02:01:03+00:00,Monero,XMR,556.11,10468917994,13,110281658,558.18,523.31,28.06,5.23457,18800866.60097224
2026-09-06T02:01:03+00:00,USDS,USDS,0.99973,9568787976,14,109700815,0.999944,0.999538,-9.2350623655202e-05,0.00499,9571487573.169237
2026-09-06T02:01:03+00:00,Chainlink,LINK,12.34,9233663817,15,399553163,12.23,11.62,0.712418,6.12648,748099970.424884
2026-09-06T02:01:03+00:00,WhiteBIT Coin,WBT,73.74,8706312954,16,40691093,73.66,73.04,0.605297,0.82712,117956019.0
2026-09-06T02:01:03+00:00,LEO Token,LEO,9.35,8597089021,17,177232,9.29,9.22,0.121818,1.32064,919857851.9
2026-09-06T02:01:03+00:00,Cardano,ADA,0.221348,8302410356,18,440557692,0.221707,0.209454,0.01123777,5.33388,37504333228.36598
2026-09-06T02:01:03+00:00,Stellar,XLM,0.185458,6453958611,19,121069691,0.186388,0.178545,0.00646292,3.61417,34802062889.6664
2026-09-06T02:01:03+00:00,Bitcoin Cash,BCH,259.03,5202851055,20,155601109,259.67,245.59,13.2,5.38316,20085215.52165078
2026-09-06T02:01:03+00:00,Dai,DAI,0.999732,4604039776,21,201913072,1.0,0.99965,-0.00018884127395602,-0.00905,4605326468.413618
2026-09-06T02:01:03+00:00,Uniswap,UNI,7.36,4588118506,22,957436012,7.29,6.14,1.21,19.58626,623212423.7271129
2026-09-06T02:01:03+00:00,Canton,CC,0.110584,4372273484,23,7743398,0.111423,0.107033,0.00334314,3.1288,39536939403.33095
2026-09-06T02:01:03+00:00,Ethena USDe,USDE,0.999978,4350913013,24,40229185,1.0,0.999742,5.75e-06,0.00036,4351066813.026338
2026-09-06T02:01:03+00:00,Litecoin,LTC,54.8,4250895794,25,470641065,55.3,51.32,3.42,6.66086,77575760.56079508
2026-09-06T02:01:03+00:00,USD1,USD1,0.999652,4246526192,26,855395734,0.999779,0.999466,-8.533143344591e-06,-0.00056,4248045903.898861
2026-09-06T02:01:03+00:00,Gram (prev. Toncoin),GRAM,1.43,3979865189,27,33605045,1.45,1.4,0.02521688,1.78869,2781789557.5179057
2026-09-06T02:01:03+00:00,Hedera,HBAR,0.081131,3556158385,28,54096940,0.081512,0.078651,0.00220124,2.78617,43831559703.86144
2026-09-06T02:01:03+00:00,Avalanche,AVAX,7.7,3324815877,29,230550427,7.64,7.38,0.309122,4.20005,431771961.1772119
2026-09-06T02:01:03+00:00,Sui,SUI,0.801915,3285188531,30,646809591,0.812155,0.761528,0.03832257,5.00603,4096537146.5409594
2026-09-06T02:01:03+00:00,Global Dollar,USDG,1.0,3258165965,31,1425939003,1.0,0.99997,-0.000113916070196396,-0.01118,3257888758.31333
2026-09-06T02:01:03+00:00,Shiba Inu,SHIB,5.49e-06,3236151036,32,76816996,5.57e-06,5.22e-06,2.68586e-07,5.11648,589239307782558.2
2026-09-06T02:01:03+00:00,PayPal USD,PYUSD,0.999976,2935695715,33,47839398,1.0,0.999845,-0.000110518295255657,-0.00413,2935798963.4797554
2026-09-06T02:01:03+00:00,NEAR Protocol,NEAR,2.2,2877417207,34,389602772,2.29,2.16,-0.010005658189470079,-0.44143,1305532847.0
2026-09-06T02:01:03+00:00,BlackRock USD Institutional Digital Liquidity Fund,BUIDL,1.0,2832282866,35,0.0,1.0,1.0,0.0,0.0,2832282865.800449
2026-09-06T02:01:03+00:00,Cronos,CRO,0.057389,2785144722,36,4197340,0.057131,0.055622,0.00155393,2.78646,48536681152.65816
2026-09-06T02:01:03+00:00,Tether Gold,XAUT,4425.07,2711776290,37,74089447,4430.39,4423.33,-5.323165663005057,-0.12081,612823.6595320001
2026-09-06T02:01:03+00:00,Circle USYC,USYC,1.14,2624340328,38,0.0,1.14,1.14,0.0,0.0,2308988052.650666
2026-09-06T02:01:03+00:00,MemeCore,M,1.12,2553320720,39,1405672,1.14,1.11,-0.002013416948183577,-0.18432,2269544100.1761026
2026-09-06T02:01:03+00:00,OKB,OKB,115.56,2426759441,40,31795723,115.42,108.82,6.12,5.59231,21000000.0
2026-09-06T02:01:03+00:00,Ripple USD,RLUSD,0.999936,2406970109,41,64447131,1.0,0.999839,-7.8502752911436e-05,-0.0029,2407151384.647232
2026-09-06T02:01:03+00:00,Bittensor,TAO,237.28,2276690171,42,165368668,240.47,225.43,10.95,4.83852,9597491.0
2026-09-06T02:01:03+00:00,Ondo US Dollar Yield,USDY,1.15,2199106815,43,469304,1.15,1.14,0.0060615,0.5315,1920354240.197115
2026-09-06T02:01:03+00:00,Aave,AAVE,139.38,2150545333,44,249224138,138.91,128.88,9.29,7.09965,15427230.368483005
2026-09-06T02:01:03+00:00,Aster,ASTER,0.787521,2124971678,45,387517544,0.863964,0.723202,0.052871,7.16118,2700010975.2797318
2026-09-06T02:01:03+00:00,Mantle,MNT,0.587969,1941574008,46,15595512,0.589222,0.570653,0.01575619,2.75783,3302294382.53684
2026-09-06T02:01:03+00:00,PAX Gold,PAXG,4431.39,1916599604,47,45371013,4436.27,4429.06,-4.872728653927879,-0.11168,432503.322051
2026-09-06T02:01:03+00:00,Ethena,ENA,0.184784,1865662343,48,697590097,0.182713,0.161541,0.02202744,13.56948,10095312500.0
2026-09-06T02:01:03+00:00,Ondo,ONDO,0.377843,1839437733,49,106328214,0.376156,0.362966,0.01362527,3.7601,4869330647.0
2026-09-06T02:01:03+00:00,World Liberty Financial,WLFI,0.057402,1824318753,50,25615446,0.057586,0.056317,0.00097226,1.72625,31777073694.0
2026-09-06T02:01:03+00:00,Morpho,MORPHO,2.56,1765269864,51,32238937,2.55,2.48,0.01932904,0.66405,688638879.2343736
2026-09-06T02:01:03+00:00,Sky,SKY,0.071075,1664987102,52,5850607,0.071062,0.066888,0.00391745,5.84807,23423753348.77295
2026-09-06T02:01:03+00:00,Polkadot,DOT,0.927303,1577583837,53,117134038,0.926319,0.885022,0.02339501,2.59206,1701420527.985447
2026-09-06T02:01:03+00:00,Pump.fun,PUMP,0.00391103,1546208522,54,194220452,0.00427283,0.0037741,-0.000314911053530304,-7.4608,395350896241.0158
2026-09-06T02:01:03+00:00,Pepe,PEPE,3.65e-06,1534005274,55,242137519,3.69e-06,3.45e-06,1.51675e-07,4.32307,420690000000000.0
2026-09-06T02:01:03+00:00,HTX DAO,HTX,1.69e-06,1515115455,56,20972600,1.69e-06,1.65e-06,3.5861e-08,2.17191,898232728634017.2
2026-09-06T02:01:03+00:00,Internet Computer,ICP,2.71,1504578336,57,68718665,2.71,2.47,0.22355,9.05326,556239419.2010432
2026-09-06T02:01:03+00:00,USDD,USDD,0.998153,1469018797,58,2924510,0.999588,0.997467,-0.000156075156991231,-0.03528,1471754559.0
2026-09-06T02:01:03+00:00,Worldcoin,WLD,0.402122,1462260480,59,150090354,0.407715,0.383839,0.01537,3.9955,3636162454.9789104
2026-09-06T02:01:03+00:00,Bitget Token,BGB,2.05,1431585448,60,9929182,2.05,1.97,0.06668,3.37008,699992029.6481038
2026-09-06T02:01:03+00:00,USDGO,USDGO,0.99997,1355391517,61,35690935,1.0,0.999876,-1.0251471686207e-05,0.00269,1355454412.77
2026-09-06T02:01:03+00:00,Falcon USD,USDF,0.996724,1339667113,62,414870,1.002,0.987829,-2.9907609646274e-05,-0.003,1344083107.942925
2026-09-06T02:01:03+00:00,BFUSD,BFUSD,1.0,1320022669,63,750373,1.0,0.999905,-9.392933204122e-05,-0.00939,1320000000.0
2026-09-06T02:01:03+00:00,Arbitrum,ARB,0.192747,1286085423,64,697020474,0.194853,0.129384,0.06075,46.03816,6678075931.0
2026-09-06T02:01:03+00:00,United Stables,U,0.999352,1276657294,65,110666880,0.999567,0.999045,-0.000144840288643477,-0.0145,1277499107.8
2026-09-06T02:01:03+00:00,Ethereum Classic,ETC,7.8,1233064612,66,49274978,7.84,7.45,0.335643,4.48424,158075690.3596675
2026-09-06T02:01:03+00:00,Spiko Amundi Overnight Swap Fund (EUR),EURSAFO,1.18,1229005528,67,0.0,1.18,1.18,-0.000101018913284845,-0.00859,1045687476.43203
2026-09-06T02:01:03+00:00,Bitway,BTW,0.448921,1215739412,68,10509226,0.467435,0.420418,-0.000375617877141632,-0.10349,2708142280.000001
2026-09-06T02:01:03+00:00,Lighter,LIT,4.66,1165326479,69,67245495,4.86,4.59,-0.06904358501232366,-1.39073,250000000.0
2026-09-06T02:01:03+00:00,Pi Network,PI,0.095771,1067027380,70,4271971,0.096439,0.093657,0.0016954,1.80163,11141680597.248924
2026-09-06T02:01:03+00:00,POL (ex-MATIC),POL,0.098438,1054284273,71,55418639,0.09903,0.093821,0.00425243,4.54832,10709454818.56161
2026-09-06T02:01:03+00:00,Gate,GT,9.38,999583728,72,3682332,9.61,8.43,0.941964,11.16857,106618074.49920152
2026-09-06T02:01:03+00:00,KuCoin,KCS,7.26,995506657,73,2523831,7.27,7.04,0.199231,2.81881,137155021.2773955
2026-09-06T02:01:03+00:00,Blockchain Capital,BCAP,106.22,967888430,74,0.0,106.22,106.22,-1.4211e-14,0.0,9112111.0
2026-09-06T02:01:03+00:00,Quant,QNT,66.18,962489552,75,13990385,65.6,63.43,2.51,3.97006,14544176.164081175
2026-09-06T02:01:03+00:00,JUST,JST,0.110553,905260947,76,21532019,0.110594,0.107852,0.00151784,1.38984,8188743036.341737
2026-09-06T02:01:03+00:00,Spiko EU T-Bills Money Market Fund,EUTBL,1.23,882559347,77,0.0,1.23,1.23,-0.000105646128462311,-0.00859,718027528.4955
2026-09-06T02:01:03+00:00,Dash,DASH,67.51,865630669,78,456832849,73.23,64.61,0.754816,1.16201,12828071.79611831
2026-09-06T02:01:03+00:00,Algorand,ALGO,0.094867,857486175,79,38890575,0.097499,0.090725,0.00393694,4.3414,9038985932.3071
2026-09-06T02:01:03+00:00,Kaspa,KAS,0.03066162,848826624,80,10003180,0.03070059,0.0295586,0.00092776,3.12933,27683423155.231007
2026-09-06T02:01:03+00:00,NEXO,NEXO,0.836933,835559486,81,1960893,0.844676,0.832428,-0.003962931185451879,-0.5084,1000000000.0
2026-09-06T02:01:03+00:00,Cosmos Hub,ATOM,1.58,835518480,82,29883554,1.57,1.51,0.070064,4.64497,529090844.897212
2026-09-06T02:01:03+00:00,Venice Token,VVV,17.27,824810169,83,10429707,18.18,17.14,-0.7084536340070997,-3.9477,47767736.23356719
2026-09-06T02:01:03+00:00,Janus Henderson Anemoy Treasury Fund,JTRSY,1.12,799656135,84,0.0,1.12,1.12,0.0,0.0,717141156.78007
2026-09-06T02:01:03+00:00,Invesco Short Duration US Government Securities Fund,USTB,11.2,774870145,85,0.0,11.2,11.2,1.776e-15,0.0,69181764.436295
2026-09-06T02:01:03+00:00,Render,RENDER,1.49,773587862,86,37545444,1.5,1.45,0.03660133,2.53244,518772101.28269154
2026-09-06T02:01:03+00:00,Jupiter,JUP,0.224494,745416201,87,57027323,0.2261,0.213599,0.00840112,3.88943,3320312968.08
2026-09-06T02:01:03+00:00,​​Stable,STABLE,0.0285152,743135578,88,7403374,0.02931973,0.02838677,-0.000161628239326247,-0.56484,26061286351.0
2026-09-06T02:01:03+00:00,PancakeSwap,CAKE,2.25,722738165,89,146035330,2.28,1.95,0.29674,15.11966,320777496.76364934
2026-09-06T02:01:03+00:00,Janus Henderson Anemoy AAA CLO Fund,JAAA,1.048,710966727,90,0.0,1.048,1.048,0.0,0.0,678300455.183658
2026-09-06T02:01:03+00:00,GHO,GHO,0.999263,698476845,91,3113024,0.999389,0.999064,2.34e-05,0.0025,699000000.0
2026-09-06T02:01:03+00:00,Pons,PONS,0.951941,678682368,92,206074976,0.971034,0.654822,0.287386,43.16196,712104762.0614183
2026-09-06T02:01:03+00:00,Filecoin,FIL,0.813245,672226959,93,69094919,0.797777,0.759691,0.050581,6.65436,826889831.0
2026-09-06T02:01:03+00:00,Official Trump,TRUMP,2.39,625341276,94,248006554,2.45,2.32,0.059835,2.55865,261880985.28763402
2026-09-06T02:01:03+00:00,Beldex,BDX,0.079061,622215482,95,10306928,0.080202,0.078454,0.0001844,0.227,7870516919.534607
2026-09-06T02:01:03+00:00,Curve DAO,CRV,0.387556,602271772,96,69030051,0.386637,0.34993,0.03651987,10.46212,1554439765.0
2026-09-06T02:01:03+00:00,VeChain,VET,0.00699704,601640003,97,6481815,0.00698825,0.00685627,4.871e-05,0.68375,85985041177.0
2026-09-06T02:01:03+00:00,Flare,FLR,0.00674939,586451546,98,2318221,0.00675152,0.00662881,8.655e-05,1.29892,86818814609.00671
2026-09-06T02:01:03+00:00,Ether.fi,ETHFI,0.597056,575727853,99,46887962,0.588609,0.552999,0.04218713,7.65045,965350000.0
2026-09-06T03:01:08+00:00,Bitcoin,BTC,79900,1604458960257,1,18949927013,80147,79459,322.62,0.41322,20080275.0
2026-09-06T03:01:08+00:00,Ethereum,ETH,2503.41,305480173416,2,7692647283,2508.34,2445.89,50.04,2.05762,122023857.56610575
2026-09-06T03:01:08+00:00,Tether,USDT,1.0,183400833191,3,40706345262,1.0,0.999885,-0.000109668656257833,-0.01017,183392383062.09265
2026-09-06T03:01:08+00:00,BNB,BNB,763.75,101718684925,4,2287927422,779.7,720.84,42.83,5.9308,133161914.46
2026-09-06T03:01:08+00:00,XRP,XRP,1.42,88994237243,5,1497442293,1.43,1.4,0.01969063,1.40708,62744504852.0
2026-09-06T03:01:08+00:00,USDC,USDC,0.999987,74631926912,6,9107568141,1.0,0.999905,8.14e-06,0.00217,74632916172.94678
2026-09-06T03:01:08+00:00,Solana,SOL,104.39,61111344252,7,2561006438,104.25,101.63,2.41,2.42166,585445511.3646532
2026-09-06T03:01:08+00:00,TRON,TRX,0.333282,31640119356,8,252435307,0.334692,0.331495,0.00177125,0.53389,94935900212.59479
2026-09-06T03:01:08+00:00,Figure Heloc,FIGR_HELOC,1.055,23516084575,9,343538,1.055,1.004,0.01717281,1.65561,22290650137.398
2026-09-06T03:01:08+00:00,Hyperliquid,HYPE,85.52,19023943142,9,777116767,86.35,83.76,1.4,1.67273,222445714.07414138
2026-09-06T03:01:08+00:00,Zcash,ZEC,1067.03,18051582022,10,688852347,1085.48,1000.72,36.81,3.53362,16916382.9780448
2026-09-06T03:01:08+00:00,Dogecoin,DOGE,0.09099,14176075332,11,1222173926,0.094557,0.084513,0.00638009,7.51675,155796266383.7052
2026-09-06T03:01:08+00:00,Rain,RAIN,0.01722159,12208832219,12,43574058,0.01724777,0.01638085,0.00077178,4.72226,709201337665.0328
2026-09-06T03:01:08+00:00,Monero,XMR,555.26,10440874416,13,110314348,558.18,523.31,22.74,4.59179,18800866.60097224
2026-09-06T03:01:08+00:00,USDS,USDS,0.999787,9812255468,14,108651970,0.999944,0.999538,-3.553821765201e-06,-0.00685,9815048384.019354
2026-09-06T03:01:08+00:00,Chainlink,LINK,12.23,9152016367,15,417870315,12.44,11.62,0.552161,4.75065,748099970.424884
2026-09-06T03:01:08+00:00,WhiteBIT Coin,WBT,73.76,8693789256,16,41776958,73.91,73.04,0.617965,0.84682,117956019.0
2026-09-06T03:01:08+00:00,LEO Token,LEO,9.33,8584565014,17,119486,9.35,9.22,0.11352,1.22987,919857851.9
2026-09-06T03:01:08+00:00,Cardano,ADA,0.221287,8299589000,18,438943832,0.222616,0.210053,0.01092253,5.13102,37504333228.36598
2026-09-06T03:01:08+00:00,Stellar,XLM,0.186016,6473657930,19,121393532,0.186388,0.17959,0.00597309,3.26708,34802062730.742226
2026-09-06T03:01:08+00:00,Bitcoin Cash,BCH,263.35,5291335667,20,165501131,260.67,246.87,16.25,6.64322,20085496.77165078
2026-09-06T03:01:08+00:00,Dai,DAI,0.999816,4601747181,21,211159102,1.0,0.99965,2.55e-05,0.01312,4603048604.839725
2026-09-06T03:01:08+00:00,Uniswap,UNI,7.17,4470755029,22,985172285,7.48,6.17,0.915096,14.40387,623212423.7271129
2026-09-06T03:01:08+00:00,Canton,CC,0.110639,4374334543,23,7841308,0.111423,0.107477,0.00316238,2.8908,39536939403.33095
2026-09-06T03:01:08+00:00,Ethena USDe,USDE,0.999947,4351210721,24,37329358,1.0,0.999742,-9.91007731543e-07,0.00095,4351442458.405337
2026-09-06T03:01:08+00:00,USD1,USD1,0.99967,4246578243,25,869042764,0.999734,0.999466,-4.3648059031898e-05,-0.00063,4248045903.898861
2026-09-06T03:01:08+00:00,Litecoin,LTC,54.69,4242108788,26,456133508,55.3,52.18,2.48,4.38221,77575810.56084988
2026-09-06T03:01:08+00:00,Gram (prev. Toncoin),GRAM,1.42,3961066230,27,35121259,1.45,1.4,0.02349129,1.69997,2781800485.863573
2026-09-06T03:01:08+00:00,Hedera,HBAR,0.081182,3558697682,28,57591935,0.081512,0.07866,0.00220153,2.79606,43831559703.90489
2026-09-06T03:01:08+00:00,Avalanche,AVAX,7.68,3315704555,29,228947717,7.71,7.39,0.288721,3.89007,431771961.1772119
2026-09-06T03:01:08+00:00,Sui,SUI,0.797627,3267342622,30,677504865,0.812155,0.762258,0.03249793,4.28917,4096537146.5409594
2026-09-06T03:01:08+00:00,Global Dollar,USDG,1.0,3258039345,31,1383513656,1.0,0.99997,-4.7169806438818e-05,-0.00305,3257888758.31333
2026-09-06T03:01:08+00:00,Shiba Inu,SHIB,5.5e-06,3238142165,32,76806834,5.57e-06,5.24e-06,2.43731e-07,4.55988,589239307782558.2
2026-09-06T03:01:08+00:00,PayPal USD,PYUSD,1.0,2935798762,33,50680848,1.0,0.999845,-7.881869940052e-06,-0.00243,2935798963.4797554
2026-09-06T03:01:08+00:00,NEAR Protocol,NEAR,2.23,2907694376,34,388591552,2.29,2.16,0.01074409,0.47229,1305560203.0
2026-09-06T03:01:08+00:00,BlackRock USD Institutional Digital Liquidity Fund,BUIDL,1.0,2832282866,35,0.0,1.0,1.0,0.0,0.0,2832282865.800449
2026-09-06T03:01:08+00:00,Cronos,CRO,0.057496,2790792744,36,4297688,0.057435,0.055622,0.00171835,3.13518,48536721873.37812
2026-09-06T03:01:08+00:00,Tether Gold,XAUT,4423.28,2710702175,37,72935972,4428.68,4423.33,-3.7273023786246995,-0.0825,612823.6595320001
2026-09-06T03:01:08+00:00,Circle USYC,USYC,1.14,2624340328,38,0.0,1.14,1.14,0.0,0.0,2308988052.650666
2026-09-06T03:01:08+00:00,MemeCore,M,1.12,2551216970,39,1431965,1.14,1.11,-0.008722839941313731,-0.84093,2269559519.891782
2026-09-06T03:01:08+00:00,OKB,OKB,115.92,2434490073,40,35066394,115.75,108.82,6.79,6.23227,21000000.0
2026-09-06T03:01:08+00:00,Ripple USD,RLUSD,0.999905,2406890008,41,68542176,1.0,0.999839,-0.000126576012310475,-0.01055,2407151384.647231
2026-09-06T03:01:08+00:00,Bittensor,TAO,236.11,2266179721,42,165883173,240.47,226.05,7.61,3.32876,9597491.0
2026-09-06T03:01:08+00:00,Ondo US Dollar Yield,USDY,1.14,2198676196,43,467791,1.15,1.14,0.00476144,-0.32868,1920354240.197115
2026-09-06T03:01:08+00:00,Aster,ASTER,0.785756,2121614436,44,389840282,0.863964,0.723202,0.052111,7.12817,2700010975.2797318
2026-09-06T03:01:08+00:00,Aave,AAVE,135.35,2088441226,45,251757946,139.93,128.88,4.59,3.5002,15427230.51698837
2026-09-06T03:01:08+00:00,Mantle,MNT,0.585197,1932485144,46,16551121,0.589427,0.570653,0.01368108,2.38472,3302294382.53684
2026-09-06T03:01:08+00:00,PAX Gold,PAXG,4430.79,1916250875,47,45420165,4435.65,4429.06,-4.49815995305471,-0.09937,432503.322051
2026-09-06T03:01:08+00:00,Ondo,ONDO,0.3751,1826453731,48,103699961,0.379775,0.366115,0.00744457,2.00858,4869330647.0
2026-09-06T03:01:08+00:00,World Liberty Financial,WLFI,0.057316,1820446624,49,25510447,0.057586,0.056317,0.00078322,1.40267,31777073694.0
2026-09-06T03:01:08+00:00,Ethena,ENA,0.178379,1802093653,50,723045661,0.188609,0.161871,0.01417457,8.72948,10095312500.0
2026-09-06T03:01:08+00:00,Morpho,MORPHO,2.52,1735857322,51,32702576,2.57,2.48,-0.022871748963778415,-0.74172,688639922.0569853
2026-09-06T03:01:08+00:00,Sky,SKY,0.071121,1665904716,52,6126999,0.07134,0.066888,0.00382307,5.68456,23423707088.260384
2026-09-06T03:01:08+00:00,Pump.fun,PUMP,0.00402289,1590652685,53,209932501,0.00427283,0.0037741,-0.000226068644673722,-5.13463,395346303291.2227
2026-09-06T03:01:08+00:00,Polkadot,DOT,0.928945,1580742916,54,116904861,0.931537,0.885022,0.03235713,3.60484,1701427418.909487
2026-09-06T03:01:08+00:00,Pepe,PEPE,3.65e-06,1537666088,55,239030533,3.69e-06,3.45e-06,1.8738e-07,5.54528,420690000000000.0
2026-09-06T03:01:08+00:00,HTX DAO,HTX,1.69e-06,1516490441,56,20946061,1.69e-06,1.65e-06,3.926e-08,2.0676,898232728634017.2
2026-09-06T03:01:08+00:00,Internet Computer,ICP,2.68,1489606859,57,66657163,2.73,2.54,0.129643,5.05302,556239582.3862581
2026-09-06T03:01:08+00:00,USDD,USDD,0.998603,1475176316,58,2931615,0.999588,0.997467,-6.7083437440218e-05,-0.00476,1477239316.0
2026-09-06T03:01:08+00:00,Worldcoin,WLD,0.399787,1453883931,59,149043485,0.407715,0.385386,0.01354727,3.45471,3636162454.9789104
2026-09-06T03:01:08+00:00,Bitget Token,BGB,2.03,1422851576,60,9834535,2.05,1.97,0.052382,2.65196,699992029.6481038
2026-09-06T03:01:08+00:00,USDGO,USDGO,0.999992,1355443501,61,35918384,1.0,0.999876,2.181e-05,-0.00222,1355454412.77
2026-09-06T03:01:08+00:00,Falcon USD,USDF,0.996715,1339668236,62,405072,1.002,0.987829,-0.000524312973636754,-0.05102,1344083107.942925
2026-09-06T03:01:08+00:00,BFUSD,BFUSD,1.0,1320151408,63,731946,1.0,0.999905,2.571e-05,0.00332,1320000000.0
2026-09-06T03:01:08+00:00,United Stables,U,0.999334,1276751977,64,111383276,0.999567,0.999045,-0.000172194502020995,0.00096,1277499107.8
2026-09-06T03:01:08+00:00,Arbitrum,ARB,0.188901,1261976751,65,720567316,0.19805,0.129384,0.056786,43.38307,6678075931.0
2026-09-06T03:01:08+00:00,Ethereum Classic,ETC,7.78,1230170913,66,48910958,7.86,7.53,0.189321,2.42802,158076213.0092675
2026-09-06T03:01:08+00:00,Spiko Amundi Overnight Swap Fund (EUR),EURSAFO,1.18,1229005528,67,0.0,1.18,1.18,-0.000101018913284845,-0.00859,1045687476.43203
2026-09-06T03:01:08+00:00,Bitway,BTW,0.451434,1222499256,68,10497464,0.467435,0.420418,-0.001704777210057851,-0.22772,2708142280.000001
2026-09-06T03:01:08+00:00,Lighter,LIT,4.63,1157467043,69,64843861,4.86,4.59,-0.13137359122558045,-2.81758,250000000.0
2026-09-06T03:01:08+00:00,Pi Network,PI,0.095447,1063454236,70,4255780,0.096439,0.093657,0.0010368,1.08913,11141680597.248924
2026-09-06T03:01:08+00:00,POL (ex-MATIC),POL,0.098981,1059919231,71,55783920,0.099504,0.093821,0.00470517,5.04942,10709454818.56161
2026-09-06T03:01:08+00:00,Gate,GT,9.45,1007610755,72,2879704,9.61,8.47,0.949838,10.98631,106618123.29264392
2026-09-06T03:01:08+00:00,KuCoin,KCS,7.27,996398990,73,2529136,7.27,7.04,0.211765,2.9752,137155021.2773955
2026-09-06T03:01:08+00:00,Blockchain Capital,BCAP,106.22,967888430,74,0.0,106.22,106.22,1.4211e-14,0.0,9112111.0
2026-09-06T03:01:08+00:00,Quant,QNT,65.68,955274113,75,13888450,66.28,63.43,1.91,2.9655,14544176.164081175
2026-09-06T03:01:08+00:00,JUST,JST,0.110647,905834560,76,21794452,0.110693,0.107852,0.00211012,2.00624,8188743036.341737
2026-09-06T03:01:08+00:00,Dash,DASH,69.24,889010744,77,455427768,73.23,64.61,1.33,1.76216,12828115.51040396
2026-09-06T03:01:08+00:00,Spiko EU T-Bills Money Market Fund,EUTBL,1.23,882559347,78,0.0,1.23,1.23,-0.000105646128462311,-0.00859,718027528.4955
2026-09-06T03:01:08+00:00,Algorand,ALGO,0.094301,852397910,79,38597856,0.097499,0.091902,0.00219377,2.37783,9038985932.3071
2026-09-06T03:01:08+00:00,Kaspa,KAS,0.03058966,846819821,80,9841564,0.03089492,0.0295586,0.00091776,3.11964,27683423155.231007
2026-09-06T03:01:08+00:00,Cosmos Hub,ATOM,1.59,839519818,81,30365051,1.59,1.53,0.057774,3.84794,529097761.955402
2026-09-06T03:01:08+00:00,NEXO,NEXO,0.835245,836389474,82,2610766,0.844676,0.832428,-0.006736066192877588,-0.56588,1000000000.0
2026-09-06T03:01:08+00:00,Venice Token,VVV,17.24,823386865,83,9839305,18.15,17.14,-0.9097782068954565,-4.94578,47768000.376134396
2026-09-06T03:01:08+00:00,Janus Henderson Anemoy Treasury Fund,JTRSY,1.12,799656135,84,0.0,1.12,1.12,0.0,0.0,717141156.78007
2026-09-06T03:01:08+00:00,Invesco Short Duration US Government Securities Fund,USTB,11.2,774870145,85,0.0,11.2,11.2,0.0,0.0,69181764.436295
2026-09-06T03:01:08+00:00,Render,RENDER,1.48,768129000,86,36245172,1.5,1.45,0.02091255,1.42161,518772101.28269154
2026-09-06T03:01:08+00:00,Jupiter,JUP,0.227195,754117754,87,58539741,0.2261,0.215028,0.01094524,4.98862,3320312968.08
2026-09-06T03:01:08+00:00,​​Stable,STABLE,0.02843883,740978513,88,7513184,0.02931973,0.02838677,-0.000173366363102525,-0.5119,26062248628.0
2026-09-06T03:01:08+00:00,PancakeSwap,CAKE,2.24,717927242,89,146549157,2.28,1.95,0.281614,14.38035,320777496.76364934
2026-09-06T03:01:08+00:00,Janus Henderson Anemoy AAA CLO Fund,JAAA,1.048,710966727,90,0.0,1.048,1.048,0.0,0.0,678300455.183658
2026-09-06T03:01:08+00:00,GHO,GHO,0.999143,698400633,91,3099165,0.999389,0.999064,-4.4990224482122e-05,-0.00375,699000000.0
2026-09-06T03:01:08+00:00,Filecoin,FIL,0.833483,689329644,92,85230821,0.820525,0.763066,0.068091,8.93727,826890031.0
2026-09-06T03:01:08+00:00,Pons,PONS,0.884801,627755040,93,197220011,0.971034,0.671755,0.202464,29.99186,712104762.0614183
2026-09-06T03:01:08+00:00,Official Trump,TRUMP,2.38,623480899,94,254246973,2.45,2.32,0.04665304,1.96021,261880985.28763402
2026-09-06T03:01:08+00:00,Beldex,BDX,0.079154,622932492,95,10429473,0.080202,0.078454,0.00033507,0.40966,7870517268.943264
2026-09-06T03:01:08+00:00,VeChain,VET,0.00697191,599448317,96,6163930,0.00700149,0.00685627,3.289e-05,0.52407,85985041177.0
2026-09-06T03:01:08+00:00,Curve DAO,CRV,0.383393,595986742,97,70644355,0.390599,0.350553,0.02854662,8.05242,1554446605.0
2026-09-06T03:01:08+00:00,Flare,FLR,0.00671931,583362462,98,2404193,0.0067588,0.00662881,7.044e-05,1.0495,86818814609.00671
2026-09-06T03:01:08+00:00,Ether.fi,ETHFI,0.590759,570280169,99,47248239,0.600615,0.552999,0.03377114,6.06032,965350000.0
2026-09-06T04:00:59+00:00,Bitcoin,BTC,80027,1607039230854,1,19205952407,80147,79459,435.94,0.55515,20080275.0
2026-09-06T04:00:59+00:00,Ethereum,ETH,2509.12,306216683035,2,7935379531,2508.71,2445.89,56.37,2.31644,122023857.56610575
2026-09-06T04:00:59+00:00,Tether,USDT,1.0,183397429042,3,41301580171,1.0,0.999885,-0.000126602454202818,-0.01202,183392383062.09265
2026-09-06T04:00:59+00:00,BNB,BNB,764.83,101851782165,4,2303722161,779.7,720.84,41.2,5.70397,133161911.2
2026-09-06T04:00:59+00:00,XRP,XRP,1.43,89421370591,5,1533101792,1.43,1.4,0.02762343,1.96964,62744504852.0
2026-09-06T04:00:59+00:00,USDC,USDC,0.999974,74623234543,6,9174905733,1.0,0.999905,-1.468462188403e-06,0.00088,74625215345.34485
2026-09-06T04:00:59+00:00,Solana,SOL,105.95,62032838275,7,2901515464,104.67,101.63,4.05,4.01796,585445455.1156082
2026-09-06T04:00:59+00:00,TRON,TRX,0.333046,31617330955,8,250327379,0.334692,0.331654,0.00105336,0.31727,94935900212.59479
2026-09-06T04:00:59+00:00,Figure Heloc,FIGR_HELOC,1.055,23516084575,9,343538,1.055,1.004,0.01716873,1.65395,22290650137.398
2026-09-06T04:00:59+00:00,Hyperliquid,HYPE,85.89,19105561896,9,736972161,86.35,83.76,1.93,2.33231,222445714.07414138
2026-09-06T04:00:59+00:00,Zcash,ZEC,1073.05,18161349487,10,688916770,1085.48,1000.72,48.35,4.78404,16916382.9780448
2026-09-06T04:00:59+00:00,Dogecoin,DOGE,0.091317,14231705581,11,1235790315,0.094557,0.084513,0.00669561,7.97339,155796266383.7052
2026-09-06T04:00:59+00:00,Rain,RAIN,0.0172373,12227676141,12,42065488,0.01725422,0.01638085,0.00079444,4.84501,709201337390.6278
2026-09-06T04:00:59+00:00,Monero,XMR,556.05,10454648997,13,111013519,558.18,523.31,22.79,4.26341,18800893.60094776
2026-09-06T04:00:59+00:00,USDS,USDS,0.999693,9815673613,14,105862602,0.999944,0.999538,-4.402383957935e-06,-0.00713,9818923692.986526
2026-09-06T04:00:59+00:00,Chainlink,LINK,12.21,9137273320,15,427942061,12.44,11.62,0.541429,4.66774,748099970.424884
2026-09-06T04:00:59+00:00,WhiteBIT Coin,WBT,73.84,8709387107,16,42567666,73.91,73.04,0.683125,0.92916,117956019.0
2026-09-06T04:00:59+00:00,LEO Token,LEO,9.33,8583089421,17,118559,9.35,9.22,0.111973,1.21483,919857851.9
2026-09-06T04:00:59+00:00,Cardano,ADA,0.222884,8359290525,18,441809196,0.222616,0.210053,0.01236443,5.89492,37504333228.36598
2026-09-06T04:00:59+00:00,Stellar,XLM,0.186859,6502926705,19,123256692,0.186388,0.179798,0.00695026,3.9113,34802062129.38231
2026-09-06T04:00:59+00:00,Bitcoin Cash,BCH,262.53,5273459232,20,173028222,264.0,247.04,15.07,6.13489,20085262.39665078
2026-09-06T04:00:59+00:00,Dai,DAI,0.999893,4603357240,21,206722452,1.0,0.99965,1.011e-05,0.011,4603831838.340502
2026-09-06T04:00:59+00:00,Uniswap,UNI,7.24,4512064387,22,1005590634,7.48,6.17,0.922556,14.5207,623212423.7271129
2026-09-06T04:00:59+00:00,Canton,CC,0.110184,4356349571,23,7645713,0.111423,0.107542,0.00111894,1.01996,39536939403.33095
2026-09-06T04:00:59+00:00,Ethena USDe,USDE,0.999914,4351306344,24,32630278,1.0,0.999742,-4.0208591291502e-05,-0.00383,4351670101.035337
2026-09-06T04:00:59+00:00,USD1,USD1,0.999718,4246861955,26,891805969,0.99974,0.999466,2.55e-05,0.00649,4248045903.898861
2026-09-06T04:00:59+00:00,Litecoin,LTC,54.73,4246368532,25,448349475,55.3,52.26,2.27,4.36427,77575810.56084988
2026-09-06T04:00:59+00:00,Gram (prev. Toncoin),GRAM,1.43,3971402819,27,35147574,1.45,1.4,0.02509058,1.763,2781839546.266542
2026-09-06T04:00:59+00:00,Hedera,HBAR,0.082194,3604261637,28,58700068,0.081561,0.07866,0.00334548,4.33211,43831559703.94798
2026-09-06T04:00:59+00:00,Avalanche,AVAX,7.71,3330581142,29,232719985,7.71,7.39,0.310723,4.27474,431771961.1772119
2026-09-06T04:00:59+00:00,Sui,SUI,0.801471,3283901931,30,683720660,0.812155,0.762293,0.03580385,4.7308,4096537146.5409594
2026-09-06T04:00:59+00:00,Global Dollar,USDG,1.0,3261746989,31,1425577642,1.0,0.99997,-0.000106016992973856,-0.01043,3261716817.69763
2026-09-06T04:00:59+00:00,Shiba Inu,SHIB,5.52e-06,3249478666,32,77018390,5.57e-06,5.25e-06,2.65229e-07,4.96772,589239307782558.2
2026-09-06T04:00:59+00:00,PayPal USD,PYUSD,0.999977,2935705472,33,51276155,1.0,0.999845,2.584e-05,-0.00077,2935798963.4797554
2026-09-06T04:00:59+00:00,NEAR Protocol,NEAR,2.22,2893741563,34,379843669,2.29,2.16,-0.008593251791376488,-0.42002,1305560166.0
2026-09-06T04:00:59+00:00,BlackRock USD Institutional Digital Liquidity Fund,BUIDL,1.0,2832282866,35,0.0,1.0,1.0,0.0,0.0,2832282865.800449
2026-09-06T04:00:59+00:00,Cronos,CRO,0.057254,2779174876,36,4646175,0.057588,0.055622,0.00131509,2.35309,48536862975.709335
2026-09-06T04:00:59+00:00,Tether Gold,XAUT,4426.1,2712286231,37,74589813,4428.68,4423.26,-1.6992697075465912,-0.04299,612823.6595320001
2026-09-06T04:00:59+00:00,Circle USYC,USYC,1.14,2624340328,38,0.0,1.14,1.14,0.0,0.0,2308988052.650666
2026-09-06T04:00:59+00:00,MemeCore,M,1.12,2542089874,39,1442330,1.14,1.11,-0.017029638831032923,-1.40025,2269574969.6135826
2026-09-06T04:00:59+00:00,OKB,OKB,115.83,2432710930,40,35583719,115.96,108.86,6.84,6.30272,21000000.0
2026-09-06T04:00:59+00:00,Ripple USD,RLUSD,0.999879,2406858849,41,67439818,1.0,0.999839,-9.8461622800694e-05,-0.01039,2407151384.647231
2026-09-06T04:00:59+00:00,Bittensor,TAO,238.63,2290768729,42,167379113,240.47,226.05,10.15,4.55439,9597491.0
2026-09-06T04:00:59+00:00,Ondo US Dollar Yield,USDY,1.14,2198739249,43,1982242,1.15,1.14,-0.000526262502180685,0.54662,1920354240.197115
2026-09-06T04:00:59+00:00,Aster,ASTER,0.783616,2116049801,44,386976818,0.863964,0.72555,0.058036,8.03595,2700010975.2797318
2026-09-06T04:00:59+00:00,Aave,AAVE,135.69,2093638330,45,256190207,139.93,128.88,5.38,4.17396,15427230.51698837
2026-09-06T04:00:59+00:00,Mantle,MNT,0.586151,1935625125,46,15568130,0.589427,0.570653,0.01508785,2.64327,3302294382.53684
2026-09-06T04:00:59+00:00,PAX Gold,PAXG,4432.16,1916859700,47,45697228,4435.59,4429.06,-3.2566157562341687,-0.07414,432503.322051
2026-09-06T04:00:59+00:00,Ondo,ONDO,0.37649,1833124556,48,100997454,0.379775,0.366115,0.00906206,2.48965,4869330647.0
2026-09-06T04:00:59+00:00,World Liberty Financial,WLFI,0.057215,1818444722,49,26250744,0.057586,0.056317,0.00077646,1.38376,31777073694.0
2026-09-06T04:00:59+00:00,Ethena,ENA,0.177787,1795723432,50,749957851,0.188609,0.161871,0.01427892,8.82836,10095312500.0
2026-09-06T04:00:59+00:00,Morpho,MORPHO,2.56,1763158839,51,34715041,2.57,2.48,0.0336887,1.47766,688643046.7348576
2026-09-06T04:00:59+00:00,Sky,SKY,0.071452,1673918397,52,6331110,0.07134,0.066888,0.00405953,6.04576,23423707088.260384
2026-09-06T04:00:59+00:00,Pump.fun,PUMP,0.00409146,1617697647,53,223499588,0.00427158,0.0037741,-0.000166223660110682,-3.8264,395341935525.451
2026-09-06T04:00:59+00:00,Polkadot,DOT,0.928919,1580702079,54,117047222,0.933844,0.885022,0.03640679,4.16781,1701427418.909487
2026-09-06T04:00:59+00:00,Pepe,PEPE,3.67e-06,1542695615,55,237446114,3.69e-06,3.45e-06,2.07035e-07,5.99194,420690000000000.0
2026-09-06T04:00:59+00:00,HTX DAO,HTX,1.69e-06,1515153813,56,22126134,1.69e-06,1.65e-06,3.7616e-08,2.29402,898232728634017.2
2026-09-06T04:00:59+00:00,Internet Computer,ICP,2.67,1485378926,57,65002611,2.73,2.57,0.081676,3.20656,556239582.3862581
2026-09-06T04:00:59+00:00,USDD,USDD,0.998582,1473988760,58,2947335,0.999588,0.997467,-0.000317929181598675,-0.0298,1476073372.0
2026-09-06T04:00:59+00:00,Worldcoin,WLD,0.400108,1455159772,59,152816929,0.407715,0.385793,0.01414853,3.70714,3636166232.8489304
2026-09-06T04:00:59+00:00,Bitget Token,BGB,2.03,1418872897,60,10014407,2.05,1.97,0.04713567,2.38514,699992029.6481038
2026-09-06T04:00:59+00:00,USDGO,USDGO,0.999984,1355482751,61,36916940,1.0,0.999876,4.69e-06,-0.00261,1355454412.77
2026-09-06T04:00:59+00:00,Falcon USD,USDF,0.996748,1339717080,62,316050,1.002,0.987829,0.00080948,0.08178,1344083107.942925
2026-09-06T04:00:59+00:00,Arbitrum,ARB,0.197594,1320127719,64,792712646,0.19805,0.129384,0.06608,50.15798,6678075931.0
2026-09-06T04:00:59+00:00,BFUSD,BFUSD,0.999995,1319997675,63,728873,1.0,0.999905,-9.0466149846424e-05,-0.00832,1320000000.0
2026-09-06T04:00:59+00:00,United Stables,U,0.999275,1276572887,65,114639291,0.999567,0.999045,-9.8430698486807e-05,-0.01812,1277499107.8
2026-09-06T04:00:59+00:00,Ethereum Classic,ETC,7.79,1231914665,66,49231616,7.86,7.53,0.209944,2.81811,158076696.8492675
2026-09-06T04:00:59+00:00,Spiko Amundi Overnight Swap Fund (EUR),EURSAFO,1.18,1229005528,67,0.0,1.18,1.18,-0.000101018913284845,-0.00859,1045687476.43203
2026-09-06T04:00:59+00:00,Bitway,BTW,0.451154,1221098155,68,10472439,0.467435,0.420418,-0.001689665198388313,-0.39025,2708142280.000001
2026-09-06T04:00:59+00:00,Lighter,LIT,4.73,1183229567,69,65292991,4.86,4.59,-0.003718182157751215,-0.04654,250000000.0
2026-09-06T04:00:59+00:00,POL (ex-MATIC),POL,0.099852,1069233784,70,59788943,0.099504,0.093821,0.00541776,5.71306,10709454818.56161
2026-09-06T04:00:59+00:00,Pi Network,PI,0.09561,1065278927,71,4269202,0.096439,0.093657,0.0012497,1.33602,11141680597.248924
2026-09-06T04:00:59+00:00,Gate,GT,9.43,1006297703,72,3727281,9.61,8.48,0.939544,10.69318,106618150.08800311
2026-09-06T04:00:59+00:00,KuCoin,KCS,7.24,992388962,73,2624629,7.27,7.04,0.189038,2.64989,137155021.2773955
2026-09-06T04:00:59+00:00,Blockchain Capital,BCAP,106.22,967888430,74,0.0,106.22,106.22,0.0,0.0,9112111.0
2026-09-06T04:00:59+00:00,Quant,QNT,65.75,956039945,75,14025193,66.28,63.43,2.21,3.45205,14544176.164081175
2026-09-06T04:00:59+00:00,JUST,JST,0.110459,904537476,76,23162025,0.110738,0.107852,0.00221384,2.03646,8188743036.341737
2026-09-06T04:00:59+00:00,Spiko EU T-Bills Money Market Fund,EUTBL,1.23,882559347,77,0.0,1.23,1.23,-0.000105646128462311,-0.00859,718027528.4955
2026-09-06T04:00:59+00:00,Dash,DASH,68.35,877451385,78,417817291,73.23,65.21,1.94,3.39465,12828115.51040396
2026-09-06T04:00:59+00:00,Algorand,ALGO,0.094561,854378095,79,35328392,0.097499,0.092612,0.00150783,1.71506,9038985932.3071
2026-09-06T04:00:59+00:00,Kaspa,KAS,0.03070007,849904586,80,9991556,0.03089492,0.02960097,0.00101515,3.44761,27683423155.231007
2026-09-06T04:00:59+00:00,Cosmos Hub,ATOM,1.59,839927452,81,30358332,1.59,1.53,0.053181,3.4142,529108623.13275
2026-09-06T04:00:59+00:00,NEXO,NEXO,0.839171,839237161,82,1993504,0.844676,0.832428,-0.00472121706615225,-0.61976,1000000000.0
2026-09-06T04:00:59+00:00,Venice Token,VVV,17.25,824304018,83,9930140,18.02,17.14,-0.6498424869676818,-3.61228,47768171.35532646
2026-09-06T04:00:59+00:00,Janus Henderson Anemoy Treasury Fund,JTRSY,1.12,799656135,84,0.0,1.12,1.12,0.0,0.0,717141156.78007
2026-09-06T04:00:59+00:00,Jupiter,JUP,0.234583,779289653,85,71284836,0.227703,0.215028,0.01872407,8.82733,3320312968.08
2026-09-06T04:00:59+00:00,Invesco Short Duration US Government Securities Fund,USTB,11.2,774870145,86,0.0,11.2,11.2,1.776e-15,0.0,69181764.436295
2026-09-06T04:00:59+00:00,Render,RENDER,1.48,768437968,87,38272978,1.5,1.45,0.02569087,1.77485,518772101.28269154
2026-09-06T04:00:59+00:00,​​Stable,STABLE,0.02845889,741847788,88,7440293,0.02931973,0.02838677,-0.000163519438545687,-0.60739,26063637517.0
2026-09-06T04:00:59+00:00,PancakeSwap,CAKE,2.26,724423206,89,148704426,2.28,1.96,0.292835,15.02733,320777526.29435
2026-09-06T04:00:59+00:00,Janus Henderson Anemoy AAA CLO Fund,JAAA,1.048,710966727,90,0.0,1.048,1.048,0.0,0.0,678300455.183658
2026-09-06T04:00:59+00:00,GHO,GHO,0.999199,698442533,91,3065257,0.999389,0.999064,-1.9322170439984e-05,-0.00095,699000000.0
2026-09-06T04:00:59+00:00,Filecoin,FIL,0.816862,675500378,92,87884076,0.838778,0.763066,0.051863,6.79881,826891260.0
2026-09-06T04:00:59+00:00,Pons,PONS,0.884703,629053285,93,199398103,0.971034,0.671755,0.177228,24.99773,712104762.0614183
2026-09-06T04:00:59+00:00,Official Trump,TRUMP,2.39,625699321,94,256143651,2.45,2.32,0.0655,2.88082,261880985.28763402
2026-09-06T04:00:59+00:00,Beldex,BDX,0.079161,623113920,95,10532394,0.080202,0.078454,0.00030381,0.39018,7870535365.897856
2026-09-06T04:00:59+00:00,VeChain,VET,0.0069906,601245895,96,6414268,0.00700149,0.00685627,9.377e-05,1.43493,85985041177.0
2026-09-06T04:00:59+00:00,Curve DAO,CRV,0.382406,594209359,97,71683620,0.390599,0.350553,0.03034701,8.54603,1554453363.0
2026-09-06T04:00:59+00:00,Flare,FLR,0.0067477,585841489,98,2333399,0.00675921,0.00662881,0.00011391,1.72576,86818814609.00671
2026-09-06T04:00:59+00:00,Ether.fi,ETHFI,0.597447,576115069,99,48586237,0.600615,0.552999,0.03977001,7.00257,965350000.0
2026-09-06T05:01:03+00:00,Bitcoin,BTC,79867,1603779784242,1,19277582691,80147,79459,353.28,0.4443,20080328.0
2026-09-06T05:01:03+00:00,Ethereum,ETH,2503.95,305546585342,2,7961981342,2513.7,2445.89,54.52,2.22569,122023857.56610575
2026-09-06T05:01:03+00:00,Tether,USDT,1.0,183392673918,3,41752705261,1.0,0.999885,-0.00012974748101291,-0.01297,183392383062.09265
2026-09-06T05:01:03+00:00,BNB,BNB,762.66,101554504074,4,2286651007,779.7,720.84,41.12,5.69912,133161906.07
2026-09-06T05:01:03+00:00,XRP,XRP,1.42,89143340118,5,1532585188,1.43,1.4,0.02240209,1.6022,62744504852.0
2026-09-06T05:01:03+00:00,USDC,USDC,0.999958,74621418149,6,9332934441,1.0,0.999905,-1.9765899725743e-05,-0.00198,74624988596.21448
2026-09-06T05:01:03+00:00,Solana,SOL,105.72,61919353975,7,3003531789,106.93,101.63,3.94,3.86983,585445424.0815907
2026-09-06T05:01:03+00:00,TRON,TRX,0.332958,31606836239,8,253794926,0.334692,0.331677,0.00116011,0.34964,94935900212.59479
2026-09-06T05:01:03+00:00,Figure Heloc,FIGR_HELOC,1.055,23516084575,9,343538,1.055,1.004,0.01772576,1.70892,22290650137.398
2026-09-06T05:01:03+00:00,Zcash,ZEC,1141.37,19320908088,9,846418745,1085.48,1000.72,125.49,12.35244,16916382.9780448
2026-09-06T05:01:03+00:00,Hyperliquid,HYPE,86.65,19282386668,10,810832360,86.35,83.77,2.66,3.16534,222445714.07414138
2026-09-06T05:01:03+00:00,Dogecoin,DOGE,0.090565,14109249684,11,1249800183,0.094557,0.084548,0.00589155,6.95794,155796266383.7052
2026-09-06T05:01:03+00:00,Rain,RAIN,0.01712793,12147944518,12,42491709,0.01727553,0.01638085,0.00071935,4.38397,709201337890.4495
2026-09-06T05:01:03+00:00,Monero,XMR,557.37,10482453857,13,110282980,558.23,523.31,24.07,4.51335,18800917.00094777
2026-09-06T05:01:03+00:00,USDS,USDS,0.999583,9814637054,14,103262768,0.999944,0.999538,-0.000195175330033104,-0.01952,9818753493.059933
2026-09-06T05:01:03+00:00,Chainlink,LINK,12.15,9094336767,15,433638202,12.44,11.62,0.504096,4.32695,748099970.424884
2026-09-06T05:01:03+00:00,WhiteBIT Coin,WBT,73.68,8691271813,16,43046894,73.91,73.04,0.587246,0.8034,117956019.0
2026-09-06T05:01:03+00:00,LEO Token,LEO,9.33,8583682587,17,119222,9.35,9.22,0.112691,1.22241,919857851.9
2026-09-06T05:01:03+00:00,Cardano,ADA,0.221067,8294791390,18,440138290,0.223606,0.210344,0.01027104,4.8725,37504333228.36598
2026-09-06T05:01:03+00:00,Stellar,XLM,0.186267,6486463088,19,124296146,0.187309,0.180603,0.00509606,2.81285,34802061874.933975
2026-09-06T05:01:03+00:00,Bitcoin Cash,BCH,259.89,5221536619,20,175448592,264.82,247.04,11.79,4.75267,20085268.64665078
2026-09-06T05:01:03+00:00,Dai,DAI,0.999881,4602789913,21,210511924,1.0,0.99965,9.77e-06,0.00098,4603831838.340502
2026-09-06T05:01:03+00:00,Uniswap,UNI,7.06,4403247685,22,1031412861,7.48,6.17,0.776877,12.35477,623212423.7271129
2026-09-06T05:01:03+00:00,Ethena USDe,USDE,0.999859,4351021802,23,32669416,1.0,0.999742,-4.5060315375767e-05,-0.00451,4351670101.035337
2026-09-06T05:01:03+00:00,Canton,CC,0.109425,4326285965,24,7689106,0.111423,0.107542,0.00111981,1.03394,39537721679.2979
2026-09-06T05:01:03+00:00,USD1,USD1,0.999618,4246330084,25,904506270,0.999755,0.999466,-1.7014260415782e-05,-0.0017,4248045903.898861
2026-09-06T05:01:03+00:00,Litecoin,LTC,54.3,4212237747,26,434029511,55.3,52.42,1.68,3.20049,77576241.8111856
2026-09-06T05:01:03+00:00,Gram (prev. Toncoin),GRAM,1.43,3967718846,27,34841964,1.45,1.4,0.02529335,1.80574,2781861508.34866
2026-09-06T05:01:03+00:00,Hedera,HBAR,0.081469,3573019846,28,59551439,0.082287,0.078859,0.00228822,2.88988,43831559703.991135
2026-09-06T05:01:03+00:00,Avalanche,AVAX,7.65,3302991516,29,233856792,7.74,7.39,0.240884,3.25227,431771961.1772119
2026-09-06T05:01:03+00:00,Sui,SUI,0.797075,3268210815,30,679981924,0.812155,0.763657,0.03082501,4.02284,4096537146.5409594
2026-09-06T05:01:03+00:00,Global Dollar,USDG,0.999994,3261639632,31,1434817725,1.0,0.99997,-8.2765322546252e-05,-0.00828,3261716817.69763
2026-09-06T05:01:03+00:00,Shiba Inu,SHIB,5.49e-06,3232480203,32,76569891,5.57e-06,5.27e-06,1.9811e-07,3.74718,589239307782558.2
2026-09-06T05:01:03+00:00,PayPal USD,PYUSD,0.999923,2935554340,33,49177627,1.0,0.999845,-0.000108909201652851,-0.01089,2935798963.4797554
2026-09-06T05:01:03+00:00,NEAR Protocol,NEAR,2.22,2900333473,34,384123173,2.29,2.16,-0.005558793727264533,-0.24984,1305560145.0
2026-09-06T05:01:03+00:00,BlackRock USD Institutional Digital Liquidity Fund,BUIDL,1.0,2832282866,35,0.0,1.0,1.0,0.0,0.0,2832282865.800449
2026-09-06T05:01:03+00:00,Cronos,CRO,0.056887,2759251618,36,4541099,0.057588,0.055622,0.00119954,2.15406,48536942687.75448
2026-09-06T05:01:03+00:00,Tether Gold,XAUT,4425.16,2711902546,37,74363907,4428.68,4423.05,-1.3505889374837352,-0.03051,612823.6595320001
2026-09-06T05:01:03+00:00,Circle USYC,USYC,1.14,2624340328,38,0.0,1.14,1.14,0.0,0.0,2308988052.650666
2026-09-06T05:01:03+00:00,MemeCore,M,1.12,2552651943,39,1434625,1.14,1.11,-0.005896777508634488,-0.52154,2269590389.340789
2026-09-06T05:01:03+00:00,OKB,OKB,115.37,2422708884,40,36692484,115.96,108.86,6.2,5.68046,21000000.0
2026-09-06T05:01:03+00:00,Ripple USD,RLUSD,0.999863,2406810462,41,69115370,1.0,0.999839,-9.6422757119186e-05,-0.00964,2407151384.647228
2026-09-06T05:01:03+00:00,Bittensor,TAO,237.96,2285677157,42,168751674,240.47,226.05,10.81,4.75854,9597491.0
2026-09-06T05:01:03+00:00,Ondo US Dollar Yield,USDY,1.14,2198735030,43,527384,1.15,1.14,0.00018863,0.01648,1920354240.197115
2026-09-06T05:01:03+00:00,Aster,ASTER,0.798625,2156698248,44,394051019,0.863964,0.72825,0.067637,9.25277,2700010975.2797318
2026-09-06T05:01:03+00:00,Aave,AAVE,134.5,2075497921,45,253235034,139.93,128.88,4.72,3.63334,15427230.857814455
2026-09-06T05:01:03+00:00,Mantle,MNT,0.586354,1936350943,46,15642415,0.589427,0.571789,0.01402639,2.45076,3302294382.53684
2026-09-06T05:01:03+00:00,PAX Gold,PAXG,4431.43,1916585043,47,45695240,4435.4,4429.06,-1.0730398324758426,-0.02421,432503.322051
2026-09-06T05:01:03+00:00,Ondo,ONDO,0.372954,1816467255,48,88974803,0.379775,0.367545,0.00186826,0.50346,4869330647.0
2026-09-06T05:01:03+00:00,World Liberty Financial,WLFI,0.056779,1804338066,49,26933180,0.057586,0.056317,0.00027888,0.4936,31777073694.0
2026-09-06T05:01:03+00:00,Morpho,MORPHO,2.59,1783150899,50,37142704,2.57,2.48,0.073501,2.92367,688645133.8755106
2026-09-06T05:01:03+00:00,Ethena,ENA,0.175279,1770373149,51,784227408,0.188609,0.161871,0.01150157,7.02267,10095312500.0
2026-09-06T05:01:03+00:00,Sky,SKY,0.071179,1666785996,52,6841427,0.071527,0.066888,0.00402002,5.98579,23423660814.158646
2026-09-06T05:01:03+00:00,Pump.fun,PUMP,0.00402446,1590967534,53,218292079,0.00425638,0.0037741,-0.000231918386567293,-5.44872,395337736334.25836
2026-09-06T05:01:03+00:00,Polkadot,DOT,0.928305,1579915878,54,113924582,0.933844,0.886616,0.03951143,4.44551,1701427418.909487
2026-09-06T05:01:03+00:00,Pepe,PEPE,3.63e-06,1528329577,55,238517120,3.69e-06,3.47e-06,1.498e-07,4.29861,420690000000000.0
2026-09-06T05:01:03+00:00,HTX DAO,HTX,1.68e-06,1511634447,56,22724169,1.69e-06,1.65e-06,3.0606e-08,1.8526,898232728634017.2
2026-09-06T05:01:03+00:00,Internet Computer,ICP,2.65,1475065850,57,64118340,2.73,2.59,0.02478752,0.94361,556239596.7186207
2026-09-06T05:01:03+00:00,USDD,USDD,0.998577,1473363816,58,2820516,0.999588,0.997467,0.00015985,0.01601,1475476321.0
2026-09-06T05:01:03+00:00,Worldcoin,WLD,0.396684,1442752903,59,147839001,0.407715,0.387078,0.00785563,2.02033,3636168244.5192747
2026-09-06T05:01:03+00:00,Bitget Token,BGB,2.01,1404813880,60,10630186,2.05,1.97,0.02837681,1.43423,699992029.6481038
2026-09-06T05:01:03+00:00,USDGO,USDGO,1.0,1355473671,61,38407313,1.0,0.999876,5.751e-05,0.00575,1355454412.77
2026-09-06T05:01:03+00:00,Falcon USD,USDF,0.996896,1339898430,62,337498,1.002,0.987829,0.00018218,0.01828,1344083107.942925
2026-09-06T05:01:03+00:00,BFUSD,BFUSD,1.0,1320093734,63,728931,1.0,0.999905,7.63e-06,0.00076,1320000000.0
2026-09-06T05:01:03+00:00,Arbitrum,ARB,0.192636,1286802113,64,820040470,0.202894,0.129384,0.0622,47.68677,6678075931.0
2026-09-06T05:01:03+00:00,United Stables,U,0.999238,1276512165,65,113095549,0.999567,0.999045,-0.000116019879741636,-0.01161,1277499107.8
2026-09-06T05:01:03+00:00,Spiko Amundi Overnight Swap Fund (EUR),EURSAFO,1.18,1229005528,66,0.0,1.18,1.18,-0.000101018913284845,-0.00859,1045687476.43203
2026-09-06T05:01:03+00:00,Ethereum Classic,ETC,7.75,1225458810,67,49145878,7.86,7.53,0.198682,2.62966,158077183.4540675
2026-09-06T05:01:03+00:00,Bitway,BTW,0.449287,1217125294,68,10051716,0.467435,0.420418,-0.008345057276607337,-1.82353,2708142280.000001
2026-09-06T05:01:03+00:00,Lighter,LIT,4.83,1206558615,69,68577275,4.86,4.59,0.125702,2.67276,250000000.0
2026-09-06T05:01:03+00:00,Pi Network,PI,0.095558,1064678282,70,4172080,0.096439,0.093722,0.00160821,1.71177,11141680597.248924
2026-09-06T05:01:03+00:00,POL (ex-MATIC),POL,0.099186,1062242710,71,63165201,0.10008,0.093821,0.00476281,5.04411,10709454818.56161
2026-09-06T05:01:03+00:00,Gate,GT,9.28,991270220,72,2824662,9.61,8.48,0.759372,8.90824,106618150.08800311
2026-09-06T05:01:03+00:00,KuCoin,KCS,7.21,989540923,73,2634828,7.3,7.04,0.163889,2.32456,137155021.2773955
2026-09-06T05:01:03+00:00,Blockchain Capital,BCAP,106.22,967888430,75,0.0,106.22,106.22,-1.4211e-14,0.0,9112111.0
2026-09-06T05:01:03+00:00,Dash,DASH,74.92,963333026,74,479905901,73.23,65.21,5.61,8.09587,12828148.09528135
2026-09-06T05:01:03+00:00,Quant,QNT,65.42,951329987,76,14153489,66.28,63.43,1.94,3.05604,14544176.164081175
2026-09-06T05:01:03+00:00,JUST,JST,0.111342,911531353,77,21715534,0.110787,0.107852,0.00340732,3.15684,8188743036.341737
2026-09-06T05:01:03+00:00,Spiko EU T-Bills Money Market Fund,EUTBL,1.23,882559347,78,0.0,1.23,1.23,-0.000105646128462311,-0.00859,718027528.4955
2026-09-06T05:01:03+00:00,Algorand,ALGO,0.094445,853661353,79,37697378,0.097499,0.093179,0.00105583,1.13058,9038985932.3071
2026-09-06T05:01:03+00:00,Kaspa,KAS,0.0307189,850423049,80,9938272,0.03089492,0.02960941,0.0009606,3.22801,27683423155.231007
2026-09-06T05:01:03+00:00,NEXO,NEXO,0.83486,834731784,81,2413560,0.844556,0.832428,-0.009112745986947224,-1.07974,1000000000.0
2026-09-06T05:01:03+00:00,Cosmos Hub,ATOM,1.57,828697700,82,29924327,1.59,1.53,0.02852946,1.856,529116037.986349
2026-09-06T05:01:03+00:00,Venice Token,VVV,17.17,821012633,83,10301907,18.02,17.14,-0.654871989635069,-3.67329,47768455.47506267
2026-09-06T05:01:03+00:00,Janus Henderson Anemoy Treasury Fund,JTRSY,1.12,799656135,84,0.0,1.12,1.12,0.0,0.0,717141156.78007
2026-09-06T05:01:03+00:00,Jupiter,JUP,0.233885,776670550,85,75784538,0.235545,0.216276,0.01707183,7.87398,3320312968.08
2026-09-06T05:01:03+00:00,Invesco Short Duration US Government Securities Fund,USTB,11.2,774870145,86,0.0,11.2,11.2,-1.776e-15,0.0,69181764.436295
2026-09-06T05:01:03+00:00,Render,RENDER,1.48,767094224,87,37268893,1.5,1.45,0.02781411,1.91825,518772101.28269154
2026-09-06T05:01:03+00:00,​​Stable,STABLE,0.02833915,738826721,88,7470038,0.02931973,0.02835784,-0.000469159943638518,-1.62856,26064621056.0
2026-09-06T05:01:03+00:00,PancakeSwap,CAKE,2.24,718728545,89,150428312,2.28,1.96,0.275297,14.01013,320777526.29435
2026-09-06T05:01:03+00:00,Janus Henderson Anemoy AAA CLO Fund,JAAA,1.048,710966727,90,0.0,1.048,1.048,0.0,0.0,678300455.183658
2026-09-06T05:01:03+00:00,GHO,GHO,0.999242,698464018,91,3037516,0.999389,0.999064,1.764e-05,0.00176,699000000.0
2026-09-06T05:01:03+00:00,Filecoin,FIL,0.812888,672197902,92,90209196,0.838778,0.763917,0.04562905,5.94702,826892101.0
2026-09-06T05:01:03+00:00,Beldex,BDX,0.079142,623109575,93,10613138,0.080202,0.078454,0.00027261,0.34565,7870534057.608818
2026-09-06T05:01:03+00:00,Pons,PONS,0.873753,622260745,94,200386067,0.971034,0.681509,0.187689,27.35734,712104762.0614183
2026-09-06T05:01:03+00:00,Official Trump,TRUMP,2.37,620077336,95,258135011,2.45,2.33,0.03694832,1.58579,261880985.28763402
2026-09-06T05:01:03+00:00,VeChain,VET,0.00697525,599793578,96,6366441,0.00706116,0.00685647,9.073e-05,1.31791,85985041177.0
2026-09-06T05:01:03+00:00,Curve DAO,CRV,0.381045,592254039,97,72398437,0.390599,0.350553,0.02898785,8.23386,1554455468.0
2026-09-06T05:01:03+00:00,Flare,FLR,0.00672081,583466536,98,2340542,0.00675921,0.00662956,8.465e-05,1.27555,86818814609.00671
2026-09-06T05:01:03+00:00,Ether.fi,ETHFI,0.586747,566603930,99,47636890,0.600615,0.552999,0.03148189,5.6697,965350000.0
2026-09-06T05:16:01+00:00,Bitcoin,BTC,79823,1602908354077,1,19206737885,80147,79572,258.59,0.325,20080328.0
2026-09-06T05:16:01+00:00,Ethereum,ETH,2503.33,305472245131,2,7923379978,2513.7,2450.96,53.32,2.17617,122023857.56610575
2026-09-06T05:16:01+00:00,Tether,USDT,1.0,183401110298,3,41628470239,1.0,0.999885,-0.000108840034613644,-0.01088,183392383062.09265
2026-09-06T05:16:01+00:00,BNB,BNB,762.35,101516455853,4,2296528363,779.7,722.16,40.04,5.54264,133161906.07
2026-09-06T05:16:01+00:00,XRP,XRP,1.42,88999561128,5,1544000544,1.43,1.4,0.02043244,1.4616,62744504852.0
2026-09-06T05:16:01+00:00,USDC,USDC,0.999987,74622669422,6,9373243838,1.0,0.999905,-1.3508333045253e-05,-0.00135,74623677696.4149
2026-09-06T05:16:01+00:00,Solana,SOL,105.55,61798876504,7,3013827813,106.93,101.85,3.73,3.66342,585445407.7205632
2026-09-06T05:16:01+00:00,TRON,TRX,0.333252,31636769473,8,254963029,0.334692,0.331817,0.00137252,0.41356,94935900212.59479
2026-09-06T05:16:01+00:00,Figure Heloc,FIGR_HELOC,1.055,23516084575,9,343538,1.055,1.004,0.01717332,1.65478,22290650137.398
2026-09-06T05:16:01+00:00,Zcash,ZEC,1149.69,19439442065,9,867004337,1151.57,1000.72,128.39,12.57167,16916382.9780448
2026-09-06T05:16:01+00:00,Hyperliquid,HYPE,86.7,19275937791,10,790362931,86.72,83.97,2.75,3.27921,222445714.07414138
2026-09-06T05:16:01+00:00,Dogecoin,DOGE,0.09044,14087145873,11,1257862529,0.094557,0.084672,0.00570599,6.73403,155796266383.7052
2026-09-06T05:16:01+00:00,Rain,RAIN,0.0171295,12138549169,12,44150267,0.01727553,0.01639345,0.00071971,4.38585,709201338254.8408
2026-09-06T05:16:01+00:00,Monero,XMR,554.84,10437146021,13,110162715,558.76,523.31,23.71,4.4633,18800917.00094777
2026-09-06T05:16:01+00:00,USDS,USDS,0.999718,9815982771,14,103462721,0.999944,0.999538,-7.6189517537295e-05,-0.00762,9818753493.059933
2026-09-06T05:16:01+00:00,Chainlink,LINK,12.15,9088614419,15,431806636,12.44,11.65,0.474901,4.06824,748099970.424884
2026-09-06T05:16:01+00:00,WhiteBIT Coin,WBT,73.64,8686317763,16,42761691,73.91,73.09,0.536245,0.73355,117956019.0
2026-09-06T05:16:01+00:00,LEO Token,LEO,9.33,8583603198,17,118922,9.35,9.22,0.098437,1.06615,919857851.9
2026-09-06T05:16:01+00:00,Cardano,ADA,0.220787,8280699736,18,439599656,0.223606,0.211244,0.01013543,4.81147,37504333228.36598
2026-09-06T05:16:01+00:00,Stellar,XLM,0.185859,6468699969,19,123266240,0.187309,0.18115,0.00504848,2.79214,34802061720.618774
2026-09-06T05:16:01+00:00,Bitcoin Cash,BCH,260.6,5233685046,20,175896841,264.82,248.55,13.17,5.32099,20085284.27165078
2026-09-06T05:16:01+00:00,Dai,DAI,1.0,4599935978,21,213058014,1.0,0.99965,0.00032029,0.03204,4600771345.310015
2026-09-06T05:16:01+00:00,Uniswap,UNI,7.07,4406127681,22,1032775299,7.48,6.17,0.761222,12.06789,623212423.7271129
2026-09-06T05:16:01+00:00,Ethena USDe,USDE,0.999918,4351303969,23,33430090,1.0,0.999742,-1.9039929249343e-05,-0.0019,4351670101.035337
2026-09-06T05:16:01+00:00,Canton,CC,0.10962,4333647074,24,7715931,0.111423,0.107883,0.00167474,1.55148,39537721679.2979
2026-09-06T05:16:01+00:00,USD1,USD1,0.999685,4246786986,25,912396032,0.999779,0.999466,3.888e-05,0.00389,4248045903.898861
2026-09-06T05:16:01+00:00,Litecoin,LTC,54.37,4217615578,26,433869947,55.3,52.79,1.77,3.37432,77576241.8111856
2026-09-06T05:16:01+00:00,Gram (prev. Toncoin),GRAM,1.42,3963902294,27,34754561,1.45,1.4,0.02252785,1.60673,2781873310.9863343
2026-09-06T05:16:01+00:00,Hedera,HBAR,0.081307,3563938883,28,59649766,0.082287,0.079412,0.00216974,2.74176,43831559704.03376
2026-09-06T05:16:01+00:00,Avalanche,AVAX,7.64,3299734879,29,237243217,7.74,7.42,0.236868,3.19895,431771961.1772119
2026-09-06T05:16:01+00:00,Global Dollar,USDG,1.0,3261812044,30,1429653400,1.0,0.999922,-0.000127601369460439,-0.01276,3261716817.69763
2026-09-06T05:16:01+00:00,Sui,SUI,0.79599,3260847867,31,672422109,0.812155,0.770162,0.02814198,3.66504,4096537146.5409594
2026-09-06T05:16:01+00:00,Shiba Inu,SHIB,5.48e-06,3226787860,32,77681140,5.57e-06,5.32e-06,1.88425e-07,3.56339,589239307782558.2
2026-09-06T05:16:01+00:00,PayPal USD,PYUSD,1.0,2935822184,33,49044123,1.0,0.999845,-1.6803087423911e-05,-0.00168,2935798963.4797554
2026-09-06T05:16:01+00:00,NEAR Protocol,NEAR,2.19,2864368116,34,353190993,2.29,2.16,-0.014730759962936713,-0.66692,1305560130.0
2026-09-06T05:16:01+00:00,BlackRock USD Institutional Digital Liquidity Fund,BUIDL,1.0,2832282866,35,0.0,1.0,1.0,0.0,0.0,2832282865.800449
2026-09-06T05:16:01+00:00,Cronos,CRO,0.056921,2762863803,36,4513449,0.057588,0.055755,0.00118158,2.11983,48536985108.378555
2026-09-06T05:16:01+00:00,Tether Gold,XAUT,4424.77,2711674286,37,73842542,4428.45,4423.05,-1.3716247682568792,-0.03099,612823.6595320001
2026-09-06T05:16:01+00:00,Circle USYC,USYC,1.14,2624340328,38,0.0,1.14,1.14,0.0,0.0,2308988052.650666
2026-09-06T05:16:01+00:00,MemeCore,M,1.13,2559525283,39,1387502,1.14,1.11,-0.003587445148269142,-0.31695,2269605809.0641327
2026-09-06T05:16:01+00:00,OKB,OKB,115.06,2416337540,40,36647257,115.96,109.11,5.96,5.45912,21000000.0
2026-09-06T05:16:01+00:00,Ripple USD,RLUSD,0.999904,2406921368,41,68152858,1.0,0.999839,-7.2631202236328e-05,-0.00726,2407151384.647228
2026-09-06T05:16:01+00:00,Bittensor,TAO,237.03,2274806202,42,165984102,240.47,227.02,10.25,4.51827,9597491.0
2026-09-06T05:16:01+00:00,Ondo US Dollar Yield,USDY,1.14,2198693802,43,536665,1.15,1.14,0.00290794,0.25462,1920354240.197115
2026-09-06T05:16:01+00:00,Aster,ASTER,0.802925,2166836015,44,403818115,0.863964,0.728976,0.072266,9.89058,2700010975.2797318
2026-09-06T05:16:01+00:00,Aave,AAVE,134.81,2079812870,45,253174482,139.93,129.17,5.4,4.17633,15427230.857814455
2026-09-06T05:16:01+00:00,Mantle,MNT,0.586319,1936207990,46,15540681,0.589427,0.572461,0.01374527,2.40061,3302294382.53684
2026-09-06T05:16:01+00:00,PAX Gold,PAXG,4431.75,1916744965,47,45553816,4435.4,4429.06,-1.9185855239020384,-0.04327,432503.322051
2026-09-06T05:16:01+00:00,Ondo,ONDO,0.371747,1810446459,48,87672728,0.379775,0.367545,0.00026324,0.07086,4869330647.0
2026-09-06T05:16:01+00:00,World Liberty Financial,WLFI,0.056755,1803779472,49,26894641,0.057586,0.056317,0.00021486,0.38001,31777073694.0
2026-09-06T05:16:01+00:00,Morpho,MORPHO,2.58,1779507207,50,34902026,2.62,2.48,0.07237,2.88214,688646503.9469444
2026-09-06T05:16:01+00:00,Ethena,ENA,0.175036,1766657497,51,778532978,0.188609,0.161871,0.01251273,7.69904,10095312500.0
2026-09-06T05:16:01+00:00,Sky,SKY,0.071188,1666860103,52,6950925,0.071527,0.066888,0.00413484,6.16652,23423614720.891552
2026-09-06T05:16:01+00:00,Polkadot,DOT,0.926918,1576703573,53,117695649,0.933844,0.898595,0.03774882,4.2454,1701427418.909487
2026-09-06T05:16:01+00:00,Pump.fun,PUMP,0.00395137,1561202079,54,227754177,0.00424412,0.0037741,-0.000287168983175349,-6.77519,395337736334.25836
2026-09-06T05:16:01+00:00,Pepe,PEPE,3.63e-06,1525471626,55,236201848,3.69e-06,3.48e-06,1.48565e-07,4.27041,420690000000000.0
2026-09-06T05:16:01+00:00,HTX DAO,HTX,1.68e-06,1510698751,56,22731158,1.69e-06,1.65e-06,2.9979e-08,1.81392,898232728634017.2
2026-09-06T05:16:01+00:00,USDD,USDD,0.998605,1473699446,57,2821072,0.999588,0.997467,0.00016973,0.017,1475757897.0
2026-09-06T05:16:01+00:00,Internet Computer,ICP,2.65,1472678074,58,62302360,2.73,2.59,0.02528442,0.96423,556239596.7186207
2026-09-06T05:16:01+00:00,Worldcoin,WLD,0.396797,1442737759,59,154216225,0.407715,0.388516,0.00784965,2.01818,3636168244.5192747
2026-09-06T05:16:01+00:00,Bitget Token,BGB,2.01,1405925576,60,10852661,2.05,1.98,0.03159391,1.59816,699992029.6481038
2026-09-06T05:16:01+00:00,USDGO,USDGO,1.0,1355440415,61,37490793,1.0,0.999876,6.806e-05,0.00681,1355454412.77
2026-09-06T05:16:01+00:00,Falcon USD,USDF,0.996971,1340011936,62,323066,1.002,0.987829,0.00118653,0.11915,1344083107.942925
2026-09-06T05:16:01+00:00,BFUSD,BFUSD,1.0,1320210611,63,776671,1.0,0.999905,6.993e-05,0.00699,1320000000.0
2026-09-06T05:16:01+00:00,Arbitrum,ARB,0.19237,1285636400,64,828898612,0.202894,0.129384,0.061518,47.0131,6678075931.0
2026-09-06T05:16:01+00:00,United Stables,U,0.999225,1276512668,65,111933371,0.999567,0.999045,-0.000159451474927463,-0.01595,1277499107.8
2026-09-06T05:16:01+00:00,Spiko Amundi Overnight Swap Fund (EUR),EURSAFO,1.18,1229005528,66,0.0,1.18,1.18,-0.00015153488221209,-0.01289,1045687476.43203
2026-09-06T05:16:01+00:00,Ethereum Classic,ETC,7.74,1224404768,67,49530861,7.86,7.56,0.200778,2.66198,158077183.4540675
2026-09-06T05:16:01+00:00,Bitway,BTW,0.449899,1217813051,68,10254325,0.467435,0.420418,-0.004298439148754774,-0.94638,2708142280.000001
2026-09-06T05:16:01+00:00,Lighter,LIT,4.79,1199430844,69,67001407,4.86,4.59,0.091672,1.95114,250000000.0
2026-09-06T05:16:01+00:00,Pi Network,PI,0.095343,1062117948,70,4173501,0.096439,0.093868,0.00154544,1.64763,11141680597.248924
2026-09-06T05:16:01+00:00,POL (ex-MATIC),POL,0.098193,1051952905,71,63458309,0.100267,0.094074,0.0040534,4.30573,10709454818.56161
2026-09-06T05:16:01+00:00,KuCoin,KCS,7.21,988461892,72,2035242,7.3,7.05,0.16012,2.27097,137155021.2773955
2026-09-06T05:16:01+00:00,Gate,GT,9.27,988180736,73,2845232,9.61,8.49,0.746348,8.75786,106618223.24556792
2026-09-06T05:16:01+00:00,Dash,DASH,76.03,974661540,74,491263494,75.72,65.21,6.14,8.78068,12828148.09528135
2026-09-06T05:16:01+00:00,Blockchain Capital,BCAP,106.22,967888430,75,0.0,106.22,106.22,0.0,0.0,9112111.0
2026-09-06T05:16:01+00:00,Quant,QNT,65.39,950889728,76,14143442,66.28,63.66,1.88,2.96307,14544176.164081175
2026-09-06T05:16:01+00:00,JUST,JST,0.111355,911848911,77,22885615,0.111354,0.107975,0.00341603,3.16476,8188743036.341737
2026-09-06T05:16:01+00:00,Spiko EU T-Bills Money Market Fund,EUTBL,1.23,882559347,78,0.0,1.23,1.23,-0.000158476003276453,-0.01289,718027528.4955
2026-09-06T05:16:01+00:00,Algorand,ALGO,0.094346,853176527,79,37711013,0.097499,0.093411,0.00056253,0.59982,9038985932.3071
2026-09-06T05:16:01+00:00,Kaspa,KAS,0.03062649,847980401,80,9907177,0.03089492,0.02993366,0.00092248,3.10559,27683423155.231007
2026-09-06T05:16:01+00:00,NEXO,NEXO,0.834846,834822488,81,2401235,0.844482,0.832428,-0.008341667776442407,-0.9893,1000000000.0
2026-09-06T05:16:01+00:00,Cosmos Hub,ATOM,1.57,829594271,82,29714249,1.59,1.53,0.02610344,1.69317,529116037.986349
2026-09-06T05:16:01+00:00,Venice Token,VVV,17.13,818575664,83,9760264,18.02,17.14,-0.722872927003614,-4.04899,47768455.47506267
2026-09-06T05:16:01+00:00,Janus Henderson Anemoy Treasury Fund,JTRSY,1.12,799656135,84,0.0,1.12,1.12,0.0,0.0,717141156.78007
2026-09-06T05:16:01+00:00,Jupiter,JUP,0.233868,776518243,85,76878188,0.235545,0.216655,0.01719383,7.93535,3320312968.08
2026-09-06T05:16:01+00:00,Invesco Short Duration US Government Securities Fund,USTB,11.2,774870145,86,0.0,11.2,11.2,0.0,0.0,69181764.436295
2026-09-06T05:16:01+00:00,Render,RENDER,1.47,764432869,87,37818451,1.5,1.46,0.02418746,1.66859,518772101.28269154
2026-09-06T05:16:01+00:00,​​Stable,STABLE,0.02837276,739569931,88,7457429,0.02931973,0.02833185,-0.000468673864139294,-1.625,26065375171.0
2026-09-06T05:16:01+00:00,PancakeSwap,CAKE,2.25,721253474,89,151664685,2.28,1.98,0.276136,14.00187,320777526.29435
2026-09-06T05:16:01+00:00,Janus Henderson Anemoy AAA CLO Fund,JAAA,1.048,710966727,90,0.0,1.048,1.048,0.0,0.0,678300455.183658
2026-09-06T05:16:01+00:00,GHO,GHO,0.999284,698499615,91,3037270,0.999388,0.999064,4.298e-05,0.0043,699000000.0
2026-09-06T05:16:01+00:00,Filecoin,FIL,0.809744,669369291,92,90536932,0.838778,0.763917,0.04193236,5.46128,826892684.0
2026-09-06T05:16:01+00:00,Beldex,BDX,0.079116,622689814,93,10613257,0.080202,0.078454,0.00024255,0.30752,7870534425.29475
2026-09-06T05:16:01+00:00,Official Trump,TRUMP,2.36,618510300,94,257114357,2.45,2.33,0.03223828,1.38436,261880985.28763402
2026-09-06T05:16:01+00:00,Pons,PONS,0.858668,612239008,95,198098365,0.971034,0.702622,0.164069,23.62063,712104762.0614183
2026-09-06T05:16:01+00:00,VeChain,VET,0.00696554,598922934,96,6329519,0.00706116,0.00686677,0.00010515,1.53277,85985041177.0
2026-09-06T05:16:01+00:00,Curve DAO,CRV,0.379964,590715008,97,72320088,0.390599,0.355861,0.02893938,8.24425,1554462107.0
2026-09-06T05:16:01+00:00,Flare,FLR,0.00671717,583175876,98,2315536,0.00675921,0.00663126,6.814e-05,1.02485,86818814609.00671
2026-09-06T05:16:01+00:00,Ether.fi,ETHFI,0.590529,569978989,99,48726673,0.600615,0.554261,0.03752328,6.78534,965350000.0
2026-09-06T06:01:02+00:00,Bitcoin,BTC,79952,1605503611936,1,19625272954,80147,79572,365.47,0.45889,20080328.0
2026-09-06T06:01:02+00:00,Ethereum,ETH,2512.13,306535041954,2,8296676412,2513.7,2450.96,61.29,2.5098,122023857.56610575
2026-09-06T06:01:02+00:00,Tether,USDT,1.0,183403354571,3,42763898858,1.0,0.999885,-0.000129225164670066,-0.01346,183392383062.09265
2026-09-06T06:01:02+00:00,BNB,BNB,761.22,101366046700,4,2301356110,779.7,722.16,38.68,5.38225,133161903.4
2026-09-06T06:01:02+00:00,XRP,XRP,1.42,89336166347,5,1573536257,1.43,1.4,0.02481069,1.7603,62744504852.0
2026-09-06T06:01:02+00:00,USDC,USDC,0.99998,74623303663,6,9745075583,1.0,0.999905,-1.767763590399e-05,-0.00168,74623479495.3196
2026-09-06T06:01:02+00:00,Solana,SOL,106.45,62326143431,7,3121301613,106.93,101.85,4.59,4.46208,585445389.4428107
2026-09-06T06:01:02+00:00,TRON,TRX,0.333488,31662878375,8,252872678,0.334692,0.331817,0.00150084,0.43643,94935900212.59479
2026-09-06T06:01:02+00:00,Figure Heloc,FIGR_HELOC,1.055,23516084575,9,343538,1.055,1.004,0.01719682,1.65708,22290650137.398
2026-09-06T06:01:02+00:00,Zcash,ZEC,1164.18,19715235013,9,964637915,1151.57,1000.72,148.06,14.53189,16916382.9780448
2026-09-06T06:01:02+00:00,Hyperliquid,HYPE,86.82,19310659887,10,829195089,86.72,83.97,2.67,3.1486,222445714.07414138
2026-09-06T06:01:02+00:00,Dogecoin,DOGE,0.091459,14250181197,11,1308395041,0.094557,0.084672,0.00677185,7.98864,155799296383.7052
2026-09-06T06:01:02+00:00,Rain,RAIN,0.01718052,12187171721,12,43409073,0.01727553,0.01639345,0.00076732,4.67175,709201338254.8408
2026-09-06T06:01:02+00:00,Monero,XMR,551.41,10364984929,13,112125599,558.76,523.31,22.68,4.40644,18800940.39930919
2026-09-06T06:01:02+00:00,USDS,USDS,0.999715,9817550147,14,107826184,0.999944,0.999538,-9.9477274999926e-05,-0.0104,9820191512.605967
2026-09-06T06:01:02+00:00,Chainlink,LINK,12.28,9188736796,15,446151335,12.44,11.65,0.629361,5.40878,748099970.424884
2026-09-06T06:01:02+00:00,WhiteBIT Coin,WBT,73.65,8687582604,16,44403059,73.91,73.09,0.526678,0.72015,117956019.0
2026-09-06T06:01:02+00:00,LEO Token,LEO,9.33,8582933399,17,118834,9.35,9.22,0.065479,0.70694,919857851.9
2026-09-06T06:01:02+00:00,Cardano,ADA,0.221442,8304828817,18,444582769,0.223606,0.211244,0.01029415,4.83258,37504333228.36598
2026-09-06T06:01:02+00:00,Stellar,XLM,0.187407,6522190685,19,126109461,0.187309,0.18115,0.00623829,3.47212,34802061520.51317
2026-09-06T06:01:02+00:00,Bitcoin Cash,BCH,261.85,5259894134,20,179893060,264.82,248.55,13.25,5.34326,20085284.27165078
2026-09-06T06:01:02+00:00,Dai,DAI,1.0,4600454183,21,223516559,1.0,0.99965,0.00019769,0.01905,4600771345.310015
2026-09-06T06:01:02+00:00,Uniswap,UNI,7.07,4405781680,22,1040357860,7.48,6.17,0.785789,12.62173,623212423.7271129
2026-09-06T06:01:02+00:00,Canton,CC,0.110146,4355086027,23,7686051,0.111423,0.107883,0.00224039,2.07054,39537721679.2979
2026-09-06T06:01:02+00:00,Ethena USDe,USDE,0.999912,4351404829,24,32102543,1.0,0.999742,-6.1457959188438e-05,-0.00621,4351670101.035337
2026-09-06T06:01:02+00:00,USD1,USD1,0.999613,4246475304,25,940159178,0.999779,0.999466,-4.4090611142966e-05,-0.00674,4248045903.897412
2026-09-06T06:01:02+00:00,Litecoin,LTC,54.31,4213417938,26,432504515,55.3,52.79,1.47,2.78477,77576241.8111856
2026-09-06T06:01:02+00:00,Gram (prev. Toncoin),GRAM,1.42,3960817216,27,34899794,1.45,1.4,0.02038155,1.4528,2781886111.0139585
2026-09-06T06:01:02+00:00,Hedera,HBAR,0.081587,3576131191,28,58560087,0.082287,0.079412,0.00201128,2.52478,43831559704.03376
2026-09-06T06:01:02+00:00,Avalanche,AVAX,7.69,3318973073,29,239386295,7.74,7.42,0.272599,3.68866,431771961.1772119
2026-09-06T06:01:02+00:00,Sui,SUI,0.799398,3275156924,30,679872090,0.812155,0.770162,0.0295385,3.83612,4096537146.5409594
2026-09-06T06:01:02+00:00,Global Dollar,USDG,0.99996,3261651132,31,1431755076,1.0,0.999922,-0.000150885065813178,-0.01575,3261716817.69763
2026-09-06T06:01:02+00:00,Shiba Inu,SHIB,5.49e-06,3238040581,32,76384376,5.57e-06,5.32e-06,1.7387e-07,3.18881,589239307782558.2
2026-09-06T06:01:02+00:00,PayPal USD,PYUSD,1.0,2935850743,33,48961681,1.0,0.999845,-3.7806191879763e-05,-0.00427,2935798963.4797554
2026-09-06T06:01:02+00:00,NEAR Protocol,NEAR,2.21,2886870822,34,377040469,2.29,2.16,-0.020861895871635117,-0.87871,1305560117.0
2026-09-06T06:01:02+00:00,BlackRock USD Institutional Digital Liquidity Fund,BUIDL,1.0,2832282866,35,0.0,1.0,1.0,1.11e-16,0.0,2832282865.800449
2026-09-06T06:01:02+00:00,Cronos,CRO,0.057298,2780904847,36,4647744,0.057588,0.055755,0.001515,2.68385,48537031194.278564
2026-09-06T06:01:02+00:00,Tether Gold,XAUT,4425.88,2712333065,37,73016715,4428.45,4423.05,-2.1332904711089213,-0.04581,612823.6595320001
2026-09-06T06:01:02+00:00,Circle USYC,USYC,1.14,2624340328,38,0.0,1.14,1.14,0.0,0.0,2308988052.650666
2026-09-06T06:01:02+00:00,MemeCore,M,1.13,2555271104,39,1419255,1.14,1.11,-0.002081330841336548,-0.14699,2269605809.0641327
2026-09-06T06:01:02+00:00,OKB,OKB,115.26,2420336158,40,36996577,115.96,109.11,5.97,5.47792,21000000.0
2026-09-06T06:01:02+00:00,Ripple USD,RLUSD,0.999971,2407156688,41,67270173,1.0,0.999839,-4.2814540570424e-05,-0.00276,2407151384.647227
2026-09-06T06:01:02+00:00,Bittensor,TAO,238.41,2288566217,42,168656951,240.47,227.02,11.04,4.84901,9597491.0
2026-09-06T06:01:02+00:00,Ondo US Dollar Yield,USDY,1.15,2198891779,43,539579,1.15,1.14,0.00130051,0.53978,1920354240.197115
2026-09-06T06:01:02+00:00,Aster,ASTER,0.792305,2139392381,44,403024055,0.863964,0.728976,0.063009,8.62146,2700010975.2797318
2026-09-06T06:01:02+00:00,Aave,AAVE,136.75,2109800861,45,262026217,139.93,129.17,7.26,5.70253,15427230.857814455
2026-09-06T06:01:02+00:00,Mantle,MNT,0.588054,1941946761,46,15429115,0.589427,0.572461,0.01498505,2.63542,3302294382.53684
2026-09-06T06:01:02+00:00,PAX Gold,PAXG,4432.81,1917234674,47,45256685,4435.4,4429.06,-0.6758593109443609,-0.01923,432503.322051
2026-09-06T06:01:02+00:00,Ondo,ONDO,0.376441,1832747715,48,87801605,0.379775,0.367545,0.00351366,0.89817,4869330647.0
2026-09-06T06:01:02+00:00,World Liberty Financial,WLFI,0.056857,1806015871,49,26938027,0.057586,0.056317,0.00022021,0.36719,31777073694.0
2026-09-06T06:01:02+00:00,Morpho,MORPHO,2.57,1771842734,50,37772889,2.62,2.48,0.074802,2.95026,688647545.8220654
2026-09-06T06:01:02+00:00,Ethena,ENA,0.174906,1764756389,51,796638838,0.188609,0.161871,0.01192226,7.27362,10095312500.0
2026-09-06T06:01:02+00:00,Sky,SKY,0.070929,1661699619,52,6982247,0.071527,0.066888,0.003487,5.23529,23423614720.891552
2026-09-06T06:01:02+00:00,Polkadot,DOT,0.932255,1586138903,53,118539117,0.933844,0.898595,0.03078911,3.29646,1701453153.559643
2026-09-06T06:01:02+00:00,Pump.fun,PUMP,0.00394444,1559948927,54,225253245,0.00424412,0.0037741,-0.000241529292004445,-5.78602,395333381090.2928
2026-09-06T06:01:02+00:00,Pepe,PEPE,3.65e-06,1536458851,55,234285912,3.69e-06,3.48e-06,1.69477e-07,4.76877,420690000000000.0
2026-09-06T06:01:02+00:00,HTX DAO,HTX,1.68e-06,1510695131,56,22712263,1.69e-06,1.65e-06,2.9186e-08,1.76287,898232728634017.2
2026-09-06T06:01:02+00:00,Internet Computer,ICP,2.65,1476275399,57,60926555,2.73,2.59,0.02588296,0.9112,556239596.7186207
2026-09-06T06:01:02+00:00,USDD,USDD,0.999001,1473839381,58,2855607,0.999588,0.997467,0.00071079,0.03137,1475292305.0
2026-09-06T06:01:02+00:00,Worldcoin,WLD,0.400671,1456987005,59,150934407,0.407715,0.388516,0.01194544,3.05476,3636169851.39714
2026-09-06T06:01:02+00:00,Bitget Token,BGB,2.01,1407510040,60,11035340,2.05,1.98,0.03395155,1.70227,699992029.6481038
2026-09-06T06:01:02+00:00,USDGO,USDGO,0.999926,1355394647,61,35810705,1.0,0.999876,-0.000117407920076973,0.00049,1355454412.77
2026-09-06T06:01:02+00:00,Falcon USD,USDF,0.997207,1340675772,62,307665,1.002,0.987829,0.00064354,0.04129,1344083107.942925
2026-09-06T06:01:02+00:00,BFUSD,BFUSD,1.0,1320219740,63,1034097,1.0,0.999905,-6.1434826210682e-05,-0.00665,1320000000.0
2026-09-06T06:01:02+00:00,Arbitrum,ARB,0.193987,1295881379,64,861428247,0.202894,0.129384,0.063039,47.94441,6678075931.0
2026-09-06T06:01:02+00:00,United Stables,U,0.999232,1276537055,65,114177939,0.999567,0.999045,-0.000176944211696339,-0.00953,1277499107.8
2026-09-06T06:01:02+00:00,Ethereum Classic,ETC,7.81,1235198252,66,50706370,7.86,7.56,0.23192,3.06769,158077929.4380675
2026-09-06T06:01:02+00:00,Spiko Amundi Overnight Swap Fund (EUR),EURSAFO,1.18,1229005528,67,0.0,1.18,1.18,-0.00015153488221209,-0.01289,1045687476.43203
2026-09-06T06:01:02+00:00,Bitway,BTW,0.44979,1217774248,68,10264624,0.467435,0.420418,-0.002217770175419909,-0.51425,2708142280.000001
2026-09-06T06:01:02+00:00,Lighter,LIT,4.74,1184774316,69,66607195,4.86,4.59,0.02991428,0.73856,250000000.0
2026-09-06T06:01:02+00:00,Pi Network,PI,0.095501,1064525399,70,4225927,0.096439,0.093868,0.00160433,1.71567,11141680597.248924
2026-09-06T06:01:02+00:00,POL (ex-MATIC),POL,0.098259,1052301652,71,66386681,0.100267,0.094074,0.00408779,4.40903,10709454818.56161
2026-09-06T06:01:02+00:00,KuCoin,KCS,7.23,991101768,73,2660705,7.3,7.05,0.175263,2.42188,137155021.2773955
2026-09-06T06:01:02+00:00,Dash,DASH,77.26,987651582,72,492765017,75.72,65.21,5.86,8.61807,12828148.09528135
2026-09-06T06:01:02+00:00,Gate,GT,9.13,974302533,75,2963466,9.61,8.49,0.637062,7.35502,106618257.16617921
2026-09-06T06:01:02+00:00,Quant,QNT,66.98,974247366,74,15183096,66.28,63.66,3.29,5.15459,14544176.164081175
2026-09-06T06:01:02+00:00,Blockchain Capital,BCAP,106.22,967888430,76,0.0,106.22,106.22,0.0,0.0,9112111.0
2026-09-06T06:01:02+00:00,JUST,JST,0.110878,907968008,77,23951735,0.111354,0.107975,0.00288661,2.64114,8188743036.341737
2026-09-06T06:01:02+00:00,Spiko EU T-Bills Money Market Fund,EUTBL,1.23,882559347,78,0.0,1.23,1.23,-0.000158476003276453,-0.01289,718027528.4955
2026-09-06T06:01:02+00:00,Algorand,ALGO,0.094883,858461381,79,37795563,0.097499,0.093411,0.00138062,1.61922,9038985932.3071
2026-09-06T06:01:02+00:00,Kaspa,KAS,0.03059968,847447959,80,9691061,0.03089492,0.02993366,0.00066717,2.21081,27683423155.231007
2026-09-06T06:01:02+00:00,NEXO,NEXO,0.834532,834467053,81,2485905,0.844482,0.832428,-0.001268571965003074,-0.19742,1000000000.0
2026-09-06T06:01:02+00:00,Cosmos Hub,ATOM,1.57,832782876,82,29247195,1.59,1.53,0.03576819,2.29362,529129278.187947
2026-09-06T06:01:02+00:00,Venice Token,VVV,17.19,821248175,83,10651944,18.02,17.14,-0.5881764566413459,-3.31881,47768744.50981666
2026-09-06T06:01:02+00:00,Janus Henderson Anemoy Treasury Fund,JTRSY,1.12,799656135,84,0.0,1.12,1.12,0.0,0.0,717141156.78007
2026-09-06T06:01:02+00:00,Invesco Short Duration US Government Securities Fund,USTB,11.2,774870145,85,0.0,11.2,11.2,0.0,0.0,69181764.436295
2026-09-06T06:01:02+00:00,Render,RENDER,1.49,770926523,86,37208455,1.5,1.46,0.01241223,0.7334,518772101.28269154
2026-09-06T06:01:02+00:00,Jupiter,JUP,0.231324,768309412,87,80125116,0.235545,0.216655,0.01464722,6.73184,3320312968.08
2026-09-06T06:01:02+00:00,​​Stable,STABLE,0.02836028,739064961,88,7457758,0.02931973,0.02833185,-0.000600817350017258,-2.2203,26066269547.0
2026-09-06T06:01:02+00:00,PancakeSwap,CAKE,2.26,725780390,89,152958440,2.28,1.98,0.278413,14.07677,320777526.29435
2026-09-06T06:01:02+00:00,Janus Henderson Anemoy AAA CLO Fund,JAAA,1.048,710966727,90,0.0,1.048,1.048,0.0,0.0,678300455.183658
2026-09-06T06:01:02+00:00,GHO,GHO,0.999287,698513568,91,3024057,0.999388,0.999064,-9.6643693446197e-05,-0.01016,699000000.0
2026-09-06T06:01:02+00:00,Filecoin,FIL,0.808256,668272041,92,90867015,0.838778,0.763917,0.04177769,5.45998,826893206.0
2026-09-06T06:01:02+00:00,Pons,PONS,0.869686,627141781,95,207017832,0.971034,0.702622,0.164763,22.71182,712104762.0614183
2026-09-06T06:01:02+00:00,Official Trump,TRUMP,2.39,624638804,93,263915049,2.45,2.33,0.052785,2.26325,261880985.28763402
2026-09-06T06:01:02+00:00,Beldex,BDX,0.079206,623637584,94,10643155,0.080202,0.078454,0.00028292,0.34365,7870534817.91543
2026-09-06T06:01:02+00:00,VeChain,VET,0.00699886,602038566,96,6366858,0.00706116,0.00686677,9.161e-05,1.3069,85985041177.0
2026-09-06T06:01:02+00:00,Curve DAO,CRV,0.380241,591115856,97,71952493,0.390599,0.355861,0.02329295,6.57024,1554462107.0
2026-09-06T06:01:02+00:00,Flare,FLR,0.00659948,572784806,98,2884126,0.00675921,0.00663126,-6.7466575507128e-05,-0.99973,86818814609.00671
2026-09-06T06:01:02+00:00,Ether.fi,ETHFI,0.587946,567695486,99,48559948,0.600615,0.554261,0.03363222,6.08579,965350000.0
2026-09-06T07:01:05+00:00,Bitcoin,BTC,79764,1601673348700,1,19575317777,80147,79572,105.77,0.13877,20080328.0
2026-09-06T07:01:05+00:00,Ethereum,ETH,2506.34,305826345222,2,8317345440,2521.39,2451.62,52.63,2.13247,122023857.56610575
2026-09-06T07:01:05+00:00,Tether,USDT,1.0,183404505112,3,42957496282,1.0,0.999885,-9.9688265846387e-05,-0.01089,183392383062.09265
2026-09-06T07:01:05+00:00,BNB,BNB,760.4,101255949260,4,2337497877,779.7,726.61,33.26,4.61706,133161897.37
2026-09-06T07:01:05+00:00,XRP,XRP,1.42,89015325628,5,1556500410,1.43,1.4,0.01511642,1.07028,62744504852.0
2026-09-06T07:01:05+00:00,USDC,USDC,1.0,74620090242,6,9883310949,1.0,0.999905,1.032e-05,0.00023,74619902108.05882
2026-09-06T07:01:05+00:00,Solana,SOL,105.38,61697148156,7,3152600504,106.93,102.13,3.08,3.06292,585445374.3465432
2026-09-06T07:01:05+00:00,TRON,TRX,0.333909,31699349064,8,254359895,0.334692,0.331817,0.00115477,0.33652,94935900212.59479
2026-09-06T07:01:05+00:00,Figure Heloc,FIGR_HELOC,1.055,23516084575,9,343538,1.055,1.004,0.01652277,1.59108,22290650137.398
2026-09-06T07:01:05+00:00,Zcash,ZEC,1181.2,19988400254,9,1024447585,1184.28,1000.72,165.24,16.1499,16916382.9780448
2026-09-06T07:01:05+00:00,Hyperliquid,HYPE,86.3,19198156483,10,888723846,87.28,84.28,2.0,2.41848,222445714.07414138
2026-09-06T07:01:05+00:00,Dogecoin,DOGE,0.091153,14201496147,11,1321393807,0.094557,0.085502,0.00557372,6.54249,155799596383.70523
2026-09-06T07:01:05+00:00,Rain,RAIN,0.01714143,12162333919,12,32966086,0.01727553,0.01639345,0.00070199,4.33989,709201338254.8408
2026-09-06T07:01:05+00:00,Monero,XMR,550.33,10346110971,13,112882388,558.79,523.31,17.79,3.47319,18800965.5993092
2026-09-06T07:01:05+00:00,USDS,USDS,0.999647,9816653135,14,101527345,0.999944,0.999538,-0.000154073370410956,-0.01683,9820191512.605967
2026-09-06T07:01:05+00:00,Chainlink,LINK,12.25,9164235157,15,447224859,12.44,11.71,0.534491,4.56208,748099970.424884
2026-09-06T07:01:05+00:00,WhiteBIT Coin,WBT,73.57,8676850586,16,44783196,73.97,73.09,0.385668,0.53837,117956019.0
2026-09-06T07:01:05+00:00,LEO Token,LEO,9.33,8582979274,17,118178,9.35,9.22,0.093175,1.00903,919857851.9
2026-09-06T07:01:05+00:00,Cardano,ADA,0.220178,8257520089,18,438671544,0.223606,0.212574,0.00693292,3.27162,37504333228.36598
2026-09-06T07:01:05+00:00,Stellar,XLM,0.186255,6482126854,19,123861584,0.187532,0.181825,0.00326727,1.69376,34802061415.44399
2026-09-06T07:01:05+00:00,Bitcoin Cash,BCH,261.33,5248650844,20,179662153,264.82,248.61,10.2,4.05727,20085284.27165078
2026-09-06T07:01:05+00:00,Dai,DAI,1.0,4600192348,21,225434447,1.0,0.99965,0.00032372,0.01186,4600023540.506403
2026-09-06T07:01:05+00:00,Uniswap,UNI,7.09,4415758204,22,1050555577,7.48,6.17,0.801762,12.95517,623212423.7271129
2026-09-06T07:01:05+00:00,Ethena USDe,USDE,0.999944,4351431115,23,32878545,1.0,0.999742,-4.3897805682591e-05,-0.00218,4351670101.035337
2026-09-06T07:01:05+00:00,Canton,CC,0.11004,4350699728,24,7647708,0.111423,0.107965,0.00170911,1.58681,39537721679.2979
2026-09-06T07:01:05+00:00,USD1,USD1,0.999612,4246351161,25,945785325,0.999779,0.999466,-2.8501928008628e-05,-0.00401,4248045903.897412
2026-09-06T07:01:05+00:00,Litecoin,LTC,54.28,4211322405,26,414216483,55.3,52.82,0.677022,1.24529,77576241.8111856
2026-09-06T07:01:05+00:00,Gram (prev. Toncoin),GRAM,1.42,3946680612,27,33926405,1.45,1.42,0.00131478,0.05525,2781897031.9073586
2026-09-06T07:01:05+00:00,Hedera,HBAR,0.081055,3552438450,28,57065421,0.082287,0.079412,0.00132919,1.55355,43831559704.07676
2026-09-06T07:01:05+00:00,Avalanche,AVAX,7.66,3307566244,29,224812090,7.74,7.46,0.203043,2.67546,431771961.1772119
2026-09-06T07:01:05+00:00,Global Dollar,USDG,0.999979,3262597332,30,1429631030,1.0,0.999922,-0.000118167215703124,-0.01517,3262594683.817661
2026-09-06T07:01:05+00:00,Sui,SUI,0.795991,3260908864,31,663579254,0.812155,0.780061,0.01444587,1.83384,4096537146.5409594
2026-09-06T07:01:05+00:00,Shiba Inu,SHIB,5.47e-06,3226080925,32,68876451,5.57e-06,5.38e-06,7.4643e-08,1.33267,589239307782558.2
2026-09-06T07:01:05+00:00,NEAR Protocol,NEAR,2.26,2954044684,33,369500613,2.29,2.16,-0.009709743910029545,-0.47227,1305560106.0
2026-09-06T07:01:05+00:00,PayPal USD,PYUSD,0.999964,2935686735,34,49745059,1.0,0.999845,-7.7084997735732e-05,-0.0074,2935798963.4797554
2026-09-06T07:01:05+00:00,BlackRock USD Institutional Digital Liquidity Fund,BUIDL,1.0,2832282866,35,0.0,1.0,1.0,0.0,0.0,2832282865.800449
2026-09-06T07:01:05+00:00,Cronos,CRO,0.056902,2761923957,36,4668183,0.057588,0.055899,0.00092435,1.64916,48537070799.417404
2026-09-06T07:01:05+00:00,Tether Gold,XAUT,4424.64,2711501206,37,73785663,4428.45,4423.05,-2.943238446894611,-0.06103,612823.6595320001
2026-09-06T07:01:05+00:00,Circle USYC,USYC,1.14,2624340328,38,0.0,1.14,1.14,0.0,0.0,2308988052.650666
2026-09-06T07:01:05+00:00,MemeCore,M,1.13,2564211588,39,1506643,1.13,1.11,-0.003755160411606839,-0.4442,2269621258.790504
2026-09-06T07:01:05+00:00,Ripple USD,RLUSD,0.999975,2407087220,40,64618656,1.0,0.99982,-9.1584188010918e-05,-0.01191,2407151384.647227
2026-09-06T07:01:05+00:00,OKB,OKB,114.24,2398945262,41,37277746,115.96,109.47,4.44,4.07028,21000000.0
2026-09-06T07:01:05+00:00,Bittensor,TAO,236.23,2268294702,42,156969190,240.47,232.43,0.242326,-0.3584,9597491.0
2026-09-06T07:01:05+00:00,Ondo US Dollar Yield,USDY,1.14,2190773217,43,2013144,1.15,1.14,-0.000185963128070954,-0.3079,1920354245.654197
2026-09-06T07:01:05+00:00,Aster,ASTER,0.787838,2127312214,44,400905587,0.863964,0.728976,0.057919,7.90463,2700010975.2797318
2026-09-06T07:01:05+00:00,Aave,AAVE,135.8,2095126512,45,261252358,139.93,129.42,5.65,4.35357,15427230.888354236
2026-09-06T07:01:05+00:00,Mantle,MNT,0.593355,1960187761,46,16949988,0.589427,0.572655,0.01853863,3.22528,3302294382.53684
2026-09-06T07:01:05+00:00,PAX Gold,PAXG,4431.49,1916577295,47,45287647,4435.4,4429.06,-2.75062316718504,-0.06086,432503.322051
2026-09-06T07:01:05+00:00,Ondo,ONDO,0.375188,1827034028,48,85386320,0.379775,0.367545,0.00193903,0.49821,4869330647.0
2026-09-06T07:01:05+00:00,World Liberty Financial,WLFI,0.056929,1809095574,49,27167070,0.057586,0.056317,9.787e-05,0.19954,31777073694.0
2026-09-06T07:01:05+00:00,Ethena,ENA,0.175386,1771253032,50,785981083,0.188609,0.161871,0.00949955,5.78279,10095312500.0
2026-09-06T07:01:05+00:00,Morpho,MORPHO,2.53,1742257086,51,37748136,2.62,2.48,0.02243247,0.93123,688648256.1104627
2026-09-06T07:01:05+00:00,Sky,SKY,0.070257,1645896163,52,7319991,0.071527,0.066888,0.00259766,3.84708,23423568491.547657
2026-09-06T07:01:05+00:00,Polkadot,DOT,0.938848,1596906931,53,117709287,0.933844,0.898595,0.02543987,2.89856,1701453153.559643
2026-09-06T07:01:05+00:00,Pump.fun,PUMP,0.00395911,1564158632,54,234821401,0.00424412,0.0037741,-0.000219800139922295,-5.24772,395333381090.2928
2026-09-06T07:01:05+00:00,Pepe,PEPE,3.64e-06,1529569214,55,232448491,3.69e-06,3.5e-06,1.20958e-07,3.41744,420690000000000.0
2026-09-06T07:01:05+00:00,HTX DAO,HTX,1.68e-06,1511771540,56,24582935,1.69e-06,1.65e-06,3.0556e-08,1.93459,898232728634017.2
2026-09-06T07:01:05+00:00,Internet Computer,ICP,2.65,1472788256,57,56236701,2.73,2.59,-0.053951012038028434,-2.03211,556239770.2446617
2026-09-06T07:01:05+00:00,USDD,USDD,0.998098,1472161110,58,2864610,0.999588,0.997467,-0.000441409520755665,-0.04032,1474967531.0
2026-09-06T07:01:05+00:00,Worldcoin,WLD,0.401671,1460666301,59,148680153,0.407715,0.391688,0.00851279,2.11785,3636169851.39714
2026-09-06T07:01:05+00:00,Bitget Token,BGB,2.01,1408679067,60,11039575,2.05,1.98,0.03219573,1.66266,699992029.6481038
2026-09-06T07:01:05+00:00,USDGO,USDGO,0.999899,1355318401,61,38217012,1.0,0.999876,-6.8269743158211e-05,-0.00308,1355454412.77
2026-09-06T07:01:05+00:00,Falcon USD,USDF,0.997669,1340854782,62,299886,1.003,0.987829,0.00111536,0.11516,1344083107.942925
2026-09-06T07:01:05+00:00,BFUSD,BFUSD,1.0,1320017105,63,1178747,1.0,0.999905,-0.000189505449139649,-0.00986,1320000000.0
2026-09-06T07:01:05+00:00,Arbitrum,ARB,0.193925,1296017501,64,877780979,0.202894,0.131454,0.060136,45.29206,6678075931.0
2026-09-06T07:01:05+00:00,United Stables,U,0.999318,1276530822,65,117217593,0.999567,0.999045,-9.359440388812e-05,-0.02037,1277499107.8
2026-09-06T07:01:05+00:00,Ethereum Classic,ETC,7.79,1230596140,66,50050930,7.86,7.64,0.071627,0.81648,158078289.2716675
2026-09-06T07:01:05+00:00,Spiko Amundi Overnight Swap Fund (EUR),EURSAFO,1.18,1229005528,67,0.0,1.18,1.18,0.0,0.0,1045687476.43203
2026-09-06T07:01:05+00:00,Bitway,BTW,0.449991,1218866542,68,10314543,0.467435,0.420418,0.00396464,0.7903,2708142280.000001
2026-09-06T07:01:05+00:00,Lighter,LIT,4.67,1165572848,69,64387686,4.86,4.59,0.03287169,0.86325,250000000.0
2026-09-06T07:01:05+00:00,Pi Network,PI,0.09561,1065517412,70,4300559,0.096439,0.094197,0.00136008,1.53722,11141680597.248924
2026-09-06T07:01:05+00:00,POL (ex-MATIC),POL,0.098453,1053957408,71,65632157,0.100267,0.094323,0.00329883,3.46213,10709454818.56161
2026-09-06T07:01:05+00:00,KuCoin,KCS,7.19,986802852,72,2758334,7.3,7.06,0.131503,1.83379,137155021.2773955
2026-09-06T07:01:05+00:00,Gate,GT,9.19,979953034,73,3064211,9.61,8.51,0.683509,7.97917,106618293.96153831
2026-09-06T07:01:05+00:00,Blockchain Capital,BCAP,106.22,967888430,74,0.0,106.22,106.22,0.0,0.0,9112111.0
2026-09-06T07:01:05+00:00,Quant,QNT,66.33,964676578,75,15317970,67.11,63.69,2.35,3.70169,14544176.164081175
2026-09-06T07:01:05+00:00,Dash,DASH,74.17,951981988,76,460759188,78.31,65.21,2.86,4.24843,12828532.44439328
2026-09-06T07:01:05+00:00,JUST,JST,0.110924,908427371,77,23961338,0.111373,0.108135,0.00234382,2.13021,8188743036.341737
2026-09-06T07:01:05+00:00,Spiko EU T-Bills Money Market Fund,EUTBL,1.23,882559347,78,0.0,1.23,1.23,0.0,0.0,718027528.4955
2026-09-06T07:01:05+00:00,Algorand,ALGO,0.094247,852114011,79,37652059,0.097499,0.093411,3.327e-05,0.00691,9038985932.3071
2026-09-06T07:01:05+00:00,Kaspa,KAS,0.03030496,838710849,80,9336705,0.03089492,0.02995335,-0.000201158340457551,-0.40949,27683423155.231007
2026-09-06T07:01:05+00:00,Cosmos Hub,ATOM,1.58,835778156,81,29308949,1.59,1.53,0.02433271,1.45174,529137445.773589
2026-09-06T07:01:05+00:00,NEXO,NEXO,0.833349,833294596,82,2558814,0.844482,0.831084,-0.001715855136892763,-0.23242,1000000000.0
2026-09-06T07:01:05+00:00,Venice Token,VVV,17.07,815696215,83,10652877,18.02,17.12,-0.6617941319658911,-3.71949,47768744.50981666
2026-09-06T07:01:05+00:00,Jupiter,JUP,0.241128,799990959,84,89050372,0.235545,0.217955,0.0225174,10.13507,3320312968.08
2026-09-06T07:01:05+00:00,Janus Henderson Anemoy Treasury Fund,JTRSY,1.12,799656135,85,0.0,1.12,1.12,0.0,0.0,717141156.78007
2026-09-06T07:01:05+00:00,Invesco Short Duration US Government Securities Fund,USTB,11.2,774870145,86,0.0,11.2,11.2,1.776e-15,0.0,69181764.436295
2026-09-06T07:01:05+00:00,Render,RENDER,1.48,767908419,87,36059369,1.5,1.46,-0.010525728212475105,-0.88649,518772101.28269154
2026-09-06T07:01:05+00:00,​​Stable,STABLE,0.02837549,739868264,88,7504125,0.02931973,0.02833185,-0.00085242904266369,-2.81825,26067431412.0
2026-09-06T07:01:05+00:00,PancakeSwap,CAKE,2.26,726538325,89,154147581,2.28,1.99,0.265421,13.33636,320777531.4482472
2026-09-06T07:01:05+00:00,Janus Henderson Anemoy AAA CLO Fund,JAAA,1.048,710966727,90,0.0,1.048,1.048,0.0,0.0,678300455.183658
2026-09-06T07:01:05+00:00,GHO,GHO,0.999253,698478283,91,3044169,0.999384,0.999064,1.419e-05,0.00064,699000000.0
2026-09-06T07:01:05+00:00,Filecoin,FIL,0.80512,665721785,92,92079553,0.838778,0.763917,0.0332714,4.35035,826893461.0
2026-09-06T07:01:05+00:00,Pons,PONS,0.884978,631194101,93,211977148,0.971034,0.737799,0.147179,19.80435,712104762.0614183
2026-09-06T07:01:05+00:00,Official Trump,TRUMP,2.38,623017294,94,234978665,2.45,2.35,-0.016201817207073255,-0.74059,261880985.28763402
2026-09-06T07:01:05+00:00,Beldex,BDX,0.07837,616771988,95,11403922,0.080202,0.078454,-0.000819975717618479,-1.03095,7870534485.501457
2026-09-06T07:01:05+00:00,VeChain,VET,0.00698731,600538870,96,5922137,0.00706116,0.00686677,1.35e-06,-0.02087,85985041177.0
2026-09-06T07:01:05+00:00,Curve DAO,CRV,0.376457,585201202,97,74238783,0.390599,0.355959,0.01801365,4.8951,1554466214.0
2026-09-06T07:01:05+00:00,Flare,FLR,0.00662306,575023535,98,2770672,0.00680387,0.00659121,-6.5975703942862e-05,-0.99604,86818814609.00671
2026-09-06T07:01:05+00:00,Ether.fi,ETHFI,0.57821,558110217,99,45135611,0.600615,0.55484,0.01889962,3.25575,965350000.0
2026-09-06T08:01:00+00:00,Bitcoin,BTC,79826,1602899198845,1,19721152504,80147,79572,114.13,0.14318,20080328.0
2026-09-06T08:01:00+00:00,Ethereum,ETH,2496.6,304642219360,2,8524405987,2521.39,2451.62,39.11,1.5916,122023857.56610575
2026-09-06T08:01:00+00:00,Tether,USDT,1.0,183396526832,3,43321506842,1.0,0.999885,-8.6938367244382e-05,-0.00869,183392383062.09265
2026-09-06T08:01:00+00:00,BNB,BNB,756.63,100758825057,4,2256151767,779.7,738.26,18.29,2.4773,133161889.94
2026-09-06T08:01:00+00:00,XRP,XRP,1.42,88949193520,5,1564371657,1.43,1.4,0.0131035,0.93295,62744504852.0
2026-09-06T08:01:00+00:00,USDC,USDC,0.999969,74608305635,6,10009785689,1.0,0.999905,-1.2858024834639e-05,-0.00129,74610672937.63672
2026-09-06T08:01:00+00:00,Solana,SOL,105.26,61623252321,7,3233145490,106.93,102.13,3.04,2.9694,585445327.4054431
2026-09-06T08:01:00+00:00,TRON,TRX,0.333624,31676657052,8,219421888,0.334692,0.331817,0.00095745,0.28781,94935900212.59479
2026-09-06T08:01:00+00:00,Figure Heloc,FIGR_HELOC,1.055,23516084575,9,343538,1.055,1.004,0.01646157,1.58511,22290650137.398
2026-09-06T08:01:00+00:00,Zcash,ZEC,1162.76,19656344703,9,1020804873,1184.28,1000.72,161.0,16.07124,16916382.9780448
2026-09-06T08:01:00+00:00,Hyperliquid,HYPE,86.49,19240802938,10,914724265,87.28,84.42,1.93,2.28401,222445714.07414138
2026-09-06T08:01:00+00:00,Dogecoin,DOGE,0.090934,14168160449,11,1333319737,0.094557,0.085502,0.00519324,6.05694,155799596383.70523
2026-09-06T08:01:00+00:00,Rain,RAIN,0.01709314,12124358885,12,42617882,0.01727553,0.01639345,0.00064951,3.94989,709201338254.8408
2026-09-06T08:01:00+00:00,Monero,XMR,547.27,10287713744,13,114895368,558.79,523.31,17.29,3.26194,18800965.5993092
2026-09-06T08:01:00+00:00,USDS,USDS,0.999591,9821312204,14,90451247,0.999944,0.999501,-0.000111453600202704,-0.01115,9825294387.391441
2026-09-06T08:01:00+00:00,Chainlink,LINK,12.22,9141685456,15,448958061,12.44,11.72,0.479314,4.08242,748099970.424884
2026-09-06T08:01:00+00:00,WhiteBIT Coin,WBT,73.55,8675795827,16,45608217,73.97,73.09,0.298939,0.4081,117956019.0
2026-09-06T08:01:00+00:00,LEO Token,LEO,9.33,8583247839,17,118166,9.35,9.22,0.089064,0.96369,919857851.9
2026-09-06T08:01:00+00:00,Cardano,ADA,0.219134,8221246281,18,441021447,0.223606,0.212574,0.00538511,2.51936,37504333228.36598
2026-09-06T08:01:00+00:00,Stellar,XLM,0.185633,6461243036,19,126403662,0.187637,0.181825,0.00330146,1.81069,34802060914.059494
2026-09-06T08:01:00+00:00,Bitcoin Cash,BCH,259.42,5212270556,20,179332442,264.82,248.61,7.05,2.79502,20085324.89665078
2026-09-06T08:01:00+00:00,Dai,DAI,0.999995,4600525847,21,228026249,1.0,0.99965,0.00024501,0.02451,4600541548.821341
2026-09-06T08:01:00+00:00,Ethena USDe,USDE,0.999869,4351119224,22,32297682,1.0,0.999742,-3.738831657385e-05,-0.00374,4351670101.035337
2026-09-06T08:01:00+00:00,Canton,CC,0.109786,4340526648,23,7676213,0.111423,0.107965,0.00100372,0.92269,39537721679.2979
2026-09-06T08:01:00+00:00,Uniswap,UNI,6.94,4328264019,24,1085860892,7.48,6.17,0.729281,11.74962,623212423.7271129
2026-09-06T08:01:00+00:00,USD1,USD1,0.999671,4246598081,25,950184996,0.999779,0.999466,0.00010361,0.01037,4248045903.897356
2026-09-06T08:01:00+00:00,Litecoin,LTC,53.9,4175950893,26,388843840,55.3,52.82,0.144729,0.26925,77576241.8111856
2026-09-06T08:01:00+00:00,Gram (prev. Toncoin),GRAM,1.42,3948209985,27,34005457,1.45,1.42,0.00014477,0.0102,2781933095.3343825
2026-09-06T08:01:00+00:00,Hedera,HBAR,0.081105,3555125337,28,56292728,0.082287,0.079412,0.0013441,1.68516,43831559704.11971
2026-09-06T08:01:00+00:00,Avalanche,AVAX,7.65,3304961375,29,222838354,7.74,7.47,0.163348,2.18096,431771961.1772119
2026-09-06T08:01:00+00:00,Global Dollar,USDG,0.999957,3262555110,30,1479160328,1.0,0.999892,-0.000147637590312555,-0.01476,3262674582.733661
2026-09-06T08:01:00+00:00,Sui,SUI,0.794727,3255741004,31,650542298,0.812155,0.782271,0.00194494,0.24533,4096537146.5409594
2026-09-06T08:01:00+00:00,Shiba Inu,SHIB,5.46e-06,3216364244,32,70287475,5.57e-06,5.38e-06,6.1186e-08,1.13378,589239307782558.2
2026-09-06T08:01:00+00:00,NEAR Protocol,NEAR,2.31,3012811465,33,388111368,2.29,2.16,0.080554,3.61755,1305560067.0
2026-09-06T08:01:00+00:00,PayPal USD,PYUSD,0.999916,2935576767,34,49538005,1.0,0.999845,-7.6286173763984e-05,-0.00763,2935798963.4797554
2026-09-06T08:01:00+00:00,BlackRock USD Institutional Digital Liquidity Fund,BUIDL,1.0,2832282866,35,0.0,1.0,1.0,0.0,0.0,2832282865.800449
2026-09-06T08:01:00+00:00,Cronos,CRO,0.056946,2761213654,36,4763142,0.057588,0.055899,0.00054896,0.97339,48537201337.636894
2026-09-06T08:01:00+00:00,Tether Gold,XAUT,4419.91,2708641272,37,75077533,4428.45,4423.05,-7.205423562100805,-0.16276,612823.6595320001
2026-09-06T08:01:00+00:00,Circle USYC,USYC,1.14,2624340328,38,0.0,1.14,1.14,0.0,0.0,2308988052.650666
2026-09-06T08:01:00+00:00,MemeCore,M,1.14,2587288008,39,1557666,1.13,1.11,0.01828817,1.63047,2269636678.514516
2026-09-06T08:01:00+00:00,Ripple USD,RLUSD,0.999935,2406984412,40,53956307,1.0,0.99982,-0.000107230207190501,-0.01072,2407151384.647231
2026-09-06T08:01:00+00:00,OKB,OKB,113.89,2391713664,41,37038777,115.96,110.07,3.55,3.21457,21000000.0
2026-09-06T08:01:00+00:00,Bittensor,TAO,236.25,2266957049,42,146298360,240.47,232.43,2.65,1.13241,9597491.0
2026-09-06T08:01:00+00:00,Ondo US Dollar Yield,USDY,1.14,2191730553,43,2027534,1.15,1.14,-0.000890530553403046,-0.07796,1920354245.591322
2026-09-06T08:01:00+00:00,Aster,ASTER,0.772474,2085455001,44,386728344,0.863964,0.732222,0.03899316,5.31618,2700010975.2797318
2026-09-06T08:01:00+00:00,Aave,AAVE,134.88,2081442526,45,261631159,139.93,129.42,4.96,3.82132,15427230.888354236
2026-09-06T08:01:00+00:00,Mantle,MNT,0.597899,1974276328,46,17313590,0.595071,0.572655,0.02350816,4.09271,3302294382.53684
2026-09-06T08:01:00+00:00,PAX Gold,PAXG,4425.5,1913982663,47,46944103,4435.4,4429.06,-9.240715382637973,-0.20837,432503.322051
2026-09-06T08:01:00+00:00,Ondo,ONDO,0.376135,1832340188,48,84854486,0.379775,0.367545,0.00649808,1.75796,4869330647.0
2026-09-06T08:01:00+00:00,World Liberty Financial,WLFI,0.05681,1804994496,49,26750885,0.057586,0.056317,0.00016665,0.29421,31777073694.0
2026-09-06T08:01:00+00:00,Ethena,ENA,0.175872,1780359358,50,851691179,0.188609,0.161871,0.01141821,6.94312,10095312500.0
2026-09-06T08:01:00+00:00,Morpho,MORPHO,2.53,1743868523,51,38421038,2.62,2.48,-0.005660462908526842,-0.22305,688651381.7358257
2026-09-06T08:01:00+00:00,Sky,SKY,0.070354,1648038658,52,7167899,0.071527,0.066888,0.00265384,3.91997,23423521852.3553
2026-09-06T08:01:00+00:00,Polkadot,DOT,0.942198,1603286200,53,118192190,0.9405,0.898595,0.03542199,3.90637,1701460937.761563
2026-09-06T08:01:00+00:00,Pump.fun,PUMP,0.00397538,1570294848,54,230524055,0.00424412,0.0037741,-0.000235035653073348,-5.58224,395326426702.2011
2026-09-06T08:01:00+00:00,Pepe,PEPE,3.63e-06,1528744124,55,233348133,3.69e-06,3.5e-06,1.13645e-07,3.23033,420690000000000.0
2026-09-06T08:01:00+00:00,HTX DAO,HTX,1.68e-06,1512642413,56,26269466,1.69e-06,1.65e-06,3.0926e-08,1.87097,898232728634017.2
2026-09-06T08:01:00+00:00,Internet Computer,ICP,2.66,1480984951,57,52239676,2.73,2.59,0.02246356,0.85039,556239766.1823387
2026-09-06T08:01:00+00:00,USDD,USDD,0.99849,1472056272,58,2001653,0.999578,0.997467,-0.00105656725132186,-0.1057,1474284146.0
2026-09-06T08:01:00+00:00,Worldcoin,WLD,0.402275,1462885401,59,145849169,0.407715,0.392707,0.00956847,2.43654,3636172637.865657
2026-09-06T08:01:00+00:00,Bitget Token,BGB,2.01,1404140030,60,11639221,2.05,1.98,0.0252854,1.27662,699992029.6481038
2026-09-06T08:01:00+00:00,USDGO,USDGO,0.999969,1355407287,61,39310081,1.0,0.999876,2.832e-05,0.00283,1355454412.77
2026-09-06T08:01:00+00:00,Arbitrum,ARB,0.201721,1347770674,62,927416049,0.202894,0.131454,0.06838,51.28153,6678075931.0
2026-09-06T08:01:00+00:00,Falcon USD,USDF,0.996905,1339925073,63,302100,1.003,0.987829,0.00038451,0.03859,1344083107.942925
2026-09-06T08:01:00+00:00,BFUSD,BFUSD,1.0,1320161292,64,1605487,1.0,0.999905,-2.3027153549515e-05,-0.0023,1320000000.0
2026-09-06T08:01:00+00:00,United Stables,U,0.999232,1276519073,65,117330621,0.999542,0.999045,-0.000197324684166555,-0.01974,1277499107.8
2026-09-06T08:01:00+00:00,Spiko Amundi Overnight Swap Fund (EUR),EURSAFO,1.18,1229005528,66,0.0,1.18,1.18,0.0,0.0,1045687476.43203
2026-09-06T08:01:00+00:00,Ethereum Classic,ETC,7.74,1222526877,67,49003792,7.86,7.64,0.03245487,0.42133,158078289.2716675
2026-09-06T08:01:00+00:00,Bitway,BTW,0.449619,1217904630,68,10493638,0.467435,0.420418,0.00081973,0.18265,2708142280.000001
2026-09-06T08:01:00+00:00,Lighter,LIT,4.64,1160211998,69,62060374,4.86,4.59,0.01812642,0.39208,250000000.0
2026-09-06T08:01:00+00:00,POL (ex-MATIC),POL,0.099356,1062178959,71,71472234,0.100267,0.094323,0.00415193,4.36108,10709454818.56161
2026-09-06T08:01:00+00:00,Pi Network,PI,0.095319,1062011407,70,4240054,0.096439,0.094299,0.00072987,0.77162,11141680597.248924
2026-09-06T08:01:00+00:00,KuCoin,KCS,7.18,984149739,72,2826120,7.3,7.06,0.105142,1.48714,137155021.2773955
2026-09-06T08:01:00+00:00,Gate,GT,9.16,976818933,73,3900710,9.61,8.52,0.633543,7.43201,106618354.34919861
2026-09-06T08:01:00+00:00,Blockchain Capital,BCAP,106.22,967888430,74,0.0,106.22,106.22,0.0,0.0,9112111.0
2026-09-06T08:01:00+00:00,Quant,QNT,66.17,962540830,75,15516155,67.11,63.69,1.98,3.08068,14544176.164081175
2026-09-06T08:01:00+00:00,JUST,JST,0.11107,909667938,76,23880856,0.111373,0.108135,0.00186851,1.71106,8188743036.341737
2026-09-06T08:01:00+00:00,Dash,DASH,70.49,904968749,77,438065011,78.31,65.21,4.68,7.10706,12828532.44439328
2026-09-06T08:01:00+00:00,Spiko EU T-Bills Money Market Fund,EUTBL,1.23,882559347,78,0.0,1.23,1.23,0.0,0.0,718027528.4955
2026-09-06T08:01:00+00:00,Algorand,ALGO,0.09489,857969105,79,37724840,0.097499,0.093411,0.00101359,1.07971,9038985932.3071
2026-09-06T08:01:00+00:00,Cosmos Hub,ATOM,1.59,841543300,80,29324256,1.59,1.53,0.03829827,2.46585,529137445.773589
2026-09-06T08:01:00+00:00,Kaspa,KAS,0.03032832,839667464,81,9327052,0.03089492,0.02995335,-0.000194624208851912,-0.63763,27683423155.231007
2026-09-06T08:01:00+00:00,NEXO,NEXO,0.835006,835306896,82,2564824,0.844482,0.831084,-0.003737651443209589,-0.44563,1000000000.0
2026-09-06T08:01:00+00:00,Venice Token,VVV,17.06,815009719,83,10365596,18.02,17.07,-0.5976395109825141,-3.38508,47769313.54203376
2026-09-06T08:01:00+00:00,Janus Henderson Anemoy Treasury Fund,JTRSY,1.12,799656135,84,0.0,1.12,1.12,0.0,0.0,717141156.78007
2026-09-06T08:01:00+00:00,Jupiter,JUP,0.238873,793509823,85,92501460,0.241291,0.217955,0.02025829,9.26665,3320312968.08
2026-09-06T08:01:00+00:00,Invesco Short Duration US Government Securities Fund,USTB,11.2,774870145,86,0.0,11.2,11.2,0.0,0.0,69181764.436295
2026-09-06T08:01:00+00:00,Render,RENDER,1.48,765245352,87,34556165,1.49,1.46,-0.004038345947293909,-0.27303,518772101.28269154
2026-09-06T08:01:00+00:00,​​Stable,STABLE,0.02831047,738029038,88,7661239,0.02931973,0.02829208,-0.00093889896424447,-3.20998,26068665637.0
2026-09-06T08:01:00+00:00,Janus Henderson Anemoy AAA CLO Fund,JAAA,1.048,710966727,89,0.0,1.048,1.048,0.0,0.0,678300455.183658
2026-09-06T08:01:00+00:00,PancakeSwap,CAKE,2.21,707488954,90,150357248,2.28,2.03,0.166607,8.16959,320777531.4482472
2026-09-06T08:01:00+00:00,GHO,GHO,0.999079,698357555,91,3378658,0.999384,0.999064,-0.000138745580291588,-0.01389,699000000.0
2026-09-06T08:01:00+00:00,Filecoin,FIL,0.804968,666315294,92,93847709,0.838778,0.763917,0.03609292,4.69425,826895646.0
2026-09-06T08:01:00+00:00,Pons,PONS,0.929116,660786705,93,223444979,0.971034,0.762937,0.16618,21.78158,712104762.0614183
2026-09-06T08:01:00+00:00,Beldex,BDX,0.078687,619287528,94,10698402,0.080202,0.07811,-0.000609859841376167,-0.76909,7870535630.857832
2026-09-06T08:01:00+00:00,Official Trump,TRUMP,2.36,617327707,95,224505549,2.44,2.35,-0.08418790407760746,-3.44824,261880985.28763402
2026-09-06T08:01:00+00:00,VeChain,VET,0.00695718,598043952,96,6121909,0.00706116,0.00686677,2.915e-05,0.42073,85985041177.0
2026-09-06T08:01:00+00:00,Curve DAO,CRV,0.373609,581052351,97,74644441,0.390599,0.355959,0.0163124,4.5655,1554471955.0
2026-09-06T08:01:00+00:00,Flare,FLR,0.00662864,575582510,98,3196634,0.00680387,0.00659121,-6.1675170192607e-05,-0.92186,86818814609.00671
2026-09-06T08:01:00+00:00,SPX6900,SPX,0.602397,560691194,99,8290575,0.614077,0.588114,0.00442412,0.73985,930987335.2481942
2026-09-06T09:01:01+00:00,Bitcoin,BTC,79831,1603094067453,1,19886282558,80147,79586,182.9,0.23387,20080328.0
2026-09-06T09:01:01+00:00,Ethereum,ETH,2494.92,304423818257,2,8464489078,2521.39,2451.62,38.24,1.54941,122023857.56610575
2026-09-06T09:01:01+00:00,Tether,USDT,1.0,183396624193,3,43053325820,1.0,0.999885,-2.6277633669469e-05,-0.00014,183392383062.09265
2026-09-06T09:01:01+00:00,BNB,BNB,756.94,100807636640,4,2038030601,779.7,745.94,7.26,1.04881,133161884.3
2026-09-06T09:01:01+00:00,XRP,XRP,1.42,88802302540,5,1572194294,1.43,1.4,0.00889386,0.63626,62744504852.0
2026-09-06T09:01:01+00:00,USDC,USDC,0.999967,74579390848,6,9773114533,1.0,0.999905,2.243e-05,0.00498,74580685510.47482
2026-09-06T09:01:01+00:00,Solana,SOL,105.22,61600745627,7,3246404022,106.93,102.23,2.64,2.59014,585445292.0195305
2026-09-06T09:01:01+00:00,TRON,TRX,0.333869,31695576422,8,248198390,0.334692,0.331817,0.00110483,0.34055,94935900212.59479
2026-09-06T09:01:01+00:00,Figure Heloc,FIGR_HELOC,1.055,23516084575,9,343538,1.055,1.004,0.01638893,1.57688,22290650137.398
2026-09-06T09:01:01+00:00,Zcash,ZEC,1170.87,19805989685,9,1039817706,1184.28,1004.71,165.69,16.48504,16916382.9780448
2026-09-06T09:01:01+00:00,Hyperliquid,HYPE,86.59,19262280952,10,917184469,87.28,84.61,1.83,2.15225,222445714.07414138
2026-09-06T09:01:01+00:00,Dogecoin,DOGE,0.090675,14127290256,11,1327736115,0.094557,0.085803,0.00487186,5.68176,155799596383.70523
2026-09-06T09:01:01+00:00,Rain,RAIN,0.01704501,12086780739,12,41551009,0.01727553,0.01639345,0.00061518,3.71372,709201338254.8408
2026-09-06T09:01:01+00:00,Monero,XMR,543.53,10218984808,13,117397100,558.79,523.31,14.31,2.68961,18801003.99914032
2026-09-06T09:01:01+00:00,USDS,USDS,0.999683,9819861492,14,80001288,0.999944,0.999501,9.037e-05,0.01133,9822846877.735327
2026-09-06T09:01:01+00:00,Chainlink,LINK,12.2,9127013626,15,451482380,12.44,11.72,0.414593,3.52916,748099970.424884
2026-09-06T09:01:01+00:00,WhiteBIT Coin,WBT,73.6,8681358956,16,45815241,73.97,73.09,0.418475,0.57545,117956019.0
2026-09-06T09:01:01+00:00,LEO Token,LEO,9.34,8589750427,17,117633,9.35,9.22,0.068601,0.73986,919857851.9
2026-09-06T09:01:01+00:00,Cardano,ADA,0.217709,8166226822,18,435771003,0.223606,0.212574,0.00415853,1.99528,37504333228.36598
2026-09-06T09:01:01+00:00,Stellar,XLM,0.185391,6451866932,19,127637499,0.187637,0.182659,0.00270725,1.46833,34802060549.4381
2026-09-06T09:01:01+00:00,Bitcoin Cash,BCH,260.02,5222915080,20,177371029,264.82,248.61,7.52,3.00139,20085331.14665078
2026-09-06T09:01:01+00:00,Dai,DAI,0.999784,4596834898,21,217990281,1.0,0.999664,0.00010448,0.00333,4597764674.403886
2026-09-06T09:01:01+00:00,Ethena USDe,USDE,0.999873,4351171673,22,31564684,1.0,0.999742,2.495e-05,0.0044,4351670101.035337
2026-09-06T09:01:01+00:00,Canton,CC,0.109639,4334986956,23,7616302,0.111423,0.108053,0.001584,1.4826,39538441000.39501
2026-09-06T09:01:01+00:00,Uniswap,UNI,6.9,4301993166,24,1098472509,7.48,6.21,0.690981,11.14186,623212423.7271129
2026-09-06T09:01:01+00:00,USD1,USD1,0.99966,4246696506,25,908982274,0.999779,0.999515,6.983e-05,0.01407,4248045903.897356
2026-09-06T09:01:01+00:00,Litecoin,LTC,54.13,4199561820,26,373802815,55.3,52.82,1.065,1.98612,77576941.81202741
2026-09-06T09:01:01+00:00,Gram (prev. Toncoin),GRAM,1.41,3921904151,27,31558509,1.45,1.41,-0.014041685033969076,-0.96971,2781958402.683591
2026-09-06T09:01:01+00:00,Hedera,HBAR,0.081113,3554907811,28,58011712,0.082287,0.079963,0.00114059,1.41615,43831559704.162926
2026-09-06T09:01:01+00:00,Avalanche,AVAX,7.63,3294966776,29,216737225,7.74,7.48,0.140381,1.85405,431771961.1772119
2026-09-06T09:01:01+00:00,Global Dollar,USDG,0.999972,3262643203,30,1470613472,1.0,0.999892,-9.6199105807382e-05,-0.00642,3262674582.733661
2026-09-06T09:01:01+00:00,Sui,SUI,0.793475,3250526809,31,626563542,0.812155,0.782271,0.00676313,0.88892,4096537146.5409594
2026-09-06T09:01:01+00:00,Shiba Inu,SHIB,5.43e-06,3201987267,32,70506495,5.57e-06,5.38e-06,3.274e-09,0.15177,589239307782558.2
2026-09-06T09:01:01+00:00,NEAR Protocol,NEAR,2.33,3037182575,33,439974298,2.31,2.16,0.103984,4.61104,1305560031.0
2026-09-06T09:01:01+00:00,PayPal USD,PYUSD,0.999958,2935680025,34,49633020,1.0,0.999845,7.413e-05,0.00985,2935763962.5997553
2026-09-06T09:01:01+00:00,BlackRock USD Institutional Digital Liquidity Fund,BUIDL,1.0,2832282866,35,0.0,1.0,1.0,0.0,0.0,2832282865.800449
2026-09-06T09:01:01+00:00,Cronos,CRO,0.057152,2774082281,36,4658802,0.057588,0.055899,0.00094212,1.66491,48537293241.09331
2026-09-06T09:01:01+00:00,Tether Gold,XAUT,4421.36,2709584659,37,74921344,4428.45,4418.37,-4.975910694936829,-0.10898,612823.6595320001
2026-09-06T09:01:01+00:00,Circle USYC,USYC,1.14,2624340328,38,0.0,1.14,1.14,0.0,0.0,2308988052.650666
2026-09-06T09:01:01+00:00,MemeCore,M,1.14,2594000871,39,1613607,1.15,1.11,0.01824344,1.63754,2269652098.198246
2026-09-06T09:01:01+00:00,Ripple USD,RLUSD,1.0,2407183110,40,46128848,1.0,0.99982,9.557e-05,0.01198,2407151384.647232
2026-09-06T09:01:01+00:00,OKB,OKB,113.43,2382170999,41,35941925,115.96,110.81,2.61,2.42531,21000000.0
2026-09-06T09:01:01+00:00,Bittensor,TAO,234.37,2249557613,42,140330211,240.47,232.43,-2.2672595004059417,-0.93472,9597491.0
2026-09-06T09:01:01+00:00,Ondo US Dollar Yield,USDY,1.14,2189061424,43,2006831,1.15,1.14,-0.001879033871278635,-0.12307,1920354245.525018
2026-09-06T09:01:01+00:00,Aster,ASTER,0.777201,2098398304,44,399989473,0.863964,0.749194,0.02648108,3.60928,2700010975.2797318
2026-09-06T09:01:01+00:00,Aave,AAVE,134.1,2068764901,45,258131652,139.93,129.52,4.48,3.4511,15427234.416296024
2026-09-06T09:01:01+00:00,Mantle,MNT,0.603303,1992436531,46,18693961,0.597953,0.572655,0.02667359,4.62801,3302294382.53684
2026-09-06T09:01:01+00:00,PAX Gold,PAXG,4426.03,1914287681,47,49313965,4435.4,4424.51,-6.2191597490345885,-0.13948,432503.322051
2026-09-06T09:01:01+00:00,Ondo,ONDO,0.374165,1821947810,48,81993619,0.379775,0.367545,0.00542064,1.43525,4869330647.0
2026-09-06T09:01:01+00:00,World Liberty Financial,WLFI,0.05658,1798097589,49,26216333,0.057586,0.056317,3.039e-05,0.09355,31777074273.0
2026-09-06T09:01:01+00:00,Ethena,ENA,0.175175,1768843169,50,798323659,0.188609,0.161871,0.01122461,6.92195,10095312500.0
2026-09-06T09:01:01+00:00,Morpho,MORPHO,2.54,1747060073,51,39609299,2.62,2.48,0.01083916,0.43671,688653465.4860677
2026-09-06T09:01:01+00:00,Sky,SKY,0.070341,1647632385,52,7630682,0.071527,0.066888,0.00275567,4.07155,23423474921.654266
2026-09-06T09:01:01+00:00,Polkadot,DOT,0.939645,1598631248,53,125601538,0.943593,0.901368,0.03707267,4.11382,1701471529.376681
2026-09-06T09:01:01+00:00,Pump.fun,PUMP,0.00398104,1573854304,54,240176970,0.00424412,0.0037741,-0.000200607238719766,-4.75399,395323067295.01434
2026-09-06T09:01:01+00:00,Pepe,PEPE,3.61e-06,1520914094,55,230527067,3.69e-06,3.52e-06,8.9327e-08,2.61842,420690000000000.0
2026-09-06T09:01:01+00:00,HTX DAO,HTX,1.68e-06,1512514339,56,28229740,1.69e-06,1.65e-06,2.9261e-08,1.78029,898232728634017.2
2026-09-06T09:01:01+00:00,Internet Computer,ICP,2.68,1489230220,57,50040403,2.73,2.59,0.02662787,1.00339,556239766.1823387
2026-09-06T09:01:01+00:00,USDD,USDD,0.998966,1469050847,58,1806059,0.999568,0.997467,0.00078388,0.07906,1470579290.0
2026-09-06T09:01:01+00:00,Worldcoin,WLD,0.398863,1450477407,59,145874775,0.407715,0.394972,0.00287841,0.71972,3636173953.7433844
2026-09-06T09:01:01+00:00,Bitget Token,BGB,1.99,1395214841,60,11618222,2.05,1.98,0.00847183,0.42031,699992029.6481038
2026-09-06T09:01:01+00:00,USDGO,USDGO,0.999883,1355293096,61,36813993,1.0,0.99987,-0.000107661264186043,-0.01044,1355454412.77
2026-09-06T09:01:01+00:00,Falcon USD,USDF,0.999568,1343513968,62,250311,1.003,0.987829,0.00309785,0.3128,1344083107.942925
2026-09-06T09:01:01+00:00,BFUSD,BFUSD,1.0,1320026691,63,2119909,1.0,0.999905,2.942e-05,0.0054,1320000000.0
2026-09-06T09:01:01+00:00,Arbitrum,ARB,0.196415,1311826427,64,934196817,0.203584,0.131454,0.064428,48.84648,6678075931.0
2026-09-06T09:01:01+00:00,United Stables,U,0.99922,1276517301,65,120603798,0.999542,0.999045,-0.000150802740807587,-0.01155,1277499107.8
2026-09-06T09:01:01+00:00,Spiko Amundi Overnight Swap Fund (EUR),EURSAFO,1.18,1229005528,66,0.0,1.18,1.18,0.0,0.0,1045687476.43203
2026-09-06T09:01:01+00:00,Ethereum Classic,ETC,7.72,1220855953,67,48707095,7.86,7.64,0.02863261,0.39551,158079050.0012675
2026-09-06T09:01:01+00:00,Bitway,BTW,0.450084,1218859564,68,10519599,0.462229,0.420418,0.00333075,0.64621,2708142280.000001
2026-09-06T09:01:01+00:00,Lighter,LIT,4.6,1150769667,69,61500347,4.86,4.59,-0.007922312028536105,-0.09304,250000000.0
2026-09-06T09:01:01+00:00,Pi Network,PI,0.095291,1061622539,70,4296180,0.096439,0.094512,0.00077869,0.83123,11141680597.248924
2026-09-06T09:01:01+00:00,POL (ex-MATIC),POL,0.098196,1051933268,71,73426919,0.100267,0.094323,0.00374067,3.99475,10709454818.56161
2026-09-06T09:01:01+00:00,KuCoin,KCS,7.15,981291314,72,2843328,7.3,7.07,0.079758,1.13057,137155021.2773955
2026-09-06T09:01:01+00:00,Gate,GT,9.18,978825513,73,4146246,9.61,8.61,0.560636,6.5079,106618395.54122321
2026-09-06T09:01:01+00:00,Blockchain Capital,BCAP,106.22,967888430,74,0.0,106.22,106.22,0.0,0.0,9112111.0
2026-09-06T09:01:01+00:00,Quant,QNT,65.43,951575173,75,15597624,67.11,63.69,1.56,2.43875,14544176.164081175
2026-09-06T09:01:01+00:00,JUST,JST,0.111748,915056407,76,24469419,0.111373,0.108135,0.00256398,2.33896,8188743036.341737
2026-09-06T09:01:01+00:00,Spiko EU T-Bills Money Market Fund,EUTBL,1.23,882559347,77,0.0,1.23,1.23,0.0,0.0,718027528.4955
2026-09-06T09:01:01+00:00,Dash,DASH,68.35,876535874,78,420809813,78.31,65.21,0.875845,1.28787,12828166.00667547
2026-09-06T09:01:01+00:00,Algorand,ALGO,0.094905,858030057,79,37246224,0.097499,0.093466,0.00122458,1.3356,9038985932.3071
2026-09-06T09:01:01+00:00,Cosmos Hub,ATOM,1.6,845213400,80,28953475,1.59,1.53,0.03856934,2.47872,529151548.201873
2026-09-06T09:01:01+00:00,Kaspa,KAS,0.03019949,836113900,81,8962725,0.03089492,0.02995335,-0.000257114998702707,-0.83277,27683423155.231007
2026-09-06T09:01:01+00:00,NEXO,NEXO,0.831832,831776093,82,2528038,0.844482,0.830562,-0.008143677569026897,-0.96206,1000000000.0
2026-09-06T09:01:01+00:00,Venice Token,VVV,17.02,812894366,83,10403464,18.02,16.98,-0.8132701456075822,-4.55865,47769527.24904272
2026-09-06T09:01:01+00:00,Jupiter,JUP,0.244335,811615642,84,98743806,0.242837,0.218367,0.02576798,11.88058,3320312968.08
2026-09-06T09:01:01+00:00,Janus Henderson Anemoy Treasury Fund,JTRSY,1.12,799656135,85,0.0,1.12,1.12,0.0,0.0,717141156.78007
2026-09-06T09:01:01+00:00,Invesco Short Duration US Government Securities Fund,USTB,11.2,774870145,86,0.0,11.2,11.2,1.776e-15,0.0,69181764.436295
2026-09-06T09:01:01+00:00,Render,RENDER,1.47,764216489,87,34407064,1.49,1.46,-0.011815325792010833,-0.7919,518772101.28269154
2026-09-06T09:01:01+00:00,​​Stable,STABLE,0.02821186,735712704,88,7678578,0.02923015,0.02829208,-0.000993711653740962,-3.3278,26069803497.0
2026-09-06T09:01:01+00:00,Janus Henderson Anemoy AAA CLO Fund,JAAA,1.048,710966727,89,0.0,1.048,1.048,0.0,0.0,678300455.183658
2026-09-06T09:01:01+00:00,PancakeSwap,CAKE,2.2,704276669,90,145997183,2.28,2.1,0.091443,4.41162,320777531.4482472
2026-09-06T09:01:01+00:00,GHO,GHO,0.999199,698449538,91,3535427,0.999384,0.999052,0.00010703,0.01311,699000000.0
2026-09-06T09:01:01+00:00,Pons,PONS,0.929355,661240251,93,217481552,0.971034,0.827614,0.096941,11.46206,712104762.0614183
2026-09-06T09:01:01+00:00,Filecoin,FIL,0.798617,660326275,92,93879461,0.838778,0.764749,0.03386774,4.42359,826898249.0
2026-09-06T09:01:01+00:00,Beldex,BDX,0.078908,621043336,94,10664098,0.080202,0.07811,-0.001211242788634118,-1.51655,7870536420.298645
2026-09-06T09:01:01+00:00,Official Trump,TRUMP,2.34,613817083,95,207291021,2.42,2.35,-0.04694743328303552,-1.96312,261880985.28763402
2026-09-06T09:01:01+00:00,VeChain,VET,0.00697727,599779899,96,6030505,0.00706116,0.00686677,7.298e-05,1.0193,85985041177.0
2026-09-06T09:01:01+00:00,Curve DAO,CRV,0.371332,577231852,97,74330230,0.390599,0.359543,0.01169165,3.43231,1554475745.0
2026-09-06T09:01:01+00:00,Flare,FLR,0.00662211,574935577,98,2777700,0.00680387,0.00659121,-8.008374619975e-05,-1.20276,86818814609.00671
2026-09-06T09:01:01+00:00,Ether.fi,ETHFI,0.584159,564060143,99,49378219,0.600615,0.55484,0.02858441,5.2438,965350000.0
2026-09-06T09:51:11+00:00,Bitcoin,BTC,79853,1603385758632,1,20086735327,80147,79586,209.17,0.25947,20080328.0
2026-09-06T09:51:11+00:00,Ethereum,ETH,2496.25,304587613356,2,8611461014,2521.39,2451.62,36.7,1.48912,122023857.56610575
2026-09-06T09:51:11+00:00,Tether,USDT,1.0,183397805215,3,43649054494,1.0,0.999885,3.709e-05,0.00253,183392383062.09265
2026-09-06T09:51:11+00:00,BNB,BNB,757.25,100844789136,4,1917441236,779.7,746.15,9.71,1.372,133161880.5
2026-09-06T09:51:11+00:00,XRP,XRP,1.42,89044983484,5,1571377040,1.43,1.4,0.01372885,0.95755,62744504852.0
2026-09-06T09:51:11+00:00,USDC,USDC,0.999975,74560231370,6,9819625134,1.0,0.999905,4.776e-05,0.00375,74563044989.03964
2026-09-06T09:51:11+00:00,Solana,SOL,106.39,62275012622,7,3522587788,106.93,102.23,3.85,3.77113,585445261.3676955
2026-09-06T09:51:11+00:00,TRON,TRX,0.334202,31727153449,8,242537897,0.334692,0.332205,0.00229497,0.70401,94935900212.59479
2026-09-06T09:51:11+00:00,Figure Heloc,FIGR_HELOC,1.055,23516084575,9,343538,1.055,1.004,0.01635143,1.57584,22290650137.398
2026-09-06T09:51:11+00:00,Zcash,ZEC,1184.9,20041149685,9,1187897684,1184.28,1004.71,174.56,17.20348,16916382.9780448
2026-09-06T09:51:11+00:00,Hyperliquid,HYPE,87.63,19482935682,10,957632179,87.28,84.61,2.87,3.37048,222445714.07414138
2026-09-06T09:51:11+00:00,Dogecoin,DOGE,0.090224,14039244810,11,1307027083,0.094557,0.085876,0.00423834,4.84251,155801556383.70526
2026-09-06T09:51:11+00:00,Rain,RAIN,0.01701755,12067324408,12,41160870,0.01727553,0.01639345,0.00056587,3.43019,709201338254.8408
2026-09-06T09:51:11+00:00,Monero,XMR,542.95,10206235231,13,119060375,558.79,523.31,18.13,3.42701,18801003.99914032
2026-09-06T09:51:11+00:00,USDS,USDS,0.999712,9819942085,14,79544318,0.999944,0.999501,5.912e-05,-0.0013,9822846877.735327
2026-09-06T09:51:11+00:00,Chainlink,LINK,12.28,9187813584,15,447077925,12.44,11.72,0.469997,3.97739,748099970.424884
2026-09-06T09:51:11+00:00,WhiteBIT Coin,WBT,73.63,8683297229,16,47815386,73.97,73.09,0.413127,0.58387,117956019.0
2026-09-06T09:51:11+00:00,LEO Token,LEO,9.34,8590970198,17,117654,9.35,9.22,0.069957,0.75413,919857851.9
2026-09-06T09:51:11+00:00,Cardano,ADA,0.219502,8227474494,18,444627428,0.223606,0.212574,0.00617628,2.90133,37504333228.36598
2026-09-06T09:51:11+00:00,Stellar,XLM,0.186087,6472952904,19,128822574,0.187637,0.182659,0.00283915,1.56919,34802060249.299805
2026-09-06T09:51:11+00:00,Bitcoin Cash,BCH,260.4,5228730228,20,177905598,264.82,248.61,8.7,3.48154,20085334.27165078
2026-09-06T09:51:11+00:00,Dai,DAI,0.999814,4599344893,21,217544505,1.0,0.999675,-0.000118272190209434,-0.00351,4599787819.283842
2026-09-06T09:51:11+00:00,Canton,CC,0.110571,4372076870,22,7943859,0.111423,0.108336,0.00205295,1.89919,39538441000.39501
2026-09-06T09:51:11+00:00,Uniswap,UNI,6.97,4351448269,24,1107377703,7.48,6.21,0.564717,9.07411,623212423.7271129
2026-09-06T09:51:11+00:00,Ethena USDe,USDE,0.999884,4351121014,23,31014719,1.0,0.999831,6.242e-05,0.0031,4351670101.035337
2026-09-06T09:51:11+00:00,USD1,USD1,0.999623,4246440478,25,904436401,0.999779,0.999515,7.683e-05,0.0058,4248045903.897356
2026-09-06T09:51:11+00:00,Litecoin,LTC,54.17,4202387324,26,364224634,55.3,52.82,1.2,2.21714,77576966.81209204
2026-09-06T09:51:11+00:00,Gram (prev. Toncoin),GRAM,1.42,3944201236,27,31097705,1.45,1.41,-0.004367862949694823,-0.29144,2781982273.3497257
2026-09-06T09:51:11+00:00,Hedera,HBAR,0.081348,3564756792,28,55958158,0.082287,0.080055,0.00095252,1.16403,43831559704.20612
2026-09-06T09:51:11+00:00,Avalanche,AVAX,7.65,3304160992,29,219186466,7.74,7.48,0.15819,2.12774,431771961.1772119
2026-09-06T09:51:11+00:00,Sui,SUI,0.803332,3288514584,30,645201636,0.812155,0.782271,0.01802123,2.31028,4096537146.5409594
2026-09-06T09:51:11+00:00,Global Dollar,USDG,0.999995,3262630766,31,1454569971,1.0,0.99989,-6.5514266515798e-05,-0.00632,3262674582.733661
2026-09-06T09:51:11+00:00,Shiba Inu,SHIB,5.44e-06,3205313125,32,68188616,5.57e-06,5.39e-06,4.564e-08,0.8515,589239307782558.2
2026-09-06T09:51:11+00:00,NEAR Protocol,NEAR,2.39,3111878002,33,476175186,2.36,2.16,0.166011,7.55295,1305560032.0
2026-09-06T09:51:11+00:00,PayPal USD,PYUSD,0.99998,2935717730,34,50198766,1.0,0.999845,5.094e-05,0.00108,2935798963.4697447
2026-09-06T09:51:11+00:00,BlackRock USD Institutional Digital Liquidity Fund,BUIDL,1.0,2832282866,35,0.0,1.0,1.0,0.0,0.0,2832282865.800449
2026-09-06T09:51:11+00:00,Cronos,CRO,0.057136,2772491796,36,4757763,0.057588,0.055899,0.00090032,1.61115,48537373771.29254
2026-09-06T09:51:11+00:00,Tether Gold,XAUT,4424.8,2711548645,37,75727386,4428.45,4418.37,-0.950292367550901,-0.02238,612823.6595320001
2026-09-06T09:51:11+00:00,Circle USYC,USYC,1.14,2624340328,38,0.0,1.14,1.14,0.0,0.0,2308988052.650666
2026-09-06T09:51:11+00:00,MemeCore,M,1.13,2574442167,39,1653552,1.15,1.11,0.01372332,1.23004,2269667517.9208727
2026-09-06T09:51:11+00:00,Ripple USD,RLUSD,1.0,2407260882,40,48372921,1.0,0.99982,0.00010592,0.00878,2407151384.647232
2026-09-06T09:51:11+00:00,OKB,OKB,114.29,2399978321,41,35085308,115.96,110.95,2.61,2.33609,21000000.0
2026-09-06T09:51:11+00:00,Bittensor,TAO,235.71,2261660664,42,140351424,240.47,232.43,0.217657,0.16788,9597491.0
2026-09-06T09:51:11+00:00,Ondo US Dollar Yield,USDY,1.14,2199034119,43,1997155,1.15,1.14,-0.002078957132078729,-0.18315,1920354245.452901
2026-09-06T09:51:11+00:00,Aster,ASTER,0.780261,2107343654,44,399460848,0.863964,0.754844,0.02570971,3.39166,2700010975.2797318
2026-09-06T09:51:11+00:00,Aave,AAVE,134.49,2074733346,45,258238999,139.93,129.52,3.63,2.61929,15427240.444216168
2026-09-06T09:51:11+00:00,Mantle,MNT,0.606145,1999393032,46,20175589,0.604986,0.572655,0.03054143,5.35253,3302294382.53684
2026-09-06T09:51:11+00:00,PAX Gold,PAXG,4429.99,1915969945,47,50539781,4435.4,4423.81,-2.836393434112324,-0.06482,432503.322051
2026-09-06T09:51:11+00:00,Ondo,ONDO,0.37625,1831373557,48,81537506,0.379775,0.367545,0.00801688,2.23826,4869330647.0
2026-09-06T09:51:11+00:00,World Liberty Financial,WLFI,0.056734,1802403325,49,26692972,0.057586,0.056317,0.00020306,0.35389,31777074273.0
2026-09-06T09:51:11+00:00,Ethena,ENA,0.176913,1783003905,50,832743892,0.188609,0.161871,0.0133397,7.98252,10095312500.0
2026-09-06T09:51:11+00:00,Morpho,MORPHO,2.54,1751361044,51,39247594,2.62,2.48,0.00494984,0.19482,688655549.2363096
2026-09-06T09:51:11+00:00,Sky,SKY,0.070975,1662449485,52,7781253,0.071527,0.066888,0.0034994,5.17108,23423428098.089184
2026-09-06T09:51:11+00:00,Polkadot,DOT,0.944334,1605919769,53,127387702,0.959754,0.904615,0.03729853,4.11078,1701471529.376681
2026-09-06T09:51:11+00:00,Pump.fun,PUMP,0.0039771,1571412775,54,244485057,0.00424412,0.0037741,-0.000212801214121408,-5.0433,395319894863.9821
2026-09-06T09:51:11+00:00,Pepe,PEPE,3.63e-06,1527702562,55,232661291,3.69e-06,3.52e-06,1.00071e-07,2.68862,420690000000000.0
2026-09-06T09:51:11+00:00,HTX DAO,HTX,1.68e-06,1513354345,56,29445256,1.69e-06,1.65e-06,2.9213e-08,1.81653,898232728634017.2
2026-09-06T09:51:11+00:00,Internet Computer,ICP,2.68,1488468474,57,50215179,2.73,2.59,0.03568394,1.38276,556239766.1823387
2026-09-06T09:51:11+00:00,USDD,USDD,0.998739,1468772645,58,1840704,0.999568,0.997467,0.00025073,0.02427,1470639252.0
2026-09-06T09:51:11+00:00,Worldcoin,WLD,0.402447,1463427153,59,150458249,0.407715,0.394972,0.00622694,1.61564,3636175168.0926137
2026-09-06T09:51:11+00:00,Bitget Token,BGB,2.0,1398189798,60,10456898,2.05,1.99,-0.012309135643004732,-0.61353,699992029.6481038
2026-09-06T09:51:11+00:00,USDGO,USDGO,0.9999,1355374361,61,37094711,1.0,0.999866,-0.000135642659334634,-0.00777,1355454412.77
2026-09-06T09:51:11+00:00,Falcon USD,USDF,0.996797,1339771306,62,253032,1.003,0.987829,0.0002117,-0.01023,1344083107.942925
2026-09-06T09:51:11+00:00,BFUSD,BFUSD,1.0,1320162541,63,2237319,1.0,0.99993,0.0001901,0.01774,1320000000.0
2026-09-06T09:51:11+00:00,Arbitrum,ARB,0.193674,1294391057,64,932865800,0.203584,0.131919,0.057542,42.58872,6678075931.0
2026-09-06T09:51:11+00:00,United Stables,U,0.999245,1276508819,65,125606839,0.999542,0.999045,-9.2453902104883e-05,-0.01107,1277499107.8
2026-09-06T09:51:11+00:00,Bitway,BTW,0.458279,1241946824,66,11084976,0.462229,0.420418,0.01045431,2.30741,2708142280.000001
2026-09-06T09:51:11+00:00,Spiko Amundi Overnight Swap Fund (EUR),EURSAFO,1.18,1229005528,67,0.0,1.18,1.18,0.0,0.0,1045687476.43203
2026-09-06T09:51:11+00:00,Ethereum Classic,ETC,7.74,1223342355,68,49518320,7.86,7.64,0.069149,0.90772,158079050.0012675
2026-09-06T09:51:11+00:00,Lighter,LIT,4.6,1149275892,69,64841503,4.86,4.6,-0.014245311471277056,-0.20892,250000000.0
2026-09-06T09:51:11+00:00,Pi Network,PI,0.095255,1061004248,70,4101914,0.096439,0.094846,0.00019644,0.20015,11141680597.248924
2026-09-06T09:51:11+00:00,POL (ex-MATIC),POL,0.096659,1033616557,71,72469597,0.100267,0.094323,0.00223952,2.45588,10709454818.56161
2026-09-06T09:51:11+00:00,KuCoin,KCS,7.16,981423445,72,2903256,7.3,7.08,0.075374,0.95159,137155021.2773955
2026-09-06T09:51:11+00:00,Gate,GT,9.12,976596506,73,4156375,9.61,8.71,0.393195,4.49815,106618457.05679911
2026-09-06T09:51:11+00:00,Blockchain Capital,BCAP,106.22,967888430,74,0.0,106.22,106.22,0.0,0.0,9112111.0
2026-09-06T09:51:11+00:00,Quant,QNT,65.51,952745428,75,15777985,67.11,63.69,1.56,2.44553,14544176.164081175
2026-09-06T09:51:11+00:00,JUST,JST,0.111779,915408419,76,24200729,0.111779,0.108135,0.00270839,2.47663,8188743036.341737
2026-09-06T09:51:11+00:00,Dash,DASH,69.14,886270593,77,415246487,78.31,65.21,2.53,3.87833,12828163.64374112
2026-09-06T09:51:11+00:00,Spiko EU T-Bills Money Market Fund,EUTBL,1.23,882559347,78,0.0,1.23,1.23,0.0,0.0,718027528.4955
2026-09-06T09:51:11+00:00,Algorand,ALGO,0.095351,861627340,79,35916177,0.097499,0.09374,0.00163944,1.77091,9038985932.3071
2026-09-06T09:51:11+00:00,Cosmos Hub,ATOM,1.59,843580455,80,29107097,1.6,1.53,0.050832,3.31673,529151548.201873
2026-09-06T09:51:11+00:00,Jupiter,JUP,0.252491,838188267,82,112798625,0.245168,0.218367,0.03357223,15.29596,3320312968.08
2026-09-06T09:51:11+00:00,NEXO,NEXO,0.838674,837969451,81,1959394,0.844482,0.830562,-0.002362060754450002,-0.33563,1000000000.0
2026-09-06T09:51:11+00:00,Kaspa,KAS,0.03025369,837579921,83,8572956,0.03089492,0.02995335,-6.754557539717e-05,-0.20086,27683423155.231007
2026-09-06T09:51:11+00:00,Venice Token,VVV,17.01,812712330,84,10223299,18.01,16.98,-0.9049192795067462,-5.03181,47769812.16152361
2026-09-06T09:51:11+00:00,Janus Henderson Anemoy Treasury Fund,JTRSY,1.12,799656135,85,0.0,1.12,1.12,0.0,0.0,717141156.78007
2026-09-06T09:51:11+00:00,Invesco Short Duration US Government Securities Fund,USTB,11.2,774870145,86,0.0,11.2,11.2,0.0,0.0,69181764.436295
2026-09-06T09:51:11+00:00,Render,RENDER,1.48,767534320,87,33486747,1.49,1.46,-0.003293228206458831,-0.23184,518772101.28269154
2026-09-06T09:51:11+00:00,​​Stable,STABLE,0.02823886,736029426,88,7718965,0.02921698,0.02818411,-0.000935188856455025,-3.19456,26071227709.0
2026-09-06T09:51:11+00:00,Janus Henderson Anemoy AAA CLO Fund,JAAA,1.048,710966727,89,0.0,1.048,1.048,0.0,0.0,678300455.183658
2026-09-06T09:51:11+00:00,PancakeSwap,CAKE,2.19,702679143,90,138863103,2.28,2.12,0.063808,3.11668,320777531.4482472
2026-09-06T09:51:11+00:00,GHO,GHO,0.999268,698482504,91,3535289,0.999384,0.999047,0.0001489,0.01357,699000000.0
2026-09-06T09:51:11+00:00,Filecoin,FIL,0.797004,658799392,92,94256198,0.838778,0.768429,0.02963815,3.7799,826902763.0
2026-09-06T09:51:11+00:00,Pons,PONS,0.911729,649656636,93,208908430,0.971034,0.827846,0.03675081,4.09433,712104762.0614183
2026-09-06T09:51:11+00:00,Beldex,BDX,0.078885,620962800,94,10612615,0.080202,0.07811,-0.001047125115055419,-1.30206,7870532510.593477
2026-09-06T09:51:11+00:00,Official Trump,TRUMP,2.36,618073792,95,198299712,2.42,2.34,-0.019373995617074424,-0.87803,261880985.28763402
2026-09-06T09:51:11+00:00,VeChain,VET,0.00692696,595415655,96,6121873,0.00706116,0.00686677,3.254e-05,0.52687,85985041177.0
2026-09-06T09:51:11+00:00,Curve DAO,CRV,0.371942,578192938,97,74582708,0.390599,0.359543,0.00887446,2.36069,1554475745.0
2026-09-06T09:51:11+00:00,Flare,FLR,0.00662247,575027628,98,3173972,0.00680387,0.00659121,-6.8930824305336e-05,-0.99912,86818814609.00671
2026-09-06T09:51:11+00:00,SPX6900,SPX,0.605324,563387641,100,8083769,0.614077,0.588114,0.00864912,1.39736,930987335.2481942
2026-09-06T10:01:06+00:00,Bitcoin,BTC,79855,1603500503915,1,20102215009,80147,79586,230.0,0.28885,20080328.0
2026-09-06T10:01:06+00:00,Ethereum,ETH,2498.11,304818310032,2,8552174350,2521.39,2451.62,39.68,1.61413,122023857.56610575
2026-09-06T10:01:06+00:00,Tether,USDT,1.0,183397515109,3,43810890066,1.0,0.999885,1.481e-05,0.00148,183392383062.09265
2026-09-06T10:01:06+00:00,BNB,BNB,757.36,100854708371,4,1911429092,779.7,746.15,9.67,1.29377,133161880.5
2026-09-06T10:01:06+00:00,XRP,XRP,1.42,89022722538,5,1573896123,1.43,1.4,0.01201742,0.85422,62744504852.0
2026-09-06T10:01:06+00:00,USDC,USDC,0.999966,74560510869,6,9829956939,1.0,0.999905,2.568e-05,0.00257,74563044989.03964
2026-09-06T10:01:06+00:00,Solana,SOL,106.45,62320245215,7,3540417221,106.93,102.23,3.91,3.80901,585445261.3676955
2026-09-06T10:01:06+00:00,TRON,TRX,0.334229,31731415271,8,241888902,0.334692,0.332205,0.00200598,0.6038,94935900212.59479
2026-09-06T10:01:06+00:00,Figure Heloc,FIGR_HELOC,1.055,23516084575,9,343538,1.055,1.004,0.01636627,1.57579,22290650137.398
2026-09-06T10:01:06+00:00,Zcash,ZEC,1185.28,20050041947,9,1190145752,1184.28,1004.71,175.44,17.3726,16916382.9780448
2026-09-06T10:01:06+00:00,Hyperliquid,HYPE,87.79,19515182608,10,900179107,87.28,84.61,2.97,3.49969,222445714.07414138
2026-09-06T10:01:06+00:00,Dogecoin,DOGE,0.090189,14055690430,11,1386224878,0.094557,0.085876,0.0041289,4.7977,155801556383.70526
2026-09-06T10:01:06+00:00,Rain,RAIN,0.01701844,12069872790,12,28451886,0.01727553,0.01639345,0.00057945,3.52484,709201338254.8408
2026-09-06T10:01:06+00:00,Monero,XMR,543.97,10227183177,13,118732063,558.79,523.31,19.38,3.69527,18801003.99914032
2026-09-06T10:01:06+00:00,USDS,USDS,0.999704,9818967772,14,79640796,0.999944,0.999501,-5.8682110196107e-05,-0.00587,9822846877.735327
2026-09-06T10:01:06+00:00,Chainlink,LINK,12.29,9193399367,15,446928063,12.44,11.72,0.480992,4.0737,748099970.424884
2026-09-06T10:01:06+00:00,WhiteBIT Coin,WBT,73.63,8684694096,16,46962743,73.97,73.09,0.455835,0.62293,117956019.0
2026-09-06T10:01:06+00:00,LEO Token,LEO,9.34,8590968009,17,117681,9.35,9.22,0.069778,0.75275,919857851.9
2026-09-06T10:01:06+00:00,Cardano,ADA,0.21956,8234600356,18,444484675,0.223606,0.212574,0.00616825,2.89058,37504333228.36598
2026-09-06T10:01:06+00:00,Stellar,XLM,0.186224,6481547708,19,127575015,0.187637,0.182659,0.00307399,1.6784,34802060249.299805
2026-09-06T10:01:06+00:00,Bitcoin Cash,BCH,260.5,5232541961,20,180284990,264.82,248.61,8.67,3.44202,20085334.27165078
2026-09-06T10:01:06+00:00,Dai,DAI,0.999905,4599348748,21,217705125,1.0,0.999675,5.333e-05,0.00533,4599787819.283842
2026-09-06T10:01:06+00:00,Canton,CC,0.110766,4378283237,22,7955282,0.111423,0.108336,0.00214671,1.97636,39538441000.39501
2026-09-06T10:01:06+00:00,Uniswap,UNI,7.0,4362205976,23,1109718220,7.48,6.21,0.62493,9.80243,623212423.7271129
2026-09-06T10:01:06+00:00,Ethena USDe,USDE,0.999896,4351219565,24,30716268,1.0,0.999831,1.793e-05,0.00179,4351670101.035337
2026-09-06T10:01:06+00:00,USD1,USD1,0.999569,4246224944,25,899648506,0.999779,0.999515,-1.9111413804951e-05,-0.00191,4248045903.897356
2026-09-06T10:01:06+00:00,Litecoin,LTC,54.22,4206258015,26,363109235,55.3,52.82,1.15,2.17337,77576966.81209204
2026-09-06T10:01:06+00:00,Gram (prev. Toncoin),GRAM,1.42,3946151423,27,30894844,1.45,1.41,-0.002716796278831479,-0.19116,2781982273.3497257
2026-09-06T10:01:06+00:00,Hedera,HBAR,0.081404,3568088581,28,54975977,0.082287,0.080055,0.00097913,1.21746,43831559704.20612
2026-09-06T10:01:06+00:00,Avalanche,AVAX,7.66,3306166965,29,217857295,7.74,7.48,0.154688,2.06177,431771961.1772119
2026-09-06T10:01:06+00:00,Sui,SUI,0.800684,3280033091,30,643003169,0.812155,0.782271,0.0158203,2.01567,4096537146.5409594
2026-09-06T10:01:06+00:00,Global Dollar,USDG,0.999975,3262587098,31,1469143670,1.0,0.99989,-0.000157236912420422,-0.01572,3262674582.733661
2026-09-06T10:01:06+00:00,Shiba Inu,SHIB,5.44e-06,3208402171,32,68855794,5.57e-06,5.39e-06,4.853e-08,0.89947,589239307782558.2
2026-09-06T10:01:06+00:00,NEAR Protocol,NEAR,2.39,3120487911,33,481560591,2.36,2.16,0.157442,7.05197,1305560032.0
2026-09-06T10:01:06+00:00,PayPal USD,PYUSD,0.999951,2935526657,34,50483073,1.0,0.999845,-4.1147952761333e-05,-0.00411,2935798963.4697447
2026-09-06T10:01:06+00:00,BlackRock USD Institutional Digital Liquidity Fund,BUIDL,1.0,2832282866,35,0.0,1.0,1.0,0.0,0.0,2832282865.800449
2026-09-06T10:01:06+00:00,Cronos,CRO,0.057165,2774386127,36,4755320,0.057588,0.055899,0.00082646,1.46696,48537373771.29254
2026-09-06T10:01:06+00:00,Tether Gold,XAUT,4424.52,2711600006,37,75646304,4428.45,4418.37,-0.4987005279890582,-0.01127,612823.6595320001
2026-09-06T10:01:06+00:00,Circle USYC,USYC,1.14,2624340328,38,0.0,1.14,1.14,0.0,0.0,2308988052.650666
2026-09-06T10:01:06+00:00,MemeCore,M,1.14,2578508899,39,1680058,1.15,1.11,0.01565386,1.3971,2269667517.9208727
2026-09-06T10:01:06+00:00,Ripple USD,RLUSD,1.0,2407229754,40,46837063,1.0,0.99982,0.00011776,0.01178,2407151384.647232
2026-09-06T10:01:06+00:00,OKB,OKB,113.84,2391337462,41,35186729,115.96,110.95,2.32,2.07841,21000000.0
2026-09-06T10:01:06+00:00,Bittensor,TAO,236.19,2267059321,42,141663902,240.47,232.43,0.257586,0.10918,9597491.0
2026-09-06T10:01:06+00:00,Ondo US Dollar Yield,USDY,1.14,2199018730,43,1982393,1.15,1.14,-0.00521954749454534,-0.45593,1920354245.452901
2026-09-06T10:01:06+00:00,Aster,ASTER,0.780367,2107144744,44,402289697,0.863964,0.754844,0.02253166,2.97316,2700010975.2797318
2026-09-06T10:01:06+00:00,Aave,AAVE,134.44,2073955180,45,257910617,139.93,129.52,3.93,3.00934,15427240.444216168
2026-09-06T10:01:06+00:00,Mantle,MNT,0.60847,2010313023,46,20649486,0.604986,0.572655,0.03189912,5.53256,3302294382.53684
2026-09-06T10:01:06+00:00,PAX Gold,PAXG,4429.68,1915847949,47,50640848,4435.4,4423.81,-3.1710062630654647,-0.07153,432503.322051
2026-09-06T10:01:06+00:00,Ondo,ONDO,0.376351,1832242610,48,81199144,0.379775,0.367545,0.00813855,2.21029,4869330647.0
2026-09-06T10:01:06+00:00,World Liberty Financial,WLFI,0.056775,1803925110,49,26808840,0.057586,0.056317,0.00020717,0.36623,31777074273.0
2026-09-06T10:01:06+00:00,Ethena,ENA,0.176054,1777892766,50,840234637,0.188609,0.161871,0.01240298,7.57891,10095312500.0
2026-09-06T10:01:06+00:00,Morpho,MORPHO,2.55,1753620238,51,39271310,2.62,2.48,0.0098065,0.38657,688655549.2363096
2026-09-06T10:01:06+00:00,Sky,SKY,0.071029,1663407310,52,7740271,0.071527,0.066888,0.00359331,5.32853,23423428098.089184
2026-09-06T10:01:06+00:00,Polkadot,DOT,0.946408,1610273048,53,126781864,0.959754,0.904615,0.03263339,3.57127,1701471529.376681
2026-09-06T10:01:06+00:00,Pump.fun,PUMP,0.00401983,1589208290,54,247588390,0.00424412,0.0037741,-0.000171092993139538,-4.08246,395319894863.9821
2026-09-06T10:01:06+00:00,Pepe,PEPE,3.63e-06,1526836063,55,231821313,3.69e-06,3.52e-06,9.7188e-08,2.75059,420690000000000.0
2026-09-06T10:01:06+00:00,HTX DAO,HTX,1.68e-06,1512376179,56,30289766,1.69e-06,1.65e-06,2.8091e-08,1.6967,898232728634017.2
2026-09-06T10:01:06+00:00,Internet Computer,ICP,2.68,1493382531,57,49238204,2.73,2.59,0.04615018,1.74898,556239766.1823387
2026-09-06T10:01:06+00:00,USDD,USDD,0.998277,1468109964,58,1846396,0.999568,0.997467,-0.000224536968864264,-0.02249,1470639252.0
2026-09-06T10:01:06+00:00,Worldcoin,WLD,0.402771,1464578478,59,147355067,0.407715,0.394972,0.00449704,1.12913,3636175168.0926137
2026-09-06T10:01:06+00:00,Bitget Token,BGB,2.0,1398509884,60,10298592,2.05,1.99,-0.009845336137305427,-0.49037,699992029.6481038
2026-09-06T10:01:06+00:00,USDGO,USDGO,0.99993,1355356974,61,36766077,1.0,0.999866,-4.7032905872713e-05,-0.0047,1355454412.77
2026-09-06T10:01:06+00:00,Falcon USD,USDF,0.996917,1339939234,62,216036,1.003,0.987829,0.0004118,0.04132,1344083107.942925
2026-09-06T10:01:06+00:00,BFUSD,BFUSD,1.0,1320160869,63,2297416,1.0,0.99993,0.00016636,0.01664,1320000000.0
2026-09-06T10:01:06+00:00,Arbitrum,ARB,0.194084,1295612469,64,977021798,0.203584,0.131919,0.058234,42.86661,6678075931.0
2026-09-06T10:01:06+00:00,United Stables,U,0.999239,1276510152,65,125521846,0.999542,0.999045,-2.1821144786993e-05,-0.00218,1277499107.8
2026-09-06T10:01:06+00:00,Bitway,BTW,0.460127,1245890374,66,11155043,0.462229,0.420418,0.01115136,2.48373,2708142280.000001
2026-09-06T10:01:06+00:00,Spiko Amundi Overnight Swap Fund (EUR),EURSAFO,1.18,1229005528,67,0.0,1.18,1.18,0.0,0.0,1045687476.43203
2026-09-06T10:01:06+00:00,Ethereum Classic,ETC,7.74,1222826094,68,49598861,7.86,7.64,0.04352359,0.56584,158079050.0012675
2026-09-06T10:01:06+00:00,Lighter,LIT,4.57,1143698290,69,64212456,4.86,4.6,-0.03254902949301908,-0.70644,250000000.0
2026-09-06T10:01:06+00:00,Pi Network,PI,0.095252,1061194518,70,4078117,0.096439,0.094846,0.00024909,0.26219,11141680597.248924
2026-09-06T10:01:06+00:00,POL (ex-MATIC),POL,0.096514,1033635351,71,73236604,0.100267,0.094323,0.00202022,2.13795,10709454818.56161
2026-09-06T10:01:06+00:00,KuCoin,KCS,7.16,981641595,72,2906532,7.3,7.08,0.068335,0.96398,137155021.2773955
2026-09-06T10:01:06+00:00,Gate,GT,9.16,977085538,73,4188789,9.61,8.71,0.443839,5.08937,106618457.05679911
2026-09-06T10:01:06+00:00,Blockchain Capital,BCAP,106.22,967888430,74,0.0,106.22,106.22,1.4211e-14,0.0,9112111.0
2026-09-06T10:01:06+00:00,Quant,QNT,65.59,954000956,75,15857101,67.11,63.69,1.54,2.40607,14544176.164081175
2026-09-06T10:01:06+00:00,JUST,JST,0.111941,916639654,76,24288861,0.111779,0.108135,0.00283876,2.60192,8188743036.341737
2026-09-06T10:01:06+00:00,Dash,DASH,69.39,890101104,77,431987227,78.31,65.21,2.51,3.75635,12828163.64374112
2026-09-06T10:01:06+00:00,Spiko EU T-Bills Money Market Fund,EUTBL,1.23,882559347,78,0.0,1.23,1.23,0.0,0.0,718027528.4955
2026-09-06T10:01:06+00:00,Algorand,ALGO,0.095323,861638115,79,36151991,0.097499,0.09374,0.00155561,1.65901,9038985932.3071
2026-09-06T10:01:06+00:00,Cosmos Hub,ATOM,1.59,843369450,80,29931039,1.6,1.53,0.050697,3.28518,529151548.201873
2026-09-06T10:01:06+00:00,Jupiter,JUP,0.252225,837459042,81,110165724,0.245168,0.218367,0.03325938,15.18933,3320312968.08
2026-09-06T10:01:06+00:00,Kaspa,KAS,0.03023911,837191294,82,8571562,0.03089492,0.02995335,-7.9571471946351e-05,-0.26245,27683423155.231007
2026-09-06T10:01:06+00:00,NEXO,NEXO,0.836664,836663764,83,1965489,0.844482,0.830562,-0.004395063299670099,-0.52256,1000000000.0
2026-09-06T10:01:06+00:00,Venice Token,VVV,17.01,812463421,84,9559855,18.01,16.98,-1.0145674953831723,-5.62985,47769812.16152361
2026-09-06T10:01:06+00:00,Janus Henderson Anemoy Treasury Fund,JTRSY,1.12,799656135,85,0.0,1.12,1.12,0.0,0.0,717141156.78007
2026-09-06T10:01:06+00:00,Invesco Short Duration US Government Securities Fund,USTB,11.2,774870145,86,0.0,11.2,11.2,0.0,0.0,69181764.436295
2026-09-06T10:01:06+00:00,Render,RENDER,1.47,764462303,87,35240669,1.49,1.46,-0.006599871188194273,-0.44601,518772101.28269154
2026-09-06T10:01:06+00:00,​​Stable,STABLE,0.02824174,736294848,88,7718718,0.02921698,0.02818411,-0.00093217399637148,-3.19523,26071227709.0
2026-09-06T10:01:06+00:00,Janus Henderson Anemoy AAA CLO Fund,JAAA,1.048,710966727,89,0.0,1.048,1.048,0.0,0.0,678300455.183658
2026-09-06T10:01:06+00:00,PancakeSwap,CAKE,2.19,703564211,90,137652624,2.28,2.12,0.059676,2.79714,320777531.4482472
2026-09-06T10:01:06+00:00,GHO,GHO,0.999233,698463573,91,3537413,0.999384,0.999047,-3.1912762101904e-05,-0.00319,699000000.0
2026-09-06T10:01:06+00:00,Filecoin,FIL,0.799568,661151630,92,94061176,0.838778,0.768429,0.03030805,3.9399,826902763.0
2026-09-06T10:01:06+00:00,Pons,PONS,0.925974,659566427,93,210827226,0.971034,0.827846,0.054097,6.20467,712104762.0614183
2026-09-06T10:01:06+00:00,Beldex,BDX,0.078914,621090915,94,10623044,0.080202,0.07811,-0.001056899982459378,-1.32161,7870532510.593477
2026-09-06T10:01:06+00:00,Official Trump,TRUMP,2.36,618428960,95,206596664,2.42,2.34,-0.012846450663273501,-0.54105,261880985.28763402
2026-09-06T10:01:06+00:00,VeChain,VET,0.00694247,596714757,96,6305099,0.00706116,0.00686677,4.239e-05,0.61439,85985041177.0
2026-09-06T10:01:06+00:00,Curve DAO,CRV,0.371115,576962690,97,74651751,0.390599,0.359543,0.01030065,2.85483,1554475745.0
2026-09-06T10:01:06+00:00,Flare,FLR,0.00662158,575250390,98,3169957,0.00680387,0.00659121,-5.4021735584405e-05,-0.80924,86818814609.00671
2026-09-06T10:01:06+00:00,Ether.fi,ETHFI,0.586653,566440301,99,50229651,0.600615,0.55484,0.02969238,5.33115,965350000.0
2026-09-06T11:01:06+00:00,Bitcoin,BTC,80011,1606437753507,1,20205251479,80147,79586,365.26,0.45333,20080328.0
2026-09-06T11:01:06+00:00,Ethereum,ETH,2501.29,305189372266,2,8662121021,2521.39,2451.62,46.14,1.87098,122023857.56610575
2026-09-06T11:01:06+00:00,Tether,USDT,1.0,183396882350,3,43990378764,1.0,0.999924,-2.4199827609372e-05,-0.00231,183392383062.09265
2026-09-06T11:01:06+00:00,BNB,BNB,757.08,100824935120,4,1877801179,779.7,746.15,8.75,1.18411,133161880.5
2026-09-06T11:01:06+00:00,XRP,XRP,1.42,89188443404,5,1564306377,1.43,1.4,0.01487749,1.06809,62744504852.0
2026-09-06T11:01:06+00:00,USDC,USDC,1.0,74546964072,6,9827022402,1.0,0.999905,5.817e-05,0.00594,74549648779.65756
2026-09-06T11:01:06+00:00,Solana,SOL,106.65,62435298365,7,3661361424,107.14,102.23,4.05,3.95214,585445225.9660505
2026-09-06T11:01:06+00:00,TRON,TRX,0.334241,31734538833,8,238151679,0.334692,0.332685,0.00150839,0.45686,94935900212.59479
2026-09-06T11:01:06+00:00,Figure Heloc,FIGR_HELOC,1.055,23516084575,9,343538,1.055,1.004,0.01639575,1.578,22290650137.398
2026-09-06T11:01:06+00:00,Zcash,ZEC,1189.47,20119728342,9,1217765359,1206.41,1004.71,177.36,17.54482,16916382.9780448
2026-09-06T11:01:06+00:00,Hyperliquid,HYPE,87.84,19536902415,10,993699266,87.95,84.61,3.13,3.73701,222445714.07414138
2026-09-06T11:01:06+00:00,Dogecoin,DOGE,0.090057,14030187109,11,1396465464,0.094557,0.085876,0.00406424,4.74852,155801886383.7052
2026-09-06T11:01:06+00:00,Rain,RAIN,0.01702624,12071607317,12,40912880,0.01727553,0.01639345,0.00060045,3.66071,709207149680.1387
2026-09-06T11:01:06+00:00,Monero,XMR,535.49,10069658639,13,112498633,558.79,534.91,-1.4779926960064813,-0.09854,18801037.59904108
2026-09-06T11:01:06+00:00,USDS,USDS,0.999779,9819892297,14,79029775,0.999944,0.999501,4.427e-05,-0.00069,9822846877.735327
2026-09-06T11:01:06+00:00,Chainlink,LINK,12.31,9202135959,15,449085908,12.44,11.72,0.540892,4.65367,748099970.424884
2026-09-06T11:01:06+00:00,WhiteBIT Coin,WBT,73.77,8700064579,16,47318473,73.97,73.09,0.607774,0.83081,117956019.0
2026-09-06T11:01:06+00:00,LEO Token,LEO,9.34,8590378560,17,118246,9.35,9.22,0.084405,0.9125,919857851.9
2026-09-06T11:01:06+00:00,Cardano,ADA,0.219496,8230910039,18,445282427,0.223606,0.212574,0.00633934,2.9876,37504333228.36598
2026-09-06T11:01:06+00:00,Stellar,XLM,0.186993,6506466287,19,125575477,0.187637,0.182659,0.00328431,1.83088,34802059947.22588
2026-09-06T11:01:06+00:00,Bitcoin Cash,BCH,261.09,5242836130,20,180087905,264.82,248.61,9.16,3.68416,20085374.89665078
2026-09-06T11:01:06+00:00,Dai,DAI,0.999893,4598881983,21,215107218,1.0,0.999675,1.41e-05,0.00181,4599787819.283842
2026-09-06T11:01:06+00:00,Canton,CC,0.111014,4386996293,22,8043414,0.111423,0.108419,0.00236851,2.37484,39539104491.68428
2026-09-06T11:01:06+00:00,Uniswap,UNI,6.99,4352532885,23,1080552730,7.48,6.21,0.722325,11.54452,623212423.7271129
2026-09-06T11:01:06+00:00,Ethena USDe,USDE,0.99989,4351229931,24,29989174,1.0,0.999832,6.08267e-07,0.00014,4351670101.035337
2026-09-06T11:01:06+00:00,USD1,USD1,0.999621,4246439277,25,897839100,0.999779,0.999515,-2.2284873482659e-05,-0.00707,4248045903.897346
2026-09-06T11:01:06+00:00,Litecoin,LTC,54.32,4213281777,26,360665712,55.3,52.82,1.32,2.49349,77577279.31305484
2026-09-06T11:01:06+00:00,Gram (prev. Toncoin),GRAM,1.42,3944186173,27,29736906,1.45,1.41,-0.007391643258743308,-0.5233,2782004624.9275656
2026-09-06T11:01:06+00:00,Hedera,HBAR,0.081447,3569175238,28,54750818,0.082287,0.080055,0.00103762,1.30834,43831559704.24931
2026-09-06T11:01:06+00:00,Avalanche,AVAX,7.68,3317570116,29,217158693,7.74,7.48,0.17911,2.44117,431771961.1772119
2026-09-06T11:01:06+00:00,Sui,SUI,0.800362,3277375464,30,640816762,0.812155,0.782271,0.01473092,1.89914,4096537146.5409594
2026-09-06T11:01:06+00:00,Global Dollar,USDG,0.999981,3262609938,31,1457968735,1.0,0.99989,-0.000113201535123841,-0.00996,3262674582.733342
2026-09-06T11:01:06+00:00,Shiba Inu,SHIB,5.45e-06,3214133831,32,69287892,5.57e-06,5.39e-06,5.1548e-08,0.96778,589239307782558.2
2026-09-06T11:01:06+00:00,NEAR Protocol,NEAR,2.4,3136950893,33,499236533,2.4,2.16,0.142407,6.38909,1305587200.0
2026-09-06T11:01:06+00:00,PayPal USD,PYUSD,0.999984,2935663148,34,50726707,1.0,0.999845,6.85e-06,-0.00093,2935798963.4697447
2026-09-06T11:01:06+00:00,BlackRock USD Institutional Digital Liquidity Fund,BUIDL,1.0,2832282866,35,0.0,1.0,1.0,0.0,0.0,2832282865.800449
2026-09-06T11:01:06+00:00,Cronos,CRO,0.057421,2786968895,36,4731187,0.057588,0.055919,0.00145166,2.60405,48537464680.082954
2026-09-06T11:01:06+00:00,Tether Gold,XAUT,4423.88,2711075651,37,76659376,4428.45,4418.37,-2.0568439916869465,-0.04608,612823.6595320001
2026-09-06T11:01:06+00:00,Circle USYC,USYC,1.14,2624340328,38,0.0,1.14,1.14,0.0,0.0,2308988052.650666
2026-09-06T11:01:06+00:00,MemeCore,M,1.14,2578070341,39,1723190,1.15,1.11,0.01716475,1.55261,2269682967.643314
2026-09-06T11:01:06+00:00,Ripple USD,RLUSD,0.999946,2407044379,40,50146806,1.0,0.99982,-4.152458236595e-06,0.01082,2407151384.647232
2026-09-06T11:01:06+00:00,OKB,OKB,114.21,2397353931,41,34971500,115.96,111.28,2.72,2.48873,21000000.0
2026-09-06T11:01:06+00:00,Bittensor,TAO,236.2,2266456170,42,136793790,240.47,232.43,-2.0424021302808057,-0.82646,9597491.0
2026-09-06T11:01:06+00:00,Ondo US Dollar Yield,USDY,1.14,2199212275,43,1993416,1.15,1.14,-0.000745838006544153,0.02959,1920354245.1629748
2026-09-06T11:01:06+00:00,Aster,ASTER,0.783234,2114451209,44,394116759,0.863964,0.767393,0.01575492,2.12158,2700010975.2797318
2026-09-06T11:01:06+00:00,Aave,AAVE,135.01,2082033153,45,259412509,139.93,129.52,4.59,3.54784,15427241.959339675
2026-09-06T11:01:06+00:00,Mantle,MNT,0.608576,2009820601,46,20926787,0.609667,0.573264,0.03542443,6.07034,3302294382.53684
2026-09-06T11:01:06+00:00,PAX Gold,PAXG,4429.34,1915638212,47,50574412,4435.4,4423.81,-4.1285534834887585,-0.09398,432503.322051
2026-09-06T11:01:06+00:00,Ondo,ONDO,0.378968,1844687497,48,85719527,0.379775,0.367545,0.01087094,2.99165,4869330647.0
2026-09-06T11:01:06+00:00,World Liberty Financial,WLFI,0.05675,1803689217,49,26807585,0.057586,0.056317,0.00022801,0.45929,31777074273.0
2026-09-06T11:01:06+00:00,Morpho,MORPHO,2.58,1776651845,50,41133660,2.62,2.48,0.04058896,1.57572,688657822.449676
2026-09-06T11:01:06+00:00,Ethena,ENA,0.175439,1770248384,51,838753917,0.188609,0.161871,0.01174726,7.19658,10095312500.0
2026-09-06T11:01:06+00:00,Sky,SKY,0.071827,1681300693,52,8367534,0.071527,0.066888,0.00476408,7.14055,23423381703.74459
2026-09-06T11:01:06+00:00,Polkadot,DOT,0.970364,1647239475,53,135988502,0.959754,0.904615,0.060999,6.80751,1701483652.305329
2026-09-06T11:01:06+00:00,Pump.fun,PUMP,0.00405506,1602790948,54,251393581,0.00424412,0.0037741,-0.000181956160946971,-4.11387,395316607321.2138
2026-09-06T11:01:06+00:00,Pepe,PEPE,3.64e-06,1530651958,55,229853749,3.69e-06,3.52e-06,1.01208e-07,2.90828,420690000000000.0
2026-09-06T11:01:06+00:00,HTX DAO,HTX,1.68e-06,1513518451,57,31834002,1.69e-06,1.66e-06,2.62e-08,1.57975,898232728634017.2
2026-09-06T11:01:06+00:00,Worldcoin,WLD,0.416775,1513482673,56,153181059,0.407715,0.394972,0.01413047,3.82467,3636176176.3955345
2026-09-06T11:01:06+00:00,Internet Computer,ICP,2.67,1483957572,58,49275331,2.73,2.59,0.04015662,1.60793,556239766.1823387
2026-09-06T11:01:06+00:00,USDD,USDD,0.998375,1467316523,59,1970323,0.999568,0.997467,-0.001105697466898259,-0.11103,1470140774.0
2026-09-06T11:01:06+00:00,Bitget Token,BGB,2.0,1398930253,60,10148544,2.05,1.99,-0.006116206802110336,-0.31793,699992029.6481038
2026-09-06T11:01:06+00:00,USDGO,USDGO,0.999921,1355251988,61,35848826,1.0,0.99986,-6.9740796649898e-05,-0.00782,1355454412.77
2026-09-06T11:01:06+00:00,Falcon USD,USDF,0.996704,1339724339,62,214707,1.003,0.987829,0.00015398,0.00434,1344083107.942925
2026-09-06T11:01:06+00:00,BFUSD,BFUSD,1.0,1320028337,63,2330895,1.0,0.999954,3.263e-05,0.0034,1320000000.0
2026-09-06T11:01:06+00:00,Arbitrum,ARB,0.196413,1310958189,64,951497613,0.203584,0.131919,0.062598,46.63087,6678075931.0
2026-09-06T11:01:06+00:00,United Stables,U,0.999306,1276518272,65,124554659,0.999542,0.999045,6.645e-05,-0.00476,1277499107.8
2026-09-06T11:01:06+00:00,Bitway,BTW,0.463377,1254870072,66,11286937,0.462229,0.420418,0.0056123,1.24201,2708142280.000001
2026-09-06T11:01:06+00:00,Spiko Amundi Overnight Swap Fund (EUR),EURSAFO,1.18,1229005528,67,0.0,1.18,1.18,0.0,0.0,1045687476.43203
2026-09-06T11:01:06+00:00,Ethereum Classic,ETC,7.73,1222633641,68,49564757,7.86,7.64,0.062806,0.84997,158079268.9324675
2026-09-06T11:01:06+00:00,Lighter,LIT,4.68,1169963530,69,67146514,4.86,4.53,-0.000283063017056939,-0.03915,250000000.0
2026-09-06T11:01:06+00:00,Pi Network,PI,0.095554,1064890962,70,4059624,0.096439,0.094887,0.00059472,0.6418,11141680597.248924
2026-09-06T11:01:06+00:00,POL (ex-MATIC),POL,0.097017,1038555328,71,75028881,0.100267,0.094323,0.00254388,2.70805,10709454818.56161
2026-09-06T11:01:06+00:00,KuCoin,KCS,7.15,980332461,72,2955629,7.3,7.08,0.056461,0.78212,137155021.2773955
2026-09-06T11:01:06+00:00,Gate,GT,9.19,979272041,73,3964468,9.61,8.89,0.278014,3.05974,106618485.05236812
2026-09-06T11:01:06+00:00,Blockchain Capital,BCAP,106.22,967888430,74,0.0,106.22,106.22,0.0,0.0,9112111.0
2026-09-06T11:01:06+00:00,Quant,QNT,65.87,958145561,75,15845273,67.11,63.69,1.97,3.10959,14544176.164081175
2026-09-06T11:01:06+00:00,JUST,JST,0.112136,918274341,76,24094053,0.111963,0.108135,0.0036057,3.30519,8188743036.341737
2026-09-06T11:01:06+00:00,Spiko EU T-Bills Money Market Fund,EUTBL,1.23,882559347,77,0.0,1.23,1.23,0.0,0.0,718027528.4955
2026-09-06T11:01:06+00:00,Jupiter,JUP,0.264249,877072160,78,125874741,0.253244,0.218514,0.04419582,20.32057,3320312968.08
2026-09-06T11:01:06+00:00,Dash,DASH,68.25,876807059,79,420734156,78.31,65.21,0.342175,0.46995,12828163.64374112
2026-09-06T11:01:06+00:00,Algorand,ALGO,0.095444,862535796,80,37160877,0.097499,0.093782,0.00118353,1.31971,9038985932.3071
2026-09-06T11:01:06+00:00,Cosmos Hub,ATOM,1.6,845033106,81,29426858,1.61,1.53,0.059254,3.84113,529167107.427159
2026-09-06T11:01:06+00:00,Kaspa,KAS,0.03035352,840474100,82,8427797,0.03089492,0.02995335,6.903e-05,0.25988,27683423155.231007
2026-09-06T11:01:06+00:00,NEXO,NEXO,0.836072,834503272,83,2603247,0.844164,0.830517,-0.004295824338236498,-0.49014,1000000000.0
2026-09-06T11:01:06+00:00,Venice Token,VVV,17.1,816807156,84,9926341,17.87,16.98,-0.804983216954998,-4.40971,47770068.77177349
2026-09-06T11:01:06+00:00,Janus Henderson Anemoy Treasury Fund,JTRSY,1.12,799656135,85,0.0,1.12,1.12,0.0,0.0,717141156.78007
2026-09-06T11:01:06+00:00,Invesco Short Duration US Government Securities Fund,USTB,11.2,774870145,86,0.0,11.2,11.2,-1.776e-15,0.0,69181764.436295
2026-09-06T11:01:06+00:00,Render,RENDER,1.48,766569886,87,36736321,1.49,1.46,0.00172211,0.27888,518772101.28269154
2026-09-06T11:01:06+00:00,​​Stable,STABLE,0.02819085,734410414,88,7590719,0.02919602,0.02816961,-0.001002646967167769,-3.38221,26072296639.0
2026-09-06T11:01:06+00:00,PancakeSwap,CAKE,2.23,715954446,89,137818908,2.28,2.12,0.104147,4.99732,320777532.8279649
2026-09-06T11:01:06+00:00,Janus Henderson Anemoy AAA CLO Fund,JAAA,1.048,710966727,90,0.0,1.048,1.048,0.0,0.0,678300455.183658
2026-09-06T11:01:06+00:00,GHO,GHO,0.999093,698371982,91,3569155,0.999384,0.999047,-1.4469043911558e-05,-0.00132,699000000.0
2026-09-06T11:01:06+00:00,Filecoin,FIL,0.797126,659007388,92,96103841,0.838778,0.769232,0.02553052,3.34137,826906903.0
2026-09-06T11:01:06+00:00,Pons,PONS,0.921162,656085444,93,207718316,0.971034,0.831859,0.086577,10.37778,712104762.0614183
2026-09-06T11:01:06+00:00,Beldex,BDX,0.078964,621640415,94,10632735,0.080187,0.07811,-0.001225205644552349,-1.51689,7870529245.216072
2026-09-06T11:01:06+00:00,Official Trump,TRUMP,2.37,620304572,95,191427496,2.42,2.34,-0.02332159805256806,-0.97498,261880985.28763402
2026-09-06T11:01:06+00:00,VeChain,VET,0.00699683,601345385,96,6312677,0.00706116,0.00686677,0.00010093,1.32945,85985041177.0
2026-09-06T11:01:06+00:00,Curve DAO,CRV,0.375295,583797939,97,75282221,0.390599,0.359931,0.01448189,4.00584,1554550403.0
2026-09-06T11:01:06+00:00,Flare,FLR,0.00662931,575889122,98,3060067,0.00680387,0.00659121,-4.2318759124385e-05,-0.34931,86818814609.00671
2026-09-06T11:01:06+00:00,Ether.fi,ETHFI,0.58967,569217218,99,50918032,0.600615,0.555268,0.03364249,6.09245,965350000.0
2026-09-06T12:01:05+00:00,Bitcoin,BTC,79907,1604580723461,1,20283126357,80147,79586,292.46,0.36735,20080328.0
2026-09-06T12:01:05+00:00,Ethereum,ETH,2501.08,305189988109,2,8797905319,2521.39,2451.62,47.26,1.9258,122023857.56610575
2026-09-06T12:01:05+00:00,Tether,USDT,0.99999,183387712730,3,44122888009,1.0,0.999881,-9.5960273582385e-05,-0.0096,183392383062.09265
2026-09-06T12:01:05+00:00,BNB,BNB,758.1,100936661626,4,1814307980,779.7,747.83,10.59,1.41732,133161871.89
2026-09-06T12:01:05+00:00,XRP,XRP,1.42,89089897376,5,1568986982,1.43,1.4,0.01595132,1.13599,62744504852.0
2026-09-06T12:01:05+00:00,USDC,USDC,0.999938,74538088431,6,9952870193,1.0,0.999905,-5.1042763477116e-05,-0.0051,74543550970.483
2026-09-06T12:01:05+00:00,Solana,SOL,106.38,62273335070,7,3706998808,107.14,102.33,4.03,3.9382,585445192.072998
2026-09-06T12:01:05+00:00,TRON,TRX,0.335078,31808591216,8,248221626,0.334692,0.332801,0.00191913,0.57604,94935900212.59479
2026-09-06T12:01:05+00:00,Figure Heloc,FIGR_HELOC,1.055,23516084575,9,343538,1.055,1.004,0.01644266,1.58326,22290650137.398
2026-09-06T12:01:05+00:00,Zcash,ZEC,1184.5,20041990690,9,1253237458,1206.41,1004.71,170.24,16.78419,16916382.9780448
2026-09-06T12:01:05+00:00,Hyperliquid,HYPE,88.37,19654668645,10,1048945763,87.95,84.78,3.47,4.08862,222445714.07414138
2026-09-06T12:01:05+00:00,Dogecoin,DOGE,0.090037,14026425851,11,1402806150,0.094557,0.086117,0.00393716,4.57277,155802096383.7052
2026-09-06T12:01:05+00:00,Rain,RAIN,0.01701737,12069284605,12,40685856,0.01727553,0.01639659,0.00060678,3.6975,709207149434.3357
2026-09-06T12:01:05+00:00,Monero,XMR,537.8,10112083293,13,109675571,558.79,535.45,0.602976,0.11224,18801037.59904108
2026-09-06T12:01:05+00:00,USDS,USDS,0.99957,9818465029,14,79762552,0.999944,0.999501,-6.8781488884673e-05,-0.00688,9822846877.735327
2026-09-06T12:01:05+00:00,Chainlink,LINK,12.27,9175499964,15,451369577,12.44,11.73,0.54081,4.61188,748099970.424884
2026-09-06T12:01:05+00:00,WhiteBIT Coin,WBT,73.67,8690278759,16,48069432,73.97,73.09,0.532455,0.72797,117956019.0
2026-09-06T12:01:05+00:00,LEO Token,LEO,9.34,8591200320,17,112970,9.35,9.22,0.081893,0.88459,919857851.9
2026-09-06T12:01:05+00:00,Cardano,ADA,0.220535,8271494265,18,458964206,0.223606,0.213296,0.00705782,3.30612,37504333228.36598
2026-09-06T12:01:05+00:00,Stellar,XLM,0.186969,6506287546,19,124914346,0.187637,0.182659,0.00360857,1.96802,34802059637.79946
2026-09-06T12:01:05+00:00,Bitcoin Cash,BCH,260.58,5234392237,20,181372043,264.82,248.61,8.17,3.23528,20085359.27165078
2026-09-06T12:01:05+00:00,Dai,DAI,0.999862,4605889653,21,213184034,1.0,0.999675,3.311e-05,0.00331,4606139659.843871
2026-09-06T12:01:05+00:00,Uniswap,UNI,7.05,4395572623,22,1109343195,7.48,6.21,0.791666,12.64406,623212423.7271129
2026-09-06T12:01:05+00:00,Canton,CC,0.110117,4353876913,23,8235998,0.111423,0.10848,0.00154282,1.42098,39539104491.68428
2026-09-06T12:01:05+00:00,Ethena USDe,USDE,0.999851,4350963436,24,30634621,1.0,0.999832,-6.884622911163e-05,-0.00689,4351675100.803718
2026-09-06T12:01:05+00:00,USD1,USD1,0.99968,4246634424,25,898984707,0.999779,0.999515,-1.1071916461991e-05,-0.00111,4248045903.897321
2026-09-06T12:01:05+00:00,Litecoin,LTC,54.54,4231624447,26,366140353,55.3,52.91,1.57,2.96049,77577423.06367686
2026-09-06T12:01:05+00:00,Gram (prev. Toncoin),GRAM,1.42,3957248755,27,29929857,1.45,1.41,0.00011284,0.00793,2782028732.221847
2026-09-06T12:01:05+00:00,Hedera,HBAR,0.08147,3570947669,28,56559931,0.082287,0.080092,0.0011119,1.38369,43831559704.29233
2026-09-06T12:01:05+00:00,Avalanche,AVAX,7.69,3319028938,29,215306295,7.74,7.49,0.193032,2.5758,431771961.1772119
2026-09-06T12:01:05+00:00,Sui,SUI,0.803394,3290791766,30,647037574,0.812155,0.784812,0.01879291,2.39522,4096537146.5409594
2026-09-06T12:01:05+00:00,Global Dollar,USDG,1.0,3262631429,31,1463790435,1.0,0.99989,-4.5364539466908e-05,-0.00454,3262674582.733342
2026-09-06T12:01:05+00:00,Shiba Inu,SHIB,5.46e-06,3219544958,32,69793002,5.57e-06,5.4e-06,6.3302e-08,1.17197,589239307782558.2
2026-09-06T12:01:05+00:00,NEAR Protocol,NEAR,2.39,3122857024,33,513783884,2.41,2.16,0.110725,4.85441,1305587168.0
2026-09-06T12:01:05+00:00,PayPal USD,PYUSD,0.999875,2935387265,34,52592712,1.0,0.999845,-4.6827581127173e-05,-0.00468,2935798963.4697447
2026-09-06T12:01:05+00:00,BlackRock USD Institutional Digital Liquidity Fund,BUIDL,1.0,2832282866,35,0.0,1.0,1.0,0.0,0.0,2832282865.800449
2026-09-06T12:01:05+00:00,Cronos,CRO,0.057273,2780479359,36,4939966,0.057588,0.056025,0.00121097,2.16004,48537553380.81811
2026-09-06T12:01:05+00:00,Tether Gold,XAUT,4423.5,2710740807,37,76694105,4428.45,4418.37,-2.5639769298622923,-0.05793,612823.6595320001
2026-09-06T12:01:05+00:00,Circle USYC,USYC,1.14,2624340328,38,0.0,1.14,1.14,0.0,0.0,2308988052.650666
2026-09-06T12:01:05+00:00,MemeCore,M,1.13,2574520728,39,1654689,1.15,1.11,0.0145719,1.30135,2269698387.367398
2026-09-06T12:01:05+00:00,Ripple USD,RLUSD,0.999999,2407103577,40,52413609,1.0,0.99982,9.736e-05,0.00974,2407151384.647233
2026-09-06T12:01:05+00:00,OKB,OKB,113.96,2393223941,41,34709936,115.96,111.67,2.34,2.10005,21000000.0
2026-09-06T12:01:05+00:00,Bittensor,TAO,241.02,2313455309,42,151163488,240.47,232.43,1.56,0.65333,9597491.0
2026-09-06T12:01:05+00:00,Ondo US Dollar Yield,USDY,1.14,2199097724,43,1989996,1.15,1.14,-0.002858963621776178,-0.24968,1920354245.1574128
2026-09-06T12:01:05+00:00,Aster,ASTER,0.787766,2126925802,44,393993308,0.863964,0.768134,-0.004281254120244604,-0.54053,2700010975.2797318
2026-09-06T12:01:05+00:00,Aave,AAVE,135.41,2088971058,45,262697499,139.93,129.52,5.77,4.45324,15427272.894872934
2026-09-06T12:01:05+00:00,Mantle,MNT,0.603736,1993696211,46,21696802,0.610864,0.573598,0.03014579,5.25563,3302294382.53684
2026-09-06T12:01:05+00:00,PAX Gold,PAXG,4429.51,1915818776,47,50675250,4435.4,4423.81,-3.9622676064709594,-0.08937,432503.322051
2026-09-06T12:01:05+00:00,Ondo,ONDO,0.379299,1847822781,48,89974106,0.379775,0.367686,0.00980038,2.65235,4869330647.0
2026-09-06T12:01:05+00:00,World Liberty Financial,WLFI,0.056935,1808781676,49,26663005,0.057586,0.056317,0.00048256,0.85481,31777074273.0
2026-09-06T12:01:05+00:00,Morpho,MORPHO,2.57,1772666175,50,41958564,2.62,2.48,0.04742719,1.87684,688660048.3235173
2026-09-06T12:01:05+00:00,Ethena,ENA,0.174669,1763098120,51,839841379,0.188609,0.161871,0.01098906,6.71374,10095312500.0
2026-09-06T12:01:05+00:00,Sky,SKY,0.071785,1680595034,52,8423720,0.071943,0.066888,0.0047328,7.05841,23423335850.535244
2026-09-06T12:01:05+00:00,Polkadot,DOT,0.98423,1673809101,53,148170570,0.973028,0.905061,0.078907,8.71593,1701483652.305329
2026-09-06T12:01:05+00:00,Pump.fun,PUMP,0.00396381,1566040373,54,248179927,0.00418515,0.0037741,-0.000214575497099786,-5.13537,395313089620.79755
2026-09-06T12:01:05+00:00,Pepe,PEPE,3.64e-06,1529187935,55,230747301,3.69e-06,3.52e-06,1.06063e-07,3.00525,420690000000000.0
2026-09-06T12:01:05+00:00,Worldcoin,WLD,0.418099,1519892770,56,159819423,0.418679,0.394972,0.01665794,4.14954,3636177360.3347373
2026-09-06T12:01:05+00:00,HTX DAO,HTX,1.69e-06,1515082652,57,31395462,1.69e-06,1.66e-06,2.3088e-08,1.38867,898232728634017.2
2026-09-06T12:01:05+00:00,Internet Computer,ICP,2.68,1489614030,58,48261501,2.73,2.59,0.04855059,1.84644,556240627.926663
2026-09-06T12:01:05+00:00,USDD,USDD,0.998198,1467279593,59,1979675,0.999568,0.997467,-0.001341696173874141,-0.13423,1470024029.0
2026-09-06T12:01:05+00:00,Bitget Token,BGB,2.01,1405459059,60,10345011,2.05,1.99,-0.000915122199158791,-0.04556,699992029.6481038
2026-09-06T12:01:05+00:00,USDGO,USDGO,0.999919,1355306023,61,34680146,1.0,0.999845,-8.0525151776589e-05,-0.00805,1355454412.77
2026-09-06T12:01:05+00:00,Falcon USD,USDF,0.996743,1339689602,62,251080,1.003,0.987829,0.00012777,0.01282,1344083107.942925
2026-09-06T12:01:05+00:00,BFUSD,BFUSD,0.999987,1319962912,63,2323834,1.0,0.999954,-4.1114364999983e-05,-0.00411,1320000000.0
2026-09-06T12:01:05+00:00,Arbitrum,ARB,0.193677,1293358614,64,950082676,0.203584,0.131919,0.061366,46.38028,6678075931.0
2026-09-06T12:01:05+00:00,United Stables,U,0.999191,1276449493,65,122717340,0.999542,0.999045,-0.000123680058825015,-0.01238,1277499107.8
2026-09-06T12:01:05+00:00,Spiko Amundi Overnight Swap Fund (EUR),EURSAFO,1.18,1229005528,66,0.0,1.18,1.18,0.0,0.0,1045687476.43203
2026-09-06T12:01:05+00:00,Ethereum Classic,ETC,7.74,1222694036,67,49779079,7.86,7.64,0.083718,1.09383,158079680.7852675
2026-09-06T12:01:05+00:00,Bitway,BTW,0.447776,1212300244,68,11226873,0.464583,0.420418,-0.001697340672345948,-0.37763,2708142280.000001
2026-09-06T12:01:05+00:00,Lighter,LIT,4.64,1158773327,69,65417768,4.86,4.53,-0.005567159350965412,-0.11995,250000000.0
2026-09-06T12:01:05+00:00,Pi Network,PI,0.095637,1065501707,70,4084395,0.096439,0.094973,0.00064609,0.68016,11141680597.248924
2026-09-06T12:01:05+00:00,POL (ex-MATIC),POL,0.097629,1045698742,71,76114982,0.100267,0.094526,0.00312266,3.30419,10709454818.56161
2026-09-06T12:01:05+00:00,Gate,GT,9.26,987097302,72,3803659,9.61,8.98,0.267626,2.97741,106618550.63980542
2026-09-06T12:01:05+00:00,KuCoin,KCS,7.13,978498792,73,2937498,7.3,7.08,0.050576,0.71395,137155021.2773955
2026-09-06T12:01:05+00:00,Blockchain Capital,BCAP,106.22,967888430,74,0.0,106.22,106.22,1.4211e-14,0.0,9112111.0
2026-09-06T12:01:05+00:00,Quant,QNT,65.74,956163937,75,15841473,67.11,63.69,1.96,3.07931,14544176.164081175
2026-09-06T12:01:05+00:00,JUST,JST,0.112237,919097571,76,24464723,0.112364,0.108135,0.00401195,3.70703,8188743036.341737
2026-09-06T12:01:05+00:00,Jupiter,JUP,0.270611,896397749,77,143601908,0.265713,0.218514,0.04497868,19.93448,3320312968.08
2026-09-06T12:01:05+00:00,Spiko EU T-Bills Money Market Fund,EUTBL,1.23,882559347,78,0.0,1.23,1.23,0.0,0.0,718027528.4955
2026-09-06T12:01:05+00:00,Dash,DASH,68.02,872534851,79,417148919,78.31,65.21,0.116173,0.17108,12828163.64374112
2026-09-06T12:01:05+00:00,Algorand,ALGO,0.095355,861869428,80,34706660,0.097499,0.093782,0.00040804,0.42976,9038985932.3071
2026-09-06T12:01:05+00:00,Cosmos Hub,ATOM,1.6,845573520,81,30188932,1.61,1.54,0.060984,3.9683,529167107.427159
2026-09-06T12:01:05+00:00,Kaspa,KAS,0.03035137,839977154,82,8368064,0.03089492,0.03004819,0.00032041,1.06693,27683423155.231007
2026-09-06T12:01:05+00:00,NEXO,NEXO,0.831925,831411101,83,2804867,0.844164,0.830517,-0.005275551129516054,-0.63014,1000000000.0
2026-09-06T12:01:05+00:00,Venice Token,VVV,17.03,813468207,84,9940284,17.79,16.98,-0.7226704374436075,-4.07113,47770343.62807527
2026-09-06T12:01:05+00:00,Janus Henderson Anemoy Treasury Fund,JTRSY,1.12,799656135,85,0.0,1.12,1.12,0.0,0.0,717141156.78007
2026-09-06T12:01:05+00:00,Render,RENDER,1.51,784920731,86,42125999,1.49,1.46,0.03806225,2.57866,518772101.28269154
2026-09-06T12:01:05+00:00,Invesco Short Duration US Government Securities Fund,USTB,11.2,774870145,87,0.0,11.2,11.2,0.0,0.0,69181764.436295
2026-09-06T12:01:05+00:00,​​Stable,STABLE,0.02818146,734735330,88,8462867,0.02918749,0.02816031,-0.000945965615864242,-3.24768,26073163580.0
2026-09-06T12:01:05+00:00,Janus Henderson Anemoy AAA CLO Fund,JAAA,1.048,710966727,89,0.0,1.048,1.048,0.0,0.0,678300455.183658
2026-09-06T12:01:05+00:00,PancakeSwap,CAKE,2.22,710619920,90,136509521,2.28,2.13,0.086126,4.04534,320777532.8279649
2026-09-06T12:01:05+00:00,GHO,GHO,0.999044,698321241,91,4726718,0.999384,0.999047,-0.000108192174605892,-0.01083,699000000.0
2026-09-06T12:01:05+00:00,Pons,PONS,0.925462,659084668,93,210696328,0.971034,0.850282,0.075472,8.87918,712104762.0614183
2026-09-06T12:01:05+00:00,Filecoin,FIL,0.797158,659007248,92,95459541,0.838778,0.774334,0.02205865,2.84591,826910928.0
2026-09-06T12:01:05+00:00,Beldex,BDX,0.078776,620084998,94,10785537,0.079955,0.07811,-0.001202338447270579,-1.50334,7870530023.658348
2026-09-06T12:01:05+00:00,Official Trump,TRUMP,2.36,617604730,95,190398398,2.42,2.34,-0.021874508723021435,-0.91895,261880985.28763402
2026-09-06T12:01:05+00:00,VeChain,VET,0.00702985,604321984,96,6710013,0.00706116,0.00686677,0.00015271,2.22061,85985041177.0
2026-09-06T12:01:05+00:00,Curve DAO,CRV,0.374719,582525282,97,74845166,0.390599,0.359931,0.01084833,2.98137,1554555546.0
2026-09-06T12:01:05+00:00,Flare,FLR,0.0066848,580228990,98,3161719,0.00680387,0.00659121,8.78311e-07,0.01314,86818814609.00671
2026-09-06T12:01:05+00:00,Ether.fi,ETHFI,0.58901,568596569,99,50788528,0.600615,0.555309,0.03300313,5.93574,965350000.0
2026-09-06T13:01:05+00:00,Bitcoin,BTC,79932,1605052789453,1,20161354170,80147,79586,218.95,0.27467,20080328.0
2026-09-06T13:01:05+00:00,Ethereum,ETH,2499.94,305045851694,2,8829132470,2521.39,2451.62,40.91,1.6636,122023857.56610575
2026-09-06T13:01:05+00:00,Tether,USDT,0.999962,183383080428,3,43949820102,1.0,0.999881,-0.000115580803158877,-0.01156,183392383062.09265
2026-09-06T13:01:05+00:00,BNB,BNB,755.82,100651649498,4,1691407380,779.7,754.74,-7.544039775414376,-0.98826,133161861.44
2026-09-06T13:01:05+00:00,XRP,XRP,1.42,89013571432,5,1576058034,1.43,1.41,0.0034914,0.24672,62744504852.0
2026-09-06T13:01:05+00:00,USDC,USDC,0.999905,74535781744,6,9902040147,1.0,0.999897,-8.5737654975993e-05,-0.00857,74543550970.483
2026-09-06T13:01:05+00:00,Solana,SOL,106.89,62584526383,7,3788922058,107.14,102.65,3.64,3.52496,585445158.844608
2026-09-06T13:01:05+00:00,TRON,TRX,0.335267,31826130831,8,245989942,0.335145,0.332901,0.00218243,0.65522,94935900212.59479
2026-09-06T13:01:05+00:00,Figure Heloc,FIGR_HELOC,1.055,23516084575,9,343538,1.055,1.004,0.01582916,1.52329,22290650137.398
2026-09-06T13:01:05+00:00,Hyperliquid,HYPE,89.16,19841439872,9,1160649985,88.64,84.94,3.95,4.63588,222445714.07414138
2026-09-06T13:01:05+00:00,Zcash,ZEC,1169.92,19792212149,10,1262973369,1206.41,1004.71,155.98,15.38323,16916382.9780448
2026-09-06T13:01:05+00:00,Dogecoin,DOGE,0.089672,13972400366,11,1378412209,0.094557,0.087114,0.00230485,2.63811,155802096383.7052
2026-09-06T13:01:05+00:00,Rain,RAIN,0.01700982,12062971235,12,40637427,0.01727553,0.01639659,0.00058518,3.56283,709207157709.9377
2026-09-06T13:01:05+00:00,Monero,XMR,539.1,10134541446,13,109949819,558.79,535.45,-5.474569168024686,-1.0053,18801037.59904108
2026-09-06T13:01:05+00:00,USDS,USDS,0.999637,9820093850,14,84135543,0.999953,0.999501,-9.4990338974643e-05,-0.0095,9822846877.735327
2026-09-06T13:01:05+00:00,Chainlink,LINK,12.34,9232561952,15,462980494,12.44,11.83,0.503726,4.25565,748099970.424884
2026-09-06T13:01:05+00:00,WhiteBIT Coin,WBT,73.67,8689943658,16,48590757,73.97,73.09,0.463818,0.63356,117956019.0
2026-09-06T13:01:05+00:00,LEO Token,LEO,9.33,8579443628,17,116335,9.35,9.22,0.06578,0.71028,919857851.9
2026-09-06T13:01:05+00:00,Cardano,ADA,0.220679,8276738676,18,452904822,0.223606,0.215218,0.00414417,1.91386,37504333228.36598
2026-09-06T13:01:05+00:00,Stellar,XLM,0.186324,6486091050,19,122095040,0.187637,0.183105,0.00191414,1.03798,34802059337.64884
2026-09-06T13:01:05+00:00,Bitcoin Cash,BCH,258.66,5195703756,20,166597707,264.82,248.61,9.37,3.7586,20085359.27165078
2026-09-06T13:01:05+00:00,Dai,DAI,0.99983,4609547113,21,209452847,1.0,0.999675,-9.0161220260288e-05,-0.00902,4610386565.675083
2026-09-06T13:01:05+00:00,Uniswap,UNI,7.03,4383622999,22,1138006323,7.48,6.21,0.788614,12.63155,623212423.7271129
2026-09-06T13:01:05+00:00,Canton,CC,0.110079,4353293694,23,8720814,0.111423,0.108689,0.00029609,0.26971,39539104491.68428
2026-09-06T13:01:05+00:00,Ethena USDe,USDE,0.999862,4351031857,24,30004819,1.0,0.999832,-5.5689168541484e-05,-0.00557,4351675100.803718
2026-09-06T13:01:05+00:00,USD1,USD1,0.999635,4246534908,25,882752846,0.999779,0.999515,-2.6335661632571e-05,-0.00263,4248045903.897321
2026-09-06T13:01:05+00:00,Litecoin,LTC,54.3,4212015994,26,361492961,55.3,53.5,0.683672,1.27521,77577423.06367686
2026-09-06T13:01:05+00:00,Gram (prev. Toncoin),GRAM,1.42,3961694200,27,29142338,1.45,1.41,-0.004789778867466454,-0.33519,2782051766.2168627
2026-09-06T13:01:05+00:00,Hedera,HBAR,0.081077,3553977868,28,56516791,0.082287,0.080092,0.0001025,0.12658,43831559704.3353
2026-09-06T13:01:05+00:00,Avalanche,AVAX,7.69,3321185834,29,213275713,7.74,7.51,0.147951,1.96093,431771961.1772119
2026-09-06T13:01:05+00:00,Sui,SUI,0.798683,3271888144,30,625685623,0.812155,0.786055,-0.001627907077908053,-0.20341,4096537146.5409594
2026-09-06T13:01:05+00:00,Global Dollar,USDG,0.999958,3262505986,31,1426814649,1.0,0.99989,-0.000211836263764531,-0.02118,3262674582.733342
2026-09-06T13:01:05+00:00,Shiba Inu,SHIB,5.43e-06,3201196110,32,68085381,5.57e-06,5.42e-06,-1.250244664e-08,-0.22962,589239307782558.2
2026-09-06T13:01:05+00:00,NEAR Protocol,NEAR,2.34,3056663852,33,501238508,2.41,2.16,0.107184,4.79753,1305587138.0
2026-09-06T13:01:05+00:00,PayPal USD,PYUSD,0.99988,2935532422,34,51598209,1.0,0.999845,-9.2794279104025e-05,-0.00928,2935798963.4696574
2026-09-06T13:01:05+00:00,BlackRock USD Institutional Digital Liquidity Fund,BUIDL,1.0,2832282866,35,0.0,1.0,1.0,1.11e-16,0.0,2832282865.800449
2026-09-06T13:01:05+00:00,Cronos,CRO,0.05723,2778098670,36,5047539,0.057654,0.056155,0.00080637,1.42913,48537639019.01406
2026-09-06T13:01:05+00:00,Tether Gold,XAUT,4421.74,2709737782,37,78759429,4428.45,4418.37,-3.6260885817328017,-0.08194,612823.6595320001
2026-09-06T13:01:05+00:00,Circle USYC,USYC,1.14,2624340328,38,0.0,1.14,1.14,0.0,0.0,2308988052.650666
2026-09-06T13:01:05+00:00,MemeCore,M,1.13,2571424802,39,1810143,1.15,1.11,0.01399591,1.25082,2269713807.086116
2026-09-06T13:01:05+00:00,Ripple USD,RLUSD,0.999964,2407030590,40,52737906,1.0,0.99982,-1.8881258796455e-05,-0.00189,2407151384.647233
2026-09-06T13:01:05+00:00,OKB,OKB,113.61,2386253125,41,32484241,115.96,112.71,-0.010153980522829897,-0.00894,21000000.0
2026-09-06T13:01:05+00:00,Bittensor,TAO,243.42,2338481921,42,166770416,242.26,232.43,6.07,2.55691,9597491.0
2026-09-06T13:01:05+00:00,Ondo US Dollar Yield,USDY,1.14,2198976439,43,2063120,1.15,1.14,-0.004516856951268577,-0.39443,1920354245.1574128
2026-09-06T13:01:05+00:00,Aster,ASTER,0.781247,2109482879,44,348672071,0.863964,0.768134,-0.050440733884376865,-6.06486,2700010975.2797318
2026-09-06T13:01:05+00:00,Aave,AAVE,134.9,2081312652,45,262350873,139.93,129.52,4.17,3.18617,15427273.563592426
2026-09-06T13:01:05+00:00,Mantle,MNT,0.608637,2007470302,46,16886296,0.610864,0.577891,0.02750136,4.73235,3302294382.53684
2026-09-06T13:01:05+00:00,PAX Gold,PAXG,4427.32,1914805501,47,51890260,4435.4,4423.81,-5.193283441508356,-0.11716,432503.322051
2026-09-06T13:01:05+00:00,Ondo,ONDO,0.379482,1849003539,48,91605278,0.380887,0.367686,0.00617367,1.65377,4869330647.0
2026-09-06T13:01:05+00:00,World Liberty Financial,WLFI,0.056821,1805801822,49,25916412,0.057586,0.056338,0.00047614,0.84504,31777074273.0
2026-09-06T13:01:05+00:00,Morpho,MORPHO,2.58,1778216908,50,43316252,2.62,2.48,0.065953,2.62078,688662132.0737593
2026-09-06T13:01:05+00:00,Ethena,ENA,0.172054,1736678352,51,817755966,0.188609,0.161871,0.00643579,3.88591,10095312500.0
2026-09-06T13:01:05+00:00,Sky,SKY,0.071865,1683655631,52,8538954,0.072034,0.067203,0.00426751,6.31311,23423335850.535244
2026-09-06T13:01:05+00:00,Polkadot,DOT,0.96861,1648795574,53,148913949,0.98892,0.906814,0.050507,5.50123,1701492755.139299
2026-09-06T13:01:05+00:00,Pump.fun,PUMP,0.00405118,1601137667,54,248104240,0.00414089,0.0037741,-7.4337457874107e-05,-1.80189,395309418293.45856
2026-09-06T13:01:05+00:00,Worldcoin,WLD,0.421873,1534081450,55,157881851,0.421194,0.394972,0.01979164,4.9223,3636178579.471386
2026-09-06T13:01:05+00:00,Pepe,PEPE,3.62e-06,1523276163,56,222279780,3.69e-06,3.55e-06,4.5244e-08,1.26522,420690000000000.0
2026-09-06T13:01:05+00:00,HTX DAO,HTX,1.69e-06,1516868322,57,30928065,1.69e-06,1.66e-06,2.4201e-08,1.45406,898232728634017.2
2026-09-06T13:01:05+00:00,Internet Computer,ICP,2.7,1501296703,58,52619724,2.73,2.59,0.066735,2.53474,556240627.926663
2026-09-06T13:01:05+00:00,USDD,USDD,0.998165,1466316232,59,2082310,0.999534,0.997467,-0.001349722557033028,-0.13504,1469028944.0
2026-09-06T13:01:05+00:00,Bitget Token,BGB,2.01,1408890423,60,10276601,2.05,1.99,-0.003690259492993064,-0.18296,699992029.6481038
2026-09-06T13:01:05+00:00,USDGO,USDGO,0.999897,1355362536,61,33990115,1.0,0.999832,-9.3657232738464e-05,-0.00937,1355454412.77
2026-09-06T13:01:05+00:00,Falcon USD,USDF,0.996751,1339699584,62,250296,1.003,0.987829,0.00011171,0.01121,1344083107.942925
2026-09-06T13:01:05+00:00,BFUSD,BFUSD,0.999956,1319925922,63,2313618,1.0,0.999954,-6.7989337347973e-05,-0.0068,1320000000.0
2026-09-06T13:01:05+00:00,United Stables,U,0.999166,1276423012,64,120186328,0.999542,0.999045,-0.000121068315364403,-0.01212,1277499107.8
2026-09-06T13:01:05+00:00,Arbitrum,ARB,0.190102,1269232453,65,957339978,0.203584,0.131919,0.0556,41.33741,6678075931.0
2026-09-06T13:01:05+00:00,Spiko Amundi Overnight Swap Fund (EUR),EURSAFO,1.18,1229005528,66,0.0,1.18,1.18,0.0,0.0,1045687476.43203
2026-09-06T13:01:05+00:00,Ethereum Classic,ETC,7.71,1219397775,67,49603927,7.86,7.69,-0.07073078512978181,-0.90856,158079680.7852675
2026-09-06T13:01:05+00:00,Bitway,BTW,0.448957,1215658057,68,10877890,0.465303,0.43156,0.01528203,3.52384,2708142280.000001
2026-09-06T13:01:05+00:00,Lighter,LIT,4.53,1132779908,69,64386331,4.86,4.53,-0.08976341645629393,-1.94229,250000000.0
2026-09-06T13:01:05+00:00,Pi Network,PI,0.095427,1063139387,70,4022412,0.096439,0.095011,-5.762138398549e-05,-0.06035,11141680597.248924
2026-09-06T13:01:05+00:00,POL (ex-MATIC),POL,0.097218,1041075274,71,75306968,0.100267,0.09461,0.00192676,2.02197,10709454818.56161
2026-09-06T13:01:05+00:00,Gate,GT,9.19,980191152,72,3745592,9.61,8.99,0.203276,2.2611,106618584.23147702
2026-09-06T13:01:05+00:00,KuCoin,KCS,7.12,976687342,73,2979630,7.3,7.11,0.01122422,0.15787,137155021.2773955
2026-09-06T13:01:05+00:00,Blockchain Capital,BCAP,106.22,967888430,74,0.0,106.22,106.22,0.0,0.0,9112111.0
2026-09-06T13:01:05+00:00,Quant,QNT,65.55,953404689,75,15488357,67.11,63.69,1.27,1.98156,14544176.164081175
2026-09-06T13:01:05+00:00,JUST,JST,0.112813,923807990,76,22759179,0.112395,0.108267,0.00418643,3.85397,8188743036.341737
2026-09-06T13:01:05+00:00,Jupiter,JUP,0.266421,884617907,77,168659425,0.282272,0.218514,0.04156029,18.48265,3320312968.08
2026-09-06T13:01:05+00:00,Spiko EU T-Bills Money Market Fund,EUTBL,1.23,882559347,78,0.0,1.23,1.23,0.0,0.0,718027528.4955
2026-09-06T13:01:05+00:00,Algorand,ALGO,0.095068,859649362,79,36767073,0.097499,0.093782,-0.001715152703557321,-1.77215,9038985932.3071
2026-09-06T13:01:05+00:00,Dash,DASH,66.93,858646783,80,392087949,78.31,65.21,-1.5414311472549542,-2.25106,12828163.64374112
2026-09-06T13:01:05+00:00,Kaspa,KAS,0.03042594,842408261,81,8547985,0.03089492,0.03009138,-6.952388635004e-06,-0.02284,27683423155.231007
2026-09-06T13:01:05+00:00,Cosmos Hub,ATOM,1.58,837383648,82,29850430,1.61,1.54,0.03541539,2.28859,529176149.464829
2026-09-06T13:01:05+00:00,NEXO,NEXO,0.833645,833643080,83,2718399,0.844164,0.828951,-0.00356763171794261,-0.42613,1000000000.0
2026-09-06T13:01:05+00:00,Venice Token,VVV,17.0,811818489,84,9453119,17.65,16.98,-0.6437113766125151,-3.64924,47770618.7437865
2026-09-06T13:01:05+00:00,Janus Henderson Anemoy Treasury Fund,JTRSY,1.12,799656135,85,0.0,1.12,1.12,0.0,0.0,717141156.78007
2026-09-06T13:01:05+00:00,Render,RENDER,1.51,784192327,86,44594096,1.52,1.46,0.02823046,1.90387,518772101.28269154
2026-09-06T13:01:05+00:00,Invesco Short Duration US Government Securities Fund,USTB,11.2,774971484,87,0.0,11.2,11.2,0.0,0.0,69190812.145106
2026-09-06T13:01:05+00:00,​​Stable,STABLE,0.02818763,735008818,88,7791071,0.02918749,0.02816031,-0.000912095433354139,-3.13438,26074963648.0
2026-09-06T13:01:05+00:00,Janus Henderson Anemoy AAA CLO Fund,JAAA,1.048,710966727,89,0.0,1.048,1.048,0.0,0.0,678300455.183658
2026-09-06T13:01:05+00:00,PancakeSwap,CAKE,2.2,706481952,90,130669049,2.28,2.18,-0.006284330859113396,-0.28453,320777532.8279649
2026-09-06T13:01:05+00:00,GHO,GHO,0.99901,698299504,91,4726106,0.999384,0.999026,-0.000153383101544668,-0.01535,699000000.0
2026-09-06T13:01:05+00:00,Pons,PONS,0.930143,662726317,92,204883313,0.971034,0.853002,0.02933023,3.25598,712104762.0614183
2026-09-06T13:01:05+00:00,Filecoin,FIL,0.792376,655411307,93,93175310,0.838778,0.776759,0.00348828,0.44218,826912438.0
2026-09-06T13:01:05+00:00,Beldex,BDX,0.078835,620200396,94,10771438,0.079793,0.07811,-0.000928078828554418,-1.16354,7870530740.576862
2026-09-06T13:01:05+00:00,Official Trump,TRUMP,2.35,614181197,95,189271509,2.42,2.34,-0.03718111020694037,-1.56028,261880985.28763402
2026-09-06T13:01:05+00:00,VeChain,VET,0.00706899,608091489,96,7098672,0.00706116,0.00686677,0.00013619,1.96442,85985041177.0
2026-09-06T13:01:05+00:00,Flare,FLR,0.00664504,576914274,97,3204485,0.00680387,0.00659121,-5.8926669155653e-05,-0.87898,86818814609.00671
2026-09-06T13:01:05+00:00,Curve DAO,CRV,0.370122,575476977,98,76138732,0.390599,0.359931,0.00561806,1.54129,1554555546.0
2026-09-06T13:01:05+00:00,Ether.fi,ETHFI,0.584966,564691024,99,49884464,0.600615,0.555309,0.02202764,3.91297,965350000.0
2026-09-06T13:16:05+00:00,Bitcoin,BTC,79907,1604523169371,1,20091793736,80147,79618,192.14,0.24103,20080328.0
2026-09-06T13:16:05+00:00,Ethereum,ETH,2498.08,304804976707,2,8781713255,2521.39,2453.9,38.74,1.57539,122023857.56610575
2026-09-06T13:16:05+00:00,Tether,USDT,0.999985,183389450190,3,43843736563,1.0,0.999881,-0.00010100106992883,-0.0101,183392383062.09265
2026-09-06T13:16:05+00:00,BNB,BNB,753.78,100374897184,4,1652795496,779.7,754.48,-13.121467807131467,-1.71096,133161861.44
2026-09-06T13:16:05+00:00,XRP,XRP,1.42,88982774450,5,1563711836,1.43,1.41,0.00160631,0.11339,62744504852.0
2026-09-06T13:16:05+00:00,USDC,USDC,0.999927,74538057799,6,9886538391,1.0,0.999896,-3.8511386011075e-05,-0.00385,74543550970.483
2026-09-06T13:16:05+00:00,Solana,SOL,106.72,62467380845,7,3789363464,107.22,102.66,3.46,3.35557,585445141.4816855
2026-09-06T13:16:05+00:00,TRON,TRX,0.335437,31840171765,8,228992982,0.335375,0.332923,0.00231174,0.69396,94935900212.59479
2026-09-06T13:16:05+00:00,Figure Heloc,FIGR_HELOC,1.055,23516084575,9,343538,1.055,1.004,0.01583859,1.52421,22290650137.398
2026-09-06T13:16:05+00:00,Zcash,ZEC,1181.09,19979769739,9,1295719341,1206.41,1004.71,166.6,16.4219,16916382.9780448
2026-09-06T13:16:05+00:00,Hyperliquid,HYPE,89.27,19859712675,10,1150375507,89.6,84.94,4.08,4.79027,222445714.07414138
2026-09-06T13:16:05+00:00,Dogecoin,DOGE,0.089815,13992827464,11,1379045485,0.094557,0.087184,0.00246855,2.82614,155802096383.7052
2026-09-06T13:16:05+00:00,Rain,RAIN,0.01699843,12056756350,12,40776564,0.01727553,0.01640142,0.0005658,3.44314,709207160960.9775
2026-09-06T13:16:05+00:00,Monero,XMR,538.53,10120706963,13,109417730,558.79,533.66,-6.201308876654821,-1.13842,18801037.59904108
2026-09-06T13:16:05+00:00,USDS,USDS,0.999561,9818538242,14,83594030,0.999953,0.999501,-0.000176333885147151,-0.01764,9822846877.735327
2026-09-06T13:16:05+00:00,Chainlink,LINK,12.33,9223478990,15,464953210,12.44,11.84,0.471618,3.97709,748099970.424884
2026-09-06T13:16:05+00:00,WhiteBIT Coin,WBT,73.62,8683207810,16,48732639,73.97,73.13,0.405022,0.55319,117956019.0
2026-09-06T13:16:05+00:00,LEO Token,LEO,9.33,8580078146,17,116274,9.35,9.22,0.06996,0.7557,919857851.9
2026-09-06T13:16:05+00:00,Cardano,ADA,0.219812,8244028884,18,450243350,0.223606,0.215322,0.00337117,1.55755,37504333228.36598
2026-09-06T13:16:05+00:00,Stellar,XLM,0.186541,6492809619,19,122045158,0.187637,0.183161,0.00207264,1.12358,34802059240.986206
2026-09-06T13:16:05+00:00,Bitcoin Cash,BCH,258.62,5194171245,20,166735348,264.82,249.06,9.28,3.72326,20085359.27165078
2026-09-06T13:16:05+00:00,Dai,DAI,0.999949,4610150817,21,208503370,1.0,0.999675,0.00021059,0.02106,4610386565.675083
2026-09-06T13:16:05+00:00,Uniswap,UNI,7.02,4374653337,22,1136597752,7.48,6.25,0.773494,12.38075,623212423.7271129
2026-09-06T13:16:05+00:00,Canton,CC,0.110154,4355632296,23,8655461,0.111423,0.108689,0.00049668,0.45294,39539104491.68428
2026-09-06T13:16:05+00:00,Ethena USDe,USDE,0.999871,4351186141,24,28889473,1.0,0.999832,-6.4100418434632e-05,-0.00641,4351675100.803718
2026-09-06T13:16:05+00:00,USD1,USD1,0.999636,4246418280,25,879522603,0.999779,0.999515,-2.5104871707815e-05,-0.00251,4248045903.897321
2026-09-06T13:16:05+00:00,Litecoin,LTC,54.3,4212583224,26,356564789,55.3,53.5,0.472232,0.87728,77577423.06367686
2026-09-06T13:16:05+00:00,Gram (prev. Toncoin),GRAM,1.43,3965242389,27,28672875,1.45,1.41,-0.000782400006943185,-0.05486,2782062314.3316813
2026-09-06T13:16:05+00:00,Hedera,HBAR,0.081072,3553415204,28,54378549,0.082287,0.080092,-0.000284422327700942,-0.3496,43831559704.37829
2026-09-06T13:16:05+00:00,Avalanche,AVAX,7.69,3317796259,29,211290908,7.74,7.53,0.134829,1.78574,431771961.1772119
2026-09-06T13:16:05+00:00,Sui,SUI,0.798129,3269605606,30,619412499,0.812155,0.786055,-0.001465630931882678,-0.1833,4096537146.5409594
2026-09-06T13:16:05+00:00,Global Dollar,USDG,0.999971,3262564150,31,1430251506,1.0,0.99989,-0.000115841850621079,-0.01158,3262674582.733342
2026-09-06T13:16:05+00:00,Shiba Inu,SHIB,5.43e-06,3202802039,32,68953000,5.57e-06,5.42e-06,-3.0199529848e-08,-0.55285,589239307782558.2
2026-09-06T13:16:05+00:00,NEAR Protocol,NEAR,2.36,3085617442,33,505038087,2.41,2.16,0.135115,6.06366,1305587125.0
2026-09-06T13:16:05+00:00,PayPal USD,PYUSD,0.999847,2935351243,34,51015665,1.0,0.999845,-0.00014521175912996,-0.01452,2935798963.4696574
2026-09-06T13:16:05+00:00,BlackRock USD Institutional Digital Liquidity Fund,BUIDL,1.0,2832282866,35,0.0,1.0,1.0,0.0,0.0,2832282865.800449
2026-09-06T13:16:05+00:00,Cronos,CRO,0.057128,2772884225,36,4997189,0.057654,0.056155,0.00063025,1.11552,48537676887.85934
2026-09-06T13:16:05+00:00,Tether Gold,XAUT,4421.06,2709331942,37,77218571,4428.45,4418.37,-4.078077751730234,-0.09216,612823.6595320001
2026-09-06T13:16:05+00:00,Circle USYC,USYC,1.14,2624340328,38,0.0,1.14,1.14,0.0,0.0,2308988052.650666
2026-09-06T13:16:05+00:00,MemeCore,M,1.13,2572672507,39,1815570,1.15,1.11,0.01328338,1.18644,2269729256.807129
2026-09-06T13:16:05+00:00,Ripple USD,RLUSD,0.999955,2407043612,40,53198372,1.0,0.99982,-5.785991647389e-05,-0.00579,2407151384.647233
2026-09-06T13:16:05+00:00,OKB,OKB,113.54,2384502153,41,30980333,115.96,112.71,-0.6143784036945448,-0.5382,21000000.0
2026-09-06T13:16:05+00:00,Bittensor,TAO,244.0,2341537631,42,169315486,246.58,232.43,6.37,2.67912,9597491.0
2026-09-06T13:16:05+00:00,Ondo US Dollar Yield,USDY,1.15,2186613354,43,594811,1.15,1.14,0.00105822,0.0925,1920354245.156417
2026-09-06T13:16:05+00:00,Aster,ASTER,0.779936,2106343291,44,330328202,0.83654,0.768134,-0.08023688005460783,-9.328,2700010975.2797318
2026-09-06T13:16:05+00:00,Aave,AAVE,134.76,2078860485,45,261497304,139.93,129.89,4.0,3.05756,15427273.564360995
2026-09-06T13:16:05+00:00,Mantle,MNT,0.604995,1998132222,46,21668792,0.610864,0.577891,0.02312901,3.97497,3302294382.53684
2026-09-06T13:16:05+00:00,PAX Gold,PAXG,4427.38,1914935506,47,51726185,4435.4,4423.81,-5.153284582220294,-0.11626,432503.322051
2026-09-06T13:16:05+00:00,Ondo,ONDO,0.378495,1843350637,48,91568281,0.381736,0.367686,0.0060998,1.63799,4869330647.0
2026-09-06T13:16:05+00:00,World Liberty Financial,WLFI,0.056547,1796557836,49,25689504,0.057586,0.056489,1.702e-05,0.03011,31777074273.0
2026-09-06T13:16:05+00:00,Morpho,MORPHO,2.58,1779540761,50,43073729,2.62,2.48,0.068406,2.71865,688662132.0737593
2026-09-06T13:16:05+00:00,Ethena,ENA,0.172061,1736278936,51,821061551,0.188609,0.161871,0.00724841,4.39796,10095312500.0
2026-09-06T13:16:05+00:00,Sky,SKY,0.07177,1681152421,52,8487970,0.072065,0.067203,0.00410991,6.07433,23423290067.212555
2026-09-06T13:16:05+00:00,Polkadot,DOT,0.97065,1650227875,53,147881656,0.990854,0.906814,0.055473,6.06144,1701492755.139299
2026-09-06T13:16:05+00:00,Pump.fun,PUMP,0.00404815,1600134624,54,245899804,0.00412656,0.0037741,-6.8942083704029e-05,-1.67453,395309418293.45856
2026-09-06T13:16:05+00:00,Worldcoin,WLD,0.4192,1524662776,55,153444704,0.424238,0.394972,0.0161518,4.00741,3636178579.471386
2026-09-06T13:16:05+00:00,Pepe,PEPE,3.62e-06,1522904343,56,220899386,3.69e-06,3.55e-06,4.2487e-08,1.18779,420690000000000.0
2026-09-06T13:16:05+00:00,HTX DAO,HTX,1.69e-06,1516020928,57,31238495,1.69e-06,1.66e-06,2.4229e-08,1.45644,898232728634017.2
2026-09-06T13:16:05+00:00,Internet Computer,ICP,2.72,1510756497,58,53956461,2.73,2.59,0.091252,3.47483,556240627.926663
2026-09-06T13:16:05+00:00,USDD,USDD,0.998182,1466638178,59,2081260,0.999399,0.997467,-0.000821628407186581,-0.08224,1469382518.0
2026-09-06T13:16:05+00:00,Bitget Token,BGB,2.01,1408169221,60,10184917,2.05,1.99,-0.004799306980148632,-0.23799,699992029.6481038
2026-09-06T13:16:05+00:00,USDGO,USDGO,0.999923,1355304577,61,33664117,1.0,0.999832,-8.317275201819e-05,-0.00832,1355454412.77
2026-09-06T13:16:05+00:00,Falcon USD,USDF,0.996726,1339682738,62,226374,1.003,0.987829,5.5e-05,0.00552,1344083107.942925
2026-09-06T13:16:05+00:00,BFUSD,BFUSD,0.999979,1319972380,63,2310964,1.0,0.999944,-5.3967765115126e-05,-0.0054,1320000000.0
2026-09-06T13:16:05+00:00,United Stables,U,0.999294,1276596361,64,119268236,0.999542,0.999045,-8.449106986608e-06,-0.00085,1277499107.8
2026-09-06T13:16:05+00:00,Arbitrum,ARB,0.189668,1265964297,65,946856739,0.203584,0.131919,0.055747,41.62702,6678075931.0
2026-09-06T13:16:05+00:00,Spiko Amundi Overnight Swap Fund (EUR),EURSAFO,1.18,1229005528,66,0.0,1.18,1.18,0.0,0.0,1045687476.43203
2026-09-06T13:16:05+00:00,Ethereum Classic,ETC,7.73,1221761634,67,49544553,7.86,7.69,-0.04808629864586411,-0.61859,158079680.7852675
2026-09-06T13:16:05+00:00,Bitway,BTW,0.449987,1218662029,68,10738606,0.465303,0.43329,0.01014787,2.30718,2708142280.000001
2026-09-06T13:16:05+00:00,Lighter,LIT,4.56,1140195407,69,65052427,4.86,4.53,-0.05612212108898085,-1.21453,250000000.0
2026-09-06T13:16:05+00:00,Pi Network,PI,0.095442,1063475741,70,3959079,0.096439,0.095011,4.326e-05,0.04534,11141680597.248924
2026-09-06T13:16:05+00:00,POL (ex-MATIC),POL,0.097202,1041080460,71,75524814,0.100267,0.094652,0.00208636,2.19349,10709454818.56161
2026-09-06T13:16:05+00:00,Gate,GT,9.22,982431847,72,3723649,9.61,9.0,0.200366,2.22193,106618584.23147702
2026-09-06T13:16:05+00:00,KuCoin,KCS,7.12,976381754,73,2988844,7.3,7.11,0.00597519,0.08401,137155021.2773955
2026-09-06T13:16:05+00:00,Blockchain Capital,BCAP,106.22,967888430,74,0.0,106.22,106.22,0.0,0.0,9112111.0
2026-09-06T13:16:05+00:00,Quant,QNT,65.62,954258914,75,15808231,67.11,63.69,1.48,2.30602,14544176.164081175
2026-09-06T13:16:05+00:00,JUST,JST,0.113086,925972847,76,22915354,0.112831,0.108267,0.00445325,4.09935,8188743036.341737
2026-09-06T13:16:05+00:00,Jupiter,JUP,0.267854,888655431,77,171959437,0.282272,0.218514,0.04309248,19.1725,3320312968.08
2026-09-06T13:16:05+00:00,Spiko EU T-Bills Money Market Fund,EUTBL,1.23,882559347,78,0.0,1.23,1.23,0.0,0.0,718027528.4955
2026-09-06T13:16:05+00:00,Dash,DASH,67.85,869926955,79,394545946,78.31,65.21,-0.11535712064232939,-0.16974,12828163.64374112
2026-09-06T13:16:05+00:00,Algorand,ALGO,0.095184,860545084,80,36110462,0.097499,0.093782,-0.001310955672963035,-1.35857,9038985932.3071
2026-09-06T13:16:05+00:00,Kaspa,KAS,0.0304575,843332491,81,8571796,0.03089492,0.03009138,0.00012844,0.42349,27683423155.231007
2026-09-06T13:16:05+00:00,Cosmos Hub,ATOM,1.58,837740152,82,29158354,1.61,1.54,0.03422116,2.2095,529176149.464829
2026-09-06T13:16:05+00:00,NEXO,NEXO,0.832205,832332752,83,2907338,0.844164,0.828951,-0.002116287548739715,-0.25365,1000000000.0
2026-09-06T13:16:05+00:00,Venice Token,VVV,17.03,813634685,84,9394946,17.48,16.98,-0.5753705882491715,-3.26803,47770604.862673566
2026-09-06T13:16:05+00:00,Janus Henderson Anemoy Treasury Fund,JTRSY,1.12,799656135,85,0.0,1.12,1.12,0.0,0.0,717141156.78007
2026-09-06T13:16:05+00:00,Render,RENDER,1.52,789719169,86,46847730,1.52,1.46,0.04309421,2.9126,518772101.28269154
2026-09-06T13:16:05+00:00,Invesco Short Duration US Government Securities Fund,USTB,11.2,774971484,87,0.0,11.2,11.2,0.0,0.0,69190812.145106
2026-09-06T13:16:05+00:00,​​Stable,STABLE,0.0282627,736553493,88,7803007,0.02914402,0.02807574,-0.000913842985373458,-3.13212,26074895747.0
2026-09-06T13:16:05+00:00,Janus Henderson Anemoy AAA CLO Fund,JAAA,1.048,710966727,89,0.0,1.048,1.048,0.0,0.0,678300455.183658
2026-09-06T13:16:05+00:00,PancakeSwap,CAKE,2.19,703031210,90,126123425,2.28,2.18,-0.05565913300114067,-2.47658,320777532.8279649
2026-09-06T13:16:05+00:00,GHO,GHO,0.999006,698305973,91,4905907,0.999384,0.998998,-0.000188662338823309,-0.01888,699000000.0
2026-09-06T13:16:05+00:00,Pons,PONS,0.92161,656401915,92,205974340,0.971034,0.853002,0.03786198,4.28425,712104762.0614183
2026-09-06T13:16:05+00:00,Filecoin,FIL,0.791791,654564446,93,92444889,0.838778,0.776759,-0.001923446941469065,-0.24233,826913194.0
2026-09-06T13:16:05+00:00,Beldex,BDX,0.078793,619948793,94,10746822,0.079615,0.07811,-0.000766904308860311,-0.96393,7870531069.586273
2026-09-06T13:16:05+00:00,Official Trump,TRUMP,2.34,613599587,95,189053050,2.42,2.34,-0.053732881665844445,-2.24206,261880985.28763402
2026-09-06T13:16:05+00:00,VeChain,VET,0.00703517,605366183,96,6976803,0.007088,0.00686677,8.579e-05,1.23452,85985041177.0
2026-09-06T13:16:05+00:00,Flare,FLR,0.00664775,577186659,97,3166706,0.00680387,0.00659121,-5.3904945456733e-05,-0.80435,86818814609.00671
2026-09-06T13:16:05+00:00,Curve DAO,CRV,0.368216,572406289,98,76623353,0.390599,0.360131,0.0047012,1.29326,1554555546.0
2026-09-06T13:16:05+00:00,Ether.fi,ETHFI,0.584214,564001243,99,50686712,0.600615,0.555309,0.02142549,3.80702,965350000.0
2026-09-06T14:01:03+00:00,Bitcoin,BTC,79823,1602795645190,1,19956006686,80147,79618,199.64,0.22452,20080328.0
2026-09-06T14:01:03+00:00,Ethereum,ETH,2495.08,304455905495,2,8753115186,2521.39,2453.9,41.41,1.65658,122023857.56610575
2026-09-06T14:01:03+00:00,Tether,USDT,0.999943,183380213503,3,43899754606,1.0,0.999881,-0.000130168000398223,-0.0159,183392383062.09265
2026-09-06T14:01:03+00:00,BNB,BNB,750.82,99982120904,4,1611544607,779.7,754.48,-9.033037653820656,-1.29427,133161861.44
2026-09-06T14:01:03+00:00,XRP,XRP,1.42,88907070442,5,1547740047,1.43,1.41,0.00448486,0.24657,62744504852.0
2026-09-06T14:01:03+00:00,USDC,USDC,0.999954,74539395174,6,10054781977,1.0,0.999896,-3.2156680046747e-05,-0.00682,74543550970.483
2026-09-06T14:01:03+00:00,Solana,SOL,106.9,62572321642,7,3841095266,107.22,102.66,4.23,4.18144,585445119.6577146
2026-09-06T14:01:03+00:00,TRON,TRX,0.334939,31799293622,8,252019622,0.335375,0.332923,0.00178924,0.54716,94935900212.59479
2026-09-06T14:01:03+00:00,Figure Heloc,FIGR_HELOC,1.055,23516084575,9,343538,1.055,1.004,0.01583208,1.52488,22290650137.398
2026-09-06T14:01:03+00:00,Zcash,ZEC,1182.33,20001306385,9,1338265691,1206.41,1004.71,167.71,16.35904,16916382.9780448
2026-09-06T14:01:03+00:00,Hyperliquid,HYPE,89.43,19892398512,10,1198040023,89.6,84.94,4.22,4.91663,222445714.07414138
2026-09-06T14:01:03+00:00,Dogecoin,DOGE,0.089762,13984532768,11,1367192785,0.094557,0.087184,0.00256452,2.84441,155803876383.7052
2026-09-06T14:01:03+00:00,Rain,RAIN,0.01692695,12004171462,12,29384138,0.01727553,0.01640142,0.00051208,3.06739,709207160960.9775
2026-09-06T14:01:03+00:00,Monero,XMR,529.96,9963812904,13,107011350,558.79,533.66,-9.802144305156503,-1.86141,18801069.99830875
2026-09-06T14:01:03+00:00,USDS,USDS,0.999572,9822502049,14,83029238,0.999953,0.999501,-0.00014900833114817,-0.01863,9825164855.600397
2026-09-06T14:01:03+00:00,Chainlink,LINK,12.34,9229298338,15,464957117,12.44,11.84,0.496718,4.18649,748099970.424884
2026-09-06T14:01:03+00:00,WhiteBIT Coin,WBT,73.56,8677192357,16,49963120,73.97,73.13,0.434302,0.55063,117956019.0
2026-09-06T14:01:03+00:00,LEO Token,LEO,9.33,8580629249,17,115361,9.35,9.22,0.06783,0.73793,919857851.9
2026-09-06T14:01:03+00:00,Cardano,ADA,0.21938,8226922463,18,450713538,0.223606,0.215322,0.00369671,1.77617,37504333228.36598
2026-09-06T14:01:03+00:00,Stellar,XLM,0.186296,6482540484,19,122171221,0.187637,0.183161,0.00294699,1.62063,34802058983.18777
2026-09-06T14:01:03+00:00,Bitcoin Cash,BCH,258.9,5199970555,20,165545032,264.82,249.06,9.11,3.62386,20085359.27165078
2026-09-06T14:01:03+00:00,Dai,DAI,0.999821,4610694256,21,214668436,1.0,0.999675,-0.000101717530956003,0.00626,4611561584.577947
2026-09-06T14:01:03+00:00,Ethena USDe,USDE,0.99984,4370065345,22,25794149,1.0,0.999832,-7.1945334514489e-05,-0.01099,4370875099.703717
2026-09-06T14:01:03+00:00,Uniswap,UNI,7.0,4363061760,23,1140199334,7.48,6.25,0.755254,12.06305,623212423.7271129
2026-09-06T14:01:03+00:00,Canton,CC,0.109766,4340070106,24,8142162,0.111423,0.108689,0.00056919,0.49123,39539673109.14841
2026-09-06T14:01:03+00:00,USD1,USD1,0.99964,4246418934,25,876270535,0.999779,0.999515,5.513e-05,0.00202,4248045903.896932
2026-09-06T14:01:03+00:00,Litecoin,LTC,54.57,4235085562,26,354954510,55.3,53.5,0.664743,1.19412,77577423.06367686
2026-09-06T14:01:03+00:00,Gram (prev. Toncoin),GRAM,1.42,3962695070,27,28738243,1.45,1.41,-0.001489369872766932,-0.1285,2782075506.4123654
2026-09-06T14:01:03+00:00,Hedera,HBAR,0.081048,3552514747,28,53260406,0.082287,0.080092,0.00066749,0.85297,43831559704.37829
2026-09-06T14:01:03+00:00,Avalanche,AVAX,7.68,3317074542,29,210487261,7.74,7.53,0.150923,2.03193,431771961.1772119
2026-09-06T14:01:03+00:00,Sui,SUI,0.799463,3275094938,30,599102186,0.812155,0.786055,0.00555161,0.5785,4096537146.5409594
2026-09-06T14:01:03+00:00,Global Dollar,USDG,1.0,3262810548,31,1441709525,1.0,0.99989,-6.752536266585e-06,-0.00243,3262625528.486986
2026-09-06T14:01:03+00:00,NEAR Protocol,NEAR,2.47,3221510505,32,538220321,2.41,2.16,0.267018,12.02095,1305587103.0
2026-09-06T14:01:03+00:00,Shiba Inu,SHIB,5.44e-06,3206895068,33,65708268,5.57e-06,5.42e-06,-4.0557905238e-08,-0.83763,589239307782558.2
2026-09-06T14:01:03+00:00,PayPal USD,PYUSD,0.999847,2935519332,34,50490384,1.0,0.999845,-9.6965728009546e-05,-0.01398,2935798963.4696565
2026-09-06T14:01:03+00:00,BlackRock USD Institutional Digital Liquidity Fund,BUIDL,1.0,2832282866,35,0.0,1.0,1.0,0.0,0.0,2832282865.800448
2026-09-06T14:01:03+00:00,Cronos,CRO,0.057133,2773105954,36,5037700,0.057654,0.056155,0.00081246,1.42867,48537728557.99727
2026-09-06T14:01:03+00:00,Tether Gold,XAUT,4421.41,2709601204,37,78161951,4428.45,4418.37,-3.2925084131802578,-0.0755,612823.6595320001
2026-09-06T14:01:03+00:00,Circle USYC,USYC,1.14,2624340328,38,0.0,1.14,1.14,0.0,0.0,2308988052.650666
2026-09-06T14:01:03+00:00,MemeCore,M,1.13,2566126285,39,1774351,1.15,1.11,0.01665728,1.52184,2269729256.807585
2026-09-06T14:01:03+00:00,Ripple USD,RLUSD,0.999992,2407113079,40,55393155,1.0,0.99982,6.482e-05,-0.0048,2407151384.647232
2026-09-06T14:01:03+00:00,OKB,OKB,113.62,2386076035,41,29316944,115.96,112.71,-0.34785398792490696,-0.29115,21000000.0
2026-09-06T14:01:03+00:00,Bittensor,TAO,245.84,2358795662,42,177098981,246.58,232.43,9.67,3.92766,9597491.0
2026-09-06T14:01:03+00:00,Ondo US Dollar Yield,USDY,1.15,2194606176,43,594905,1.15,1.14,-6.7923186712227e-05,-0.00902,1920354245.156417
2026-09-06T14:01:03+00:00,Aster,ASTER,0.775486,2093593288,44,278144894,0.83654,0.768134,-0.04324436646578511,-5.35157,2700010975.2797318
2026-09-06T14:01:03+00:00,Aave,AAVE,135.43,2089278448,45,261287576,139.93,129.89,5.54,4.20367,15427273.564360995
2026-09-06T14:01:03+00:00,Mantle,MNT,0.60618,2001864911,46,21748822,0.610864,0.577891,0.02577474,4.44423,3302294382.53684
2026-09-06T14:01:03+00:00,PAX Gold,PAXG,4426.55,1914484518,47,51195280,4435.4,4423.81,-4.984015925704625,-0.10611,432503.322051
2026-09-06T14:01:03+00:00,Ondo,ONDO,0.380473,1852731425,48,90843659,0.381736,0.367686,0.01038357,2.75767,4869330647.0
2026-09-06T14:01:03+00:00,World Liberty Financial,WLFI,0.056638,1799396289,49,22858005,0.057586,0.056489,-0.000280752465099947,-0.36841,31777074273.0
2026-09-06T14:01:03+00:00,Morpho,MORPHO,2.57,1772768164,50,42731425,2.62,2.48,0.062445,2.42985,688664215.8240014
2026-09-06T14:01:03+00:00,Ethena,ENA,0.17344,1750316265,51,828366958,0.188609,0.161871,0.00975175,5.85321,10095312500.0
2026-09-06T14:01:03+00:00,Sky,SKY,0.071402,1672335838,52,8511968,0.072065,0.067203,0.00403557,6.0149,23423290067.212555
2026-09-06T14:01:03+00:00,Polkadot,DOT,0.977115,1662548665,53,151295677,0.990854,0.906814,0.060574,6.51262,1701498715.789636
2026-09-06T14:01:03+00:00,Pump.fun,PUMP,0.00405461,1602078225,54,248675057,0.00412656,0.0037741,-4.3031825849073e-05,-0.99107,395304690846.4965
2026-09-06T14:01:03+00:00,Internet Computer,ICP,2.78,1544479343,55,57169856,2.73,2.59,0.172486,6.40564,556240627.926663
2026-09-06T14:01:03+00:00,Pepe,PEPE,3.62e-06,1521317163,56,224035333,3.69e-06,3.55e-06,6.0481e-08,1.64243,420690000000000.0
2026-09-06T14:01:03+00:00,HTX DAO,HTX,1.69e-06,1517570526,57,31142951,1.69e-06,1.66e-06,2.107e-08,1.26939,898232728634017.2
2026-09-06T14:01:03+00:00,Worldcoin,WLD,0.417037,1516536818,58,170004767,0.424238,0.394972,0.01933106,4.77467,3636180491.287958
2026-09-06T14:01:03+00:00,USDD,USDD,0.998558,1467237686,59,2093580,0.999399,0.997467,-0.000170218501321817,-0.02059,1469382518.0
2026-09-06T14:01:03+00:00,Bitget Token,BGB,2.01,1403674889,60,10010379,2.05,1.99,-0.000133796618269511,-0.02567,699992029.6481038
2026-09-06T14:01:03+00:00,USDGO,USDGO,0.999938,1355374121,61,32812861,1.0,0.999832,-4.2518243069556e-05,-0.00593,1355454412.77
2026-09-06T14:01:03+00:00,Falcon USD,USDF,0.996704,1339642917,62,193005,1.003,0.987829,-9.7207910740194e-05,-0.01237,1344083107.942925
2026-09-06T14:01:03+00:00,BFUSD,BFUSD,0.999743,1319648261,63,2437101,1.0,0.999944,-0.000378540600940447,-0.02116,1320000000.0
2026-09-06T14:01:03+00:00,Arbitrum,ARB,0.193575,1292310707,64,907800867,0.203584,0.131919,0.060517,45.40739,6678075931.0
2026-09-06T14:01:03+00:00,United Stables,U,0.999167,1276406475,65,118261943,0.999542,0.999045,-0.00011023389362963,-0.01101,1277499107.8
2026-09-06T14:01:03+00:00,Spiko Amundi Overnight Swap Fund (EUR),EURSAFO,1.18,1229005528,66,0.0,1.18,1.18,0.0,0.0,1045687476.43203
2026-09-06T14:01:03+00:00,Ethereum Classic,ETC,7.73,1222213247,67,49802438,7.86,7.69,0.01928586,0.31356,158080897.7580675
2026-09-06T14:01:03+00:00,Bitway,BTW,0.449452,1217014112,68,10351656,0.465303,0.43329,-0.011251594465644721,-2.56842,2708142280.000001
2026-09-06T14:01:03+00:00,Lighter,LIT,4.58,1144347079,69,65661804,4.86,4.53,-0.07780119248792428,-1.83008,250000000.0
2026-09-06T14:01:03+00:00,Pi Network,PI,0.095365,1062515480,70,3950005,0.096439,0.095011,-5.4538288850048e-05,-0.09504,11141680597.248924
2026-09-06T14:01:03+00:00,POL (ex-MATIC),POL,0.097357,1042773437,71,75724987,0.100267,0.094652,0.00258666,2.71175,10709454818.56161
2026-09-06T14:01:03+00:00,Gate,GT,9.2,980387921,72,2423678,9.61,9.0,0.170754,1.51495,106618644.14737082
2026-09-06T14:01:03+00:00,KuCoin,KCS,7.11,975272359,73,2972108,7.3,7.11,-0.005165695562205919,-0.07786,137155021.2773955
2026-09-06T14:01:03+00:00,Blockchain Capital,BCAP,106.22,967888430,74,0.0,106.22,106.22,0.0,0.0,9112111.0
2026-09-06T14:01:03+00:00,Quant,QNT,65.76,956517942,75,15687339,67.11,63.69,1.92,2.97745,14544176.164081175
2026-09-06T14:01:03+00:00,JUST,JST,0.112716,923023572,76,24698210,0.112831,0.108267,0.00367197,3.33119,8188743036.341737
2026-09-06T14:01:03+00:00,Jupiter,JUP,0.271125,899754000,77,180284700,0.282272,0.218514,0.04861357,22.05002,3320312968.08
2026-09-06T14:01:03+00:00,Dash,DASH,69.14,887338660,78,403027773,78.31,65.21,0.073615,-0.05748,12828163.64374112
2026-09-06T14:01:03+00:00,Spiko EU T-Bills Money Market Fund,EUTBL,1.23,882559347,79,0.0,1.23,1.23,0.0,0.0,718027528.4955
2026-09-06T14:01:03+00:00,Algorand,ALGO,0.095255,860551271,80,34521346,0.097499,0.093782,-0.00079197395197099,-0.7438,9038985932.3071
2026-09-06T14:01:03+00:00,Kaspa,KAS,0.03052791,845094827,81,8327924,0.03089492,0.03009138,0.00028373,0.96659,27683423155.231007
2026-09-06T14:01:03+00:00,Cosmos Hub,ATOM,1.58,837465950,82,29247968,1.61,1.54,0.0307367,1.97554,529176149.464829
2026-09-06T14:01:03+00:00,NEXO,NEXO,0.829604,829578688,83,3126250,0.844164,0.828951,-0.004637306341157776,-0.49174,1000000000.0
2026-09-06T14:01:03+00:00,Venice Token,VVV,17.01,812817949,84,9320228,17.48,16.98,-0.4573613317687908,-2.60226,47770894.21452546
2026-09-06T14:01:03+00:00,Janus Henderson Anemoy Treasury Fund,JTRSY,1.12,799656135,85,0.0,1.12,1.12,0.0,0.0,717141156.78007
2026-09-06T14:01:03+00:00,Render,RENDER,1.52,789378029,86,48604817,1.52,1.46,0.051852,3.52335,518772101.28269154
2026-09-06T14:01:03+00:00,Invesco Short Duration US Government Securities Fund,USTB,11.2,774971484,87,0.0,11.2,11.2,0.0,0.0,69190812.145106
2026-09-06T14:01:03+00:00,​​Stable,STABLE,0.02812371,733534332,88,7665199,0.02914402,0.02807574,-0.000842200888591962,-2.91304,26075770576.0
2026-09-06T14:01:03+00:00,Janus Henderson Anemoy AAA CLO Fund,JAAA,1.048,710966727,89,0.0,1.048,1.048,0.0,0.0,678300455.183658
2026-09-06T14:01:03+00:00,PancakeSwap,CAKE,2.2,705926562,90,121610896,2.28,2.18,-0.010423714333750667,-0.52767,320777532.8279649
2026-09-06T14:01:03+00:00,GHO,GHO,0.998978,698278850,91,3947407,0.999384,0.998998,-0.000170377269275823,-0.01934,699000000.0
2026-09-06T14:01:03+00:00,Filecoin,FIL,0.794662,657159104,92,89633396,0.838778,0.776759,0.01367224,1.67748,826913843.0
2026-09-06T14:01:03+00:00,Pons,PONS,0.902723,643024845,93,198415176,0.971034,0.853002,-0.005789833741763117,-0.62556,712104762.0614183
2026-09-06T14:01:03+00:00,Beldex,BDX,0.07876,619864794,94,10691648,0.079615,0.07811,-0.000813185984031503,-1.01383,7870531511.714094
2026-09-06T14:01:03+00:00,Official Trump,TRUMP,2.34,613057489,95,186717034,2.42,2.34,-0.04405034822194098,-1.77606,261880985.28763402
2026-09-06T14:01:03+00:00,VeChain,VET,0.00706913,607565577,96,6867090,0.007088,0.00686677,0.00019143,2.76803,85985041177.0
2026-09-06T14:01:03+00:00,Flare,FLR,0.00666612,578740718,97,3235980,0.00680387,0.00659121,-4.9782151576396e-05,-0.75886,86818814609.38948
2026-09-06T14:01:03+00:00,Curve DAO,CRV,0.368382,572635180,98,74994373,0.390599,0.360131,0.00744566,2.01573,1554559529.0
2026-09-06T14:01:03+00:00,Ether.fi,ETHFI,0.584116,563926191,99,51223677,0.600615,0.555309,0.02632615,4.57318,965350000.0
2026-09-06T15:01:04+00:00,Bitcoin,BTC,79590,1598472002424,1,20693084628,80147,79627,-140.71073161368258,-0.17648,20080328.0
2026-09-06T15:01:04+00:00,Ethereum,ETH,2479.79,302638092824,2,9394160464,2521.39,2456.23,22.3,0.90726,122023857.56610575
2026-09-06T15:01:04+00:00,Tether,USDT,0.999959,183384929506,3,45245995727,1.0,0.999862,-0.00012081631137939,-0.01208,183392383062.09265
2026-09-06T15:01:04+00:00,BNB,BNB,742.19,98885248678,4,1472290483,779.7,750.17,-27.571575822884142,-3.58182,133161848.94
2026-09-06T15:01:04+00:00,XRP,XRP,1.41,88496480373,5,1584354789,1.43,1.41,-0.00396022441479249,-0.27993,62744504852.0
2026-09-06T15:01:04+00:00,USDC,USDC,0.999951,74594851435,6,10411930730,1.0,0.999895,-5.2557796078267e-05,-0.00526,74598291278.64333
2026-09-06T15:01:04+00:00,Solana,SOL,105.78,61936059098,7,3956051283,107.22,102.67,2.91,2.824,585445081.2379795
2026-09-06T15:01:04+00:00,TRON,TRX,0.335071,31811091702,8,255248872,0.335539,0.332923,0.00192016,0.57636,94935900212.59479
2026-09-06T15:01:04+00:00,Figure Heloc,FIGR_HELOC,1.055,23516084575,9,343538,1.055,1.004,0.01319616,1.26669,22290650137.398
2026-09-06T15:01:04+00:00,Hyperliquid,HYPE,89.05,19805307640,9,1265497811,89.6,84.94,3.89,4.57164,222445714.07414138
2026-09-06T15:01:04+00:00,Zcash,ZEC,1162.77,19656944505,10,1414798021,1206.41,1004.71,148.98,14.6951,16916382.9780448
2026-09-06T15:01:04+00:00,Dogecoin,DOGE,0.088652,13810830834,11,1386895217,0.094557,0.087357,0.00088552,1.00895,155804136383.7052
2026-09-06T15:01:04+00:00,Rain,RAIN,0.01682383,11933893883,12,41963808,0.01727553,0.01641437,0.00040039,2.43793,709207160748.6445
2026-09-06T15:01:04+00:00,Monero,XMR,529.26,9948334085,13,108564150,558.79,527.42,-10.14287265064479,-1.88039,18801069.99830875
2026-09-06T15:01:04+00:00,USDS,USDS,0.999923,9824410262,14,78172984,0.999953,0.999477,0.00018447,0.01845,9825164855.600397
2026-09-06T15:01:04+00:00,Chainlink,LINK,12.17,9107713373,15,476263432,12.44,11.88,0.287037,2.41536,748099970.424884
2026-09-06T15:01:04+00:00,WhiteBIT Coin,WBT,73.27,8645344190,16,52424155,73.97,73.2,0.056179,0.07674,117956019.0
2026-09-06T15:01:04+00:00,LEO Token,LEO,9.33,8581582989,17,112418,9.35,9.22,0.052234,0.56305,919857851.9
2026-09-06T15:01:04+00:00,Cardano,ADA,0.217595,8161418313,18,450517478,0.223606,0.216824,-0.000130966620199985,-0.06015,37504333228.36598
2026-09-06T15:01:04+00:00,Stellar,XLM,0.183755,6396703251,19,125944361,0.187637,0.183509,-0.000120930246631262,-0.06577,34802058427.506325
2026-09-06T15:01:04+00:00,Bitcoin Cash,BCH,255.5,5131550868,20,171874296,264.82,249.71,5.11,2.04205,20085359.27165078
2026-09-06T15:01:04+00:00,Dai,DAI,0.99982,4611463372,21,221351429,1.0,0.999675,7.147e-05,0.00715,4611391278.139733
2026-09-06T15:01:04+00:00,Ethena USDe,USDE,0.999793,4370134761,22,25105598,1.0,0.99974,-0.000148935511554482,-0.01489,4371098485.079718
2026-09-06T15:01:04+00:00,Uniswap,UNI,6.98,4346296196,23,1129714183,7.48,6.3,0.617547,9.71322,623212423.7271129
2026-09-06T15:01:04+00:00,Canton,CC,0.109606,4334276048,24,9053117,0.111423,0.108689,0.00026627,0.24352,39539673109.14841
2026-09-06T15:01:04+00:00,USD1,USD1,0.999691,4246700958,25,897505913,0.999779,0.999515,4.363e-05,0.00436,4248045903.896932
2026-09-06T15:01:04+00:00,Litecoin,LTC,54.3,4211898174,26,348219271,55.3,53.5,0.492165,0.9146,77577423.06367686
2026-09-06T15:01:04+00:00,Gram (prev. Toncoin),GRAM,1.42,3939335224,27,29268625,1.45,1.41,-0.012060901853207184,-0.84487,2782101069.5748763
2026-09-06T15:01:04+00:00,Hedera,HBAR,0.080453,3527406933,28,54082654,0.082287,0.080092,-0.000322403539306501,-0.39913,43831559704.421486
2026-09-06T15:01:04+00:00,Avalanche,AVAX,7.6,3282961335,29,211053812,7.74,7.53,0.04741975,0.6275,431771961.1772119
2026-09-06T15:01:04+00:00,Global Dollar,USDG,0.999961,3261035646,30,1411945857,1.0,0.999879,-0.000288446643906815,-0.02884,3261100602.211885
2026-09-06T15:01:04+00:00,Sui,SUI,0.791966,3245657107,31,596040140,0.812155,0.786055,-0.007690158295979299,-0.96168,4096537146.5409594
2026-09-06T15:01:04+00:00,Shiba Inu,SHIB,5.4e-06,3183913994,32,65658633,5.57e-06,5.41e-06,-5.6849626519e-08,-1.04117,589239307782558.2
2026-09-06T15:01:04+00:00,NEAR Protocol,NEAR,2.41,3153049139,33,574274018,2.47,2.16,0.217752,9.9253,1305587058.0
2026-09-06T15:01:04+00:00,PayPal USD,PYUSD,0.99998,2935746058,34,47565664,1.0,0.999778,3.867e-05,0.00387,2935798963.4696565
2026-09-06T15:01:04+00:00,BlackRock USD Institutional Digital Liquidity Fund,BUIDL,1.0,2832282866,35,0.0,1.0,1.0,0.0,0.0,2832282865.800448
2026-09-06T15:01:04+00:00,Cronos,CRO,0.057331,2783044453,36,5221645,0.057654,0.056155,0.00101831,1.80833,48537818821.09192
2026-09-06T15:01:04+00:00,Tether Gold,XAUT,4422.37,2709970047,37,80526848,4428.45,4418.37,-1.4369366170440117,-0.03248,612823.6595320001
2026-09-06T15:01:04+00:00,Circle USYC,USYC,1.14,2624340328,38,0.0,1.14,1.14,0.0,0.0,2308988052.650666
2026-09-06T15:01:04+00:00,MemeCore,M,1.12,2551191052,39,1852976,1.15,1.12,0.0042982,0.38392,2269744676.524809
2026-09-06T15:01:04+00:00,Ripple USD,RLUSD,1.0,2407241464,40,56968635,1.0,0.99982,0.00012378,0.01238,2407151382.635244
2026-09-06T15:01:04+00:00,OKB,OKB,112.9,2370102845,41,28928546,115.96,112.71,-0.5191403266064611,-0.45771,21000000.0
2026-09-06T15:01:04+00:00,Bittensor,TAO,243.52,2338690417,42,192057571,246.58,232.43,7.05,2.98329,9597491.0
2026-09-06T15:01:04+00:00,Ondo US Dollar Yield,USDY,1.14,2190880426,43,1984111,1.15,1.14,-0.001390797874242011,-0.12192,1922537292.1905468
2026-09-06T15:01:04+00:00,Aave,AAVE,133.91,2066150636,44,264752980,139.93,130.5,3.19,2.44077,15427273.564360995
2026-09-06T15:01:04+00:00,Aster,ASTER,0.76098,2054056408,45,273743141,0.819338,0.768134,-0.05677240124855787,-6.94249,2700010975.2797318
2026-09-06T15:01:04+00:00,Mantle,MNT,0.600273,1982036051,46,22219111,0.610864,0.577891,0.01631661,2.79415,3302294382.53684
2026-09-06T15:01:04+00:00,PAX Gold,PAXG,4427.81,1914944616,47,50290967,4435.4,4423.81,-2.595698867019564,-0.05859,432503.322051
2026-09-06T15:01:04+00:00,Ondo,ONDO,0.374078,1821823246,48,96525842,0.381736,0.367686,0.00477065,1.29178,4869330647.0
2026-09-06T15:01:04+00:00,World Liberty Financial,WLFI,0.056556,1796683924,49,24232590,0.057586,0.056426,-0.000326776099539919,-0.57447,31777074630.0
2026-09-06T15:01:04+00:00,Morpho,MORPHO,2.55,1756104958,50,43785484,2.62,2.48,0.03658769,1.45768,688665257.6991223
2026-09-06T15:01:04+00:00,Ethena,ENA,0.172485,1741692649,51,829183580,0.188609,0.161871,0.00938774,5.75591,10095312500.0
2026-09-06T15:01:04+00:00,Sky,SKY,0.070689,1656000363,52,8051424,0.072065,0.067203,0.00317273,4.6992,23423244341.744263
2026-09-06T15:01:04+00:00,Polkadot,DOT,0.956613,1627450652,53,154301750,0.990854,0.906814,0.04175741,4.56437,1701508796.957824
2026-09-06T15:01:04+00:00,Pump.fun,PUMP,0.00392558,1552510009,54,239356247,0.00412656,0.0037741,-0.000166646245408711,-4.07226,395300340193.6097
2026-09-06T15:01:04+00:00,Internet Computer,ICP,2.72,1515103284,55,65826943,2.78,2.59,0.115,4.40941,556240627.926663
2026-09-06T15:01:04+00:00,HTX DAO,HTX,1.68e-06,1510665824,56,34202783,1.69e-06,1.67e-06,1.4186e-08,0.85072,898232728634017.2
2026-09-06T15:01:04+00:00,Pepe,PEPE,3.57e-06,1503393408,57,229586388,3.69e-06,3.56e-06,-3.275768243e-09,-0.09162,420690000000000.0
2026-09-06T15:01:04+00:00,Worldcoin,WLD,0.408313,1485370699,58,180015952,0.424238,0.394972,0.01036566,2.60478,3636180491.287958
2026-09-06T15:01:04+00:00,USDD,USDD,0.998563,1467740795,59,2120613,0.999399,0.997467,-0.00046252785395462,-0.0463,1469849077.0
2026-09-06T15:01:04+00:00,Bitget Token,BGB,2.0,1400011053,60,10043777,2.05,1.99,-0.012190676566733005,-0.60592,699992029.6481038
2026-09-06T15:01:04+00:00,USDGO,USDGO,0.999937,1355325642,61,32091214,1.0,0.999832,-7.8149438212383e-05,-0.00781,1355454412.77
2026-09-06T15:01:04+00:00,Falcon USD,USDF,0.996726,1339682573,62,264084,1.003,0.987829,-6.8034217566959e-05,-0.00683,1344083107.942925
2026-09-06T15:01:04+00:00,BFUSD,BFUSD,0.999841,1319789920,63,3420993,1.0,0.99962,-0.000191852015836713,-0.01918,1320000000.0
2026-09-06T15:01:04+00:00,United Stables,U,0.999175,1276458520,64,121596030,0.999542,0.99902,-4.3074071023441e-05,-0.00431,1277499107.8
2026-09-06T15:01:04+00:00,Arbitrum,ARB,0.186335,1244938654,65,972860440,0.203584,0.131919,0.0518,38.50294,6678075931.0
2026-09-06T15:01:04+00:00,Spiko Amundi Overnight Swap Fund (EUR),EURSAFO,1.18,1229005528,66,0.0,1.18,1.18,0.0,0.0,1045687476.43203
2026-09-06T15:01:04+00:00,Bitway,BTW,0.448974,1215934451,67,9871251,0.465303,0.43329,-0.00022968177228988,-0.05113,2708142280.000001
2026-09-06T15:01:04+00:00,Ethereum Classic,ETC,7.67,1212523858,68,50343535,7.86,7.68,-0.06555735132022189,-0.84771,158081322.8716675
2026-09-06T15:01:04+00:00,Lighter,LIT,4.51,1129085789,69,63528600,4.86,4.53,-0.19698070935063772,-4.18065,250000000.0
2026-09-06T15:01:04+00:00,Pi Network,PI,0.09456,1053400357,70,3774214,0.096197,0.095011,-0.001545074365384938,-1.6077,11141680597.248924
2026-09-06T15:01:04+00:00,POL (ex-MATIC),POL,0.096806,1036858161,71,76217713,0.100267,0.094652,0.00147946,1.55199,10709454818.56161
2026-09-06T15:01:04+00:00,KuCoin,KCS,7.09,973265699,72,2955471,7.3,7.1,-0.026736412203304916,-0.37543,137155021.2773955
2026-09-06T15:01:04+00:00,Gate,GT,9.09,968747049,73,3754868,9.61,9.02,0.02338858,0.25798,106618692.94172302
2026-09-06T15:01:04+00:00,Blockchain Capital,BCAP,106.22,967888430,74,0.0,106.22,106.22,0.0,0.0,9112111.0
2026-09-06T15:01:04+00:00,Quant,QNT,65.49,952446786,75,15904536,67.11,63.79,1.53,2.39188,14544176.164081175
2026-09-06T15:01:04+00:00,JUST,JST,0.112154,918433577,76,20317989,0.113102,0.108368,0.0037286,3.43885,8188743036.341737
2026-09-06T15:01:04+00:00,Jupiter,JUP,0.268118,890487520,77,191056840,0.282272,0.218514,0.04530137,20.3312,3320312968.08
2026-09-06T15:01:04+00:00,Spiko EU T-Bills Money Market Fund,EUTBL,1.23,882559347,78,0.0,1.23,1.23,0.0,0.0,718027528.4955
2026-09-06T15:01:04+00:00,Dash,DASH,67.64,868021127,79,394422893,78.31,65.21,-0.6336220589908379,-0.928,12828163.64374112
2026-09-06T15:01:04+00:00,Algorand,ALGO,0.094226,851754364,80,32711704,0.096094,0.093782,-0.001351210288459942,-1.41374,9038985932.3071
2026-09-06T15:01:04+00:00,Kaspa,KAS,0.03036526,840429258,81,8564250,0.03089492,0.03009138,6.83e-06,0.0225,27683423155.231007
2026-09-06T15:01:04+00:00,Cosmos Hub,ATOM,1.58,834213462,82,29584057,1.61,1.54,0.02893321,1.87103,529176149.464829
2026-09-06T15:01:04+00:00,NEXO,NEXO,0.829857,828916904,83,3198676,0.844164,0.827127,-0.00836640903196828,-0.99811,1000000000.0
2026-09-06T15:01:04+00:00,Venice Token,VVV,17.06,814865428,84,9245885,17.46,16.98,-0.3732196303623425,-2.14109,47771179.91975117
2026-09-06T15:01:04+00:00,Janus Henderson Anemoy Treasury Fund,JTRSY,1.12,799656135,85,0.0,1.12,1.12,0.0,0.0,717141156.78007
2026-09-06T15:01:04+00:00,Render,RENDER,1.5,777749040,86,50619102,1.53,1.46,0.02930559,1.9939,518772101.28269154
2026-09-06T15:01:04+00:00,Invesco Short Duration US Government Securities Fund,USTB,11.2,774971484,87,0.0,11.2,11.2,0.0,0.0,69190812.145106
2026-09-06T15:01:04+00:00,​​Stable,STABLE,0.02790649,727305268,88,7657372,0.02914402,0.02807574,-0.001059364862844889,-3.65729,26076963648.0
2026-09-06T15:01:04+00:00,Janus Henderson Anemoy AAA CLO Fund,JAAA,1.048,710966727,89,0.0,1.048,1.048,0.0,0.0,678300455.183658
2026-09-06T15:01:04+00:00,GHO,GHO,0.998974,698283068,90,3888854,0.999384,0.998902,-0.000298308216758469,-0.02985,699000000.0
2026-09-06T15:01:04+00:00,PancakeSwap,CAKE,2.17,695119887,91,117253988,2.28,2.18,-0.06922803205835715,-3.09623,320777532.8279649
2026-09-06T15:01:04+00:00,Filecoin,FIL,0.785209,649156247,92,91109969,0.838778,0.776759,-0.000695675462944134,-0.08852,826916828.0
2026-09-06T15:01:04+00:00,Beldex,BDX,0.078759,619691516,93,10551765,0.07935,0.07811,-0.000314287946817191,-0.39746,7870532295.819933
2026-09-06T15:01:04+00:00,Official Trump,TRUMP,2.32,607279625,94,192148837,2.42,2.33,-0.062016584710320455,-2.60529,261880985.28763402
2026-09-06T15:01:04+00:00,VeChain,VET,0.00702899,604431326,95,6968405,0.007088,0.00688754,0.00012962,1.87876,85985041177.0
2026-09-06T15:01:04+00:00,Pons,PONS,0.832286,593672031,96,194234904,0.971034,0.853002,-0.08780077367803629,-9.54266,712104762.0614183
2026-09-06T15:01:04+00:00,Flare,FLR,0.00666027,578622370,97,3264466,0.00680387,0.00659121,-5.7847795262701e-05,-0.86107,86818814609.38948
2026-09-06T15:01:04+00:00,Curve DAO,CRV,0.366307,569186997,98,76046939,0.390599,0.360131,0.00370226,1.02102,1554566201.0
2026-09-06T15:01:04+00:00,XDC Network,XDC,0.02794774,557560879,99,5063732,0.02831162,0.0278306,6.449e-05,0.23127,19946688440.0
2026-09-06T16:01:11+00:00,Bitcoin,BTC,79694,1600274503847,1,20669860705,80147,79437,-109.73970752368041,-0.13751,20080328.0
2026-09-06T16:01:11+00:00,Ethereum,ETH,2480.07,302628195902,2,9507691334,2521.39,2459.16,20.26,0.82383,122023857.56610575
2026-09-06T16:01:11+00:00,Tether,USDT,0.999952,183383582544,3,45419357365,1.0,0.999862,-0.000116997350686709,-0.0117,183392383062.09265
2026-09-06T16:01:11+00:00,BNB,BNB,745.83,99316091338,4,1467322930,779.7,740.61,-24.172361252948804,-3.13926,133161844.18
2026-09-06T16:01:11+00:00,XRP,XRP,1.41,88496424283,5,1584253217,1.43,1.4,-0.002082056711099733,-0.1474,62744504852.0
2026-09-06T16:01:11+00:00,USDC,USDC,0.999919,74586628394,6,10491081115,1.0,0.999885,-7.9783575667514e-05,-0.00798,74592667061.3029
2026-09-06T16:01:11+00:00,Solana,SOL,105.79,61936215015,7,4022097919,107.22,102.84,2.85,2.77278,585445045.5792595
2026-09-06T16:01:11+00:00,TRON,TRX,0.335231,31825464102,8,247306037,0.335539,0.332923,0.00109457,0.32758,94935900212.59479
2026-09-06T16:01:11+00:00,Figure Heloc,FIGR_HELOC,1.055,23516084575,9,343538,1.055,1.004,0.01926009,1.85959,22290650137.398
2026-09-06T16:01:11+00:00,Zcash,ZEC,1169.17,19778148302,9,1446209500,1206.41,1004.71,153.38,15.09984,16916382.9780448
2026-09-06T16:01:11+00:00,Hyperliquid,HYPE,88.41,19665609673,10,1309318878,89.6,84.94,2.99,3.50623,222445714.07414138
2026-09-06T16:01:11+00:00,Dogecoin,DOGE,0.088845,13842358369,11,1377777192,0.094557,0.087357,0.00124738,1.42399,155804136383.7052
2026-09-06T16:01:11+00:00,Rain,RAIN,0.01681444,11924919611,12,41963773,0.01727553,0.01680105,-1.5113123560617e-05,-0.0898,709207160748.6445
2026-09-06T16:01:11+00:00,Monero,XMR,525.58,9881478118,13,109834596,558.79,526.42,-14.8306657285234,-2.74434,18801128.79602746
2026-09-06T16:01:11+00:00,USDS,USDS,0.999917,9823695325,14,75792691,0.999958,0.999445,0.00018647,0.01865,9824515073.127563
2026-09-06T16:01:11+00:00,Chainlink,LINK,12.22,9139151222,15,477735966,12.44,11.9,0.268579,2.24792,748099970.424884
2026-09-06T16:01:11+00:00,WhiteBIT Coin,WBT,73.38,8654754989,16,53943835,73.97,73.12,0.107441,0.14663,117956019.0
2026-09-06T16:01:11+00:00,LEO Token,LEO,9.33,8581664659,17,110895,9.35,9.22,0.060347,0.65106,919857851.9
2026-09-06T16:01:11+00:00,Cardano,ADA,0.217276,8148783580,18,439885311,0.223606,0.216312,-9.5849552371796e-05,-0.04409,37504333228.36598
2026-09-06T16:01:11+00:00,Stellar,XLM,0.183863,6398791494,19,117157579,0.187637,0.182898,0.00023112,0.12586,34802058098.94828
2026-09-06T16:01:11+00:00,Bitcoin Cash,BCH,255.28,5127451502,20,167151475,264.82,251.46,3.07,1.21883,20085440.52165078
2026-09-06T16:01:11+00:00,Dai,DAI,0.999816,4614065378,21,218555759,1.0,0.999675,8.234e-05,0.00824,4614914633.930589
2026-09-06T16:01:11+00:00,Ethena USDe,USDE,0.999808,4371109636,22,23981070,1.0,0.99974,-0.000125078000362988,-0.01251,4371946886.330418
2026-09-06T16:01:11+00:00,Uniswap,UNI,6.98,4347782564,23,1135443837,7.48,6.35,0.629205,9.91311,623212423.7271129
2026-09-06T16:01:11+00:00,Canton,CC,0.109059,4312156024,24,8336970,0.111423,0.108689,-0.001020331010483544,-0.92691,39539673109.14841
2026-09-06T16:01:11+00:00,USD1,USD1,0.999651,4246562872,25,897280861,0.999779,0.999515,1.21e-06,0.00012,4248045903.896932
2026-09-06T16:01:11+00:00,Litecoin,LTC,54.46,4224694405,26,339895514,55.3,53.57,0.769809,1.43387,77578135.56605598
2026-09-06T16:01:11+00:00,Gram (prev. Toncoin),GRAM,1.42,3946971330,27,30272746,1.45,1.41,-0.004560106246208617,-0.3204,2782124573.175619
2026-09-06T16:01:11+00:00,Hedera,HBAR,0.080446,3526051460,28,54248235,0.082287,0.080092,-4.3973815329015e-05,-0.05463,43831559704.4647
2026-09-06T16:01:11+00:00,Avalanche,AVAX,7.62,3290774630,29,207080341,7.74,7.53,0.077064,1.02146,431771961.1772119
2026-09-06T16:01:11+00:00,Global Dollar,USDG,0.999921,3260841261,30,1438769608,1.0,0.999879,-0.000128089562935085,-0.01281,3261100602.211885
2026-09-06T16:01:11+00:00,Sui,SUI,0.791371,3241877391,31,587309956,0.812155,0.786055,-0.005543663498410289,-0.69564,4096537146.5409594
2026-09-06T16:01:11+00:00,Shiba Inu,SHIB,5.4e-06,3183929485,32,64500783,5.57e-06,5.38e-06,-4.056353423e-08,-0.7451,589239307782558.2
2026-09-06T16:01:11+00:00,NEAR Protocol,NEAR,2.39,3116947329,33,579873341,2.48,2.16,0.209979,9.6435,1305587021.0
2026-09-06T16:01:11+00:00,PayPal USD,PYUSD,0.999961,2935684736,34,45514755,1.0,0.999748,7.54e-06,0.00075,2935798963.4672475
2026-09-06T16:01:11+00:00,BlackRock USD Institutional Digital Liquidity Fund,BUIDL,1.0,2832282866,35,0.0,1.0,1.0,0.0,0.0,2832282865.800449
2026-09-06T16:01:11+00:00,Cronos,CRO,0.057212,2776946803,36,5122013,0.057654,0.056262,0.00083845,1.48732,48537904800.97936
2026-09-06T16:01:11+00:00,Tether Gold,XAUT,4421.33,2709492205,37,81879066,4428.45,4418.37,-3.4271149300420802,-0.07745,612823.6595320001
2026-09-06T16:01:11+00:00,Circle USYC,USYC,1.14,2624340328,38,0.0,1.14,1.14,0.0,0.0,2308988052.650666
2026-09-06T16:01:11+00:00,MemeCore,M,1.12,2546180215,39,1832101,1.15,1.12,0.00085093,0.07591,2269760096.220458
2026-09-06T16:01:11+00:00,Ripple USD,RLUSD,1.0,2407154335,40,59206654,1.0,0.99982,7.237e-05,0.00724,2407151384.647228
2026-09-06T16:01:11+00:00,Bittensor,TAO,247.55,2375818742,41,205584810,247.22,232.43,11.74,4.98036,9597491.0
2026-09-06T16:01:11+00:00,OKB,OKB,113.12,2375439226,42,28336304,115.96,112.24,-0.2694141613888519,-0.23761,21000000.0
2026-09-06T16:01:11+00:00,Ondo US Dollar Yield,USDY,1.15,2201663261,43,603673,1.15,1.14,0.00030415,0.02657,1922537236.5902252
2026-09-06T16:01:11+00:00,Aave,AAVE,133.58,2060700435,44,261978016,139.93,131.35,1.59,1.20219,15427273.636505313
2026-09-06T16:01:11+00:00,Aster,ASTER,0.763054,2060255522,45,262596301,0.819181,0.752274,-0.04990905029733983,-6.13915,2700010975.2797318
2026-09-06T16:01:11+00:00,Mantle,MNT,0.599379,1979326996,46,22481710,0.610864,0.579297,0.01781574,3.06342,3302294382.53684
2026-09-06T16:01:11+00:00,PAX Gold,PAXG,4426.4,1914429997,47,50345668,4435.4,4423.81,-5.999828036809959,-0.13536,432503.322051
2026-09-06T16:01:11+00:00,Ondo,ONDO,0.374114,1821682993,48,97746437,0.381736,0.367686,0.00510363,1.38306,4869330647.0
2026-09-06T16:01:11+00:00,World Liberty Financial,WLFI,0.056552,1797054340,49,24786848,0.057586,0.056281,-0.000422740936007492,-0.74198,31777074630.0
2026-09-06T16:01:11+00:00,Morpho,MORPHO,2.55,1757630726,50,44831394,2.62,2.48,0.04332304,1.72678,688668383.3244854
2026-09-06T16:01:11+00:00,Ethena,ENA,0.171661,1732970834,51,825091320,0.188609,0.162467,0.0090462,5.56296,10095312500.0
2026-09-06T16:01:11+00:00,Sky,SKY,0.070767,1657597969,52,8951444,0.072065,0.06729,0.00338131,5.01783,23423197938.003036
2026-09-06T16:01:11+00:00,Polkadot,DOT,0.953925,1623118005,53,157091009,0.990854,0.906814,0.04270656,4.68676,1701517219.202983
2026-09-06T16:01:11+00:00,Pump.fun,PUMP,0.00389486,1539623322,54,239770134,0.00412656,0.0037741,-0.000136746739265417,-3.39186,395295822685.8719
2026-09-06T16:01:11+00:00,HTX DAO,HTX,1.68e-06,1509067130,55,35608095,1.69e-06,1.67e-06,5.853e-09,0.34962,898232728634017.2
2026-09-06T16:01:11+00:00,Pepe,PEPE,3.58e-06,1504513655,56,230353586,3.69e-06,3.55e-06,5.255e-09,0.14717,420690000000000.0
2026-09-06T16:01:11+00:00,Internet Computer,ICP,2.68,1488818205,57,69513565,2.8,2.59,0.075877,2.91755,556240703.9125739
2026-09-06T16:01:11+00:00,Worldcoin,WLD,0.408506,1485403390,58,180660559,0.424238,0.394972,0.0109801,2.76211,3636184637.824948
2026-09-06T16:01:11+00:00,USDD,USDD,0.998656,1467873837,59,2029145,0.999399,0.997467,-0.000354892826447739,-0.03552,1469849077.0
2026-09-06T16:01:11+00:00,Bitget Token,BGB,2.0,1399925506,60,10024888,2.05,1.99,-0.018764845229402694,-0.92956,699992029.6481038
2026-09-06T16:01:11+00:00,USDGO,USDGO,0.999941,1355374127,61,30973827,1.0,0.999832,-8.1344471512201e-05,-0.00813,1355454412.77
2026-09-06T16:01:11+00:00,Falcon USD,USDF,0.996566,1340037039,62,92976,1.003,0.987829,-0.000209496184245372,-0.02102,1344083107.942925
2026-09-06T16:01:11+00:00,BFUSD,BFUSD,0.999707,1319612794,63,3450728,1.0,0.99962,-0.000311926363000925,-0.03119,1320000000.0
2026-09-06T16:01:11+00:00,United Stables,U,0.999208,1276487680,64,121833368,0.999542,0.999016,-3.8517152043172e-05,-0.00385,1277499107.8
2026-09-06T16:01:11+00:00,Arbitrum,ARB,0.187051,1249141095,65,999521126,0.203584,0.132525,0.054384,40.99324,6678075931.0
2026-09-06T16:01:11+00:00,Spiko Amundi Overnight Swap Fund (EUR),EURSAFO,1.18,1229005528,66,0.0,1.18,1.18,0.0,0.0,1045687476.43203
2026-09-06T16:01:11+00:00,Ethereum Classic,ETC,7.71,1218604574,67,50250533,7.86,7.64,0.00376022,0.0488,158081781.7419712
2026-09-06T16:01:11+00:00,Bitway,BTW,0.448579,1214816036,68,8699273,0.465303,0.43329,-0.007524118173696859,-1.64965,2708142280.000001
2026-09-06T16:01:11+00:00,Lighter,LIT,4.55,1138299403,69,68975898,4.86,4.5,-0.12708439726951415,-2.71531,250000000.0
2026-09-06T16:01:11+00:00,Pi Network,PI,0.094629,1054328782,70,3635989,0.095973,0.094315,-0.001320800803200989,-1.37655,11141680597.248924
2026-09-06T16:01:11+00:00,POL (ex-MATIC),POL,0.097135,1040257475,71,76853487,0.100267,0.094652,0.00191771,2.01404,10709454818.56161
2026-09-06T16:01:11+00:00,KuCoin,KCS,7.09,972564411,72,2976794,7.3,7.08,-0.05455019774193115,-0.76342,137155021.2773955
2026-09-06T16:01:11+00:00,Blockchain Capital,BCAP,106.22,967888430,73,0.0,106.22,106.22,0.0,0.0,9112111.0
2026-09-06T16:01:11+00:00,Gate,GT,9.0,959863161,74,2252838,9.61,9.08,-0.12872906360001757,-1.40973,106618740.93666212
2026-09-06T16:01:11+00:00,Quant,QNT,65.6,954028892,75,15838861,67.11,63.92,1.68,2.62071,14544176.164081175
2026-09-06T16:01:11+00:00,JUST,JST,0.112222,918956073,76,19379292,0.113102,0.109087,0.00240577,2.19072,8188743036.341737
2026-09-06T16:01:11+00:00,Jupiter,JUP,0.267562,888388342,77,182746029,0.282272,0.218514,0.04342764,19.37575,3320312968.08
2026-09-06T16:01:11+00:00,Spiko EU T-Bills Money Market Fund,EUTBL,1.23,882559347,78,0.0,1.23,1.23,0.0,0.0,718027528.4955
2026-09-06T16:01:11+00:00,Dash,DASH,67.04,860015874,79,391873057,78.31,65.21,-1.4878547984546344,-2.17113,12828163.64374112
2026-09-06T16:01:11+00:00,Algorand,ALGO,0.094501,854190742,80,32988218,0.096094,0.093782,-0.000517808675593825,-0.54496,9038985932.3071
2026-09-06T16:01:11+00:00,Kaspa,KAS,0.0305966,847018556,81,9250843,0.03089492,0.03009138,0.00014369,0.47186,27683423155.231007
2026-09-06T16:01:11+00:00,Cosmos Hub,ATOM,1.59,838870185,82,29367936,1.61,1.54,0.03122695,2.00956,529207306.233029
2026-09-06T16:01:11+00:00,NEXO,NEXO,0.827809,827809091,83,3234292,0.844164,0.827127,-0.009689336632946244,-1.15694,1000000000.0
2026-09-06T16:01:11+00:00,Venice Token,VVV,16.99,811701952,84,8526855,17.36,16.97,-0.2399886554640034,-1.39274,47771461.027057156
2026-09-06T16:01:11+00:00,Janus Henderson Anemoy Treasury Fund,JTRSY,1.12,799656135,85,0.0,1.12,1.12,0.0,0.0,717141156.78007
2026-09-06T16:01:11+00:00,Render,RENDER,1.51,783343971,86,52066633,1.53,1.46,0.04405035,3.00491,518772101.28269154
2026-09-06T16:01:11+00:00,Invesco Short Duration US Government Securities Fund,USTB,11.2,774971484,87,0.0,11.2,11.2,-3.553e-15,0.0,69190812.145106
2026-09-06T16:01:11+00:00,​​Stable,STABLE,0.02782719,725689905,88,7683714,0.02914402,0.02781985,-0.00099259333533314,-3.44414,26078447530.0
2026-09-06T16:01:11+00:00,Janus Henderson Anemoy AAA CLO Fund,JAAA,1.048,710966727,89,0.0,1.048,1.048,0.0,0.0,678300455.183658
2026-09-06T16:01:11+00:00,GHO,GHO,0.998992,698295445,90,3965842,0.999384,0.998902,-0.000270920841731859,-0.02711,699000000.0
2026-09-06T16:01:11+00:00,PancakeSwap,CAKE,2.17,694700465,91,110947165,2.28,2.16,-0.05921875119159736,-2.66164,320777532.8279649
2026-09-06T16:01:11+00:00,Filecoin,FIL,0.788636,652138629,92,90576024,0.838778,0.776759,0.00854168,1.09495,826919524.0
2026-09-06T16:01:11+00:00,Beldex,BDX,0.078762,619900402,93,10578252,0.07935,0.07811,-0.000277257029045241,-0.35078,7870533036.951605
2026-09-06T16:01:11+00:00,Official Trump,TRUMP,2.31,604375972,95,187940446,2.42,2.3,-0.06561720074616417,-2.76464,261880985.28763402
2026-09-06T16:01:11+00:00,VeChain,VET,0.00702756,604265395,94,7067100,0.007088,0.00690482,0.00011373,1.645,85985041177.0
2026-09-06T16:01:11+00:00,Pons,PONS,0.837768,596559192,96,207748729,0.971034,0.821351,-0.08212861239949654,-8.92803,712104762.0614183
2026-09-06T16:01:11+00:00,Flare,FLR,0.00666158,578350302,97,3263051,0.00680387,0.00659121,-6.3885966420717e-05,-0.94991,86818814609.38948
2026-09-06T16:01:11+00:00,Curve DAO,CRV,0.364102,566030395,98,77032449,0.390599,0.360131,0.00064029,0.17617,1554593117.0
2026-09-06T16:01:11+00:00,XDC Network,XDC,0.0279381,557272553,99,4995451,0.02831162,0.0278306,3.608e-05,0.12932,19946688440.0
2026-09-06T16:33:10+00:00,Bitcoin,BTC,79689,1600205463434,1,20414047123,80132,79426,-251.73909167146485,-0.31991,20080328.0
2026-09-06T16:33:10+00:00,Ethereum,ETH,2481.34,302808519912,2,9457504230,2521.39,2471.07,14.13,0.57243,122023857.56610575
2026-09-06T16:33:10+00:00,Tether,USDT,0.999939,183381168530,3,44923982817,1.0,0.999862,-0.000115114401374905,-0.01495,183392383062.09265
2026-09-06T16:33:10+00:00,BNB,BNB,747.14,99504082884,4,1436264010,779.7,740.53,-24.119497528405986,-3.1289,133161844.18
2026-09-06T16:33:10+00:00,XRP,XRP,1.41,88575736580,5,1582879729,1.43,1.4,-0.003515800579251271,-0.25339,62744504852.0
2026-09-06T16:33:10+00:00,USDC,USDC,0.999939,74587545028,6,10367282314,1.0,0.999885,-6.638420204097e-06,-0.0069,74591956052.3114
2026-09-06T16:33:10+00:00,Solana,SOL,105.92,62012186477,7,3789573619,107.22,103.09,2.67,2.60054,585445029.006927
2026-09-06T16:33:10+00:00,TRON,TRX,0.33531,31834357006,8,239199243,0.335539,0.332923,0.00101936,0.29631,94935900212.59479
2026-09-06T16:33:10+00:00,Figure Heloc,FIGR_HELOC,1.055,23516084575,9,343538,1.055,1.004,0.01178283,1.13206,22290650137.398
2026-09-06T16:33:10+00:00,Zcash,ZEC,1172.01,19859832972,9,1463838118,1206.41,1004.71,148.61,14.47206,16916382.9780448
2026-09-06T16:33:10+00:00,Hyperliquid,HYPE,88.12,19604167396,10,1315731817,89.6,84.94,2.45,2.84377,222445714.07414138
2026-09-06T16:33:10+00:00,Dogecoin,DOGE,0.089008,13870155123,11,1387350629,0.094557,0.087976,0.00136012,1.5538,155804136383.7052
2026-09-06T16:33:10+00:00,Rain,RAIN,0.01682176,11928877076,12,42000723,0.01727553,0.01679992,-0.00032864356227667,-2.01135,709207160748.6445
2026-09-06T16:33:10+00:00,Monero,XMR,528.06,9929605999,13,112609254,558.79,525.08,-11.895133943842552,-2.31437,18801128.79602746
2026-09-06T16:33:10+00:00,USDS,USDS,0.999805,9822722301,14,73783530,1.0,0.999445,8.283e-05,0.0126,9824515073.127563
2026-09-06T16:33:10+00:00,Chainlink,LINK,12.31,9212802080,15,483132028,12.44,11.96,0.372859,3.11031,748099970.424884
2026-09-06T16:33:10+00:00,WhiteBIT Coin,WBT,73.37,8655272731,16,54914558,73.97,73.11,-0.06407324311170726,-0.09121,117956019.0
2026-09-06T16:33:10+00:00,LEO Token,LEO,9.33,8581765336,17,110835,9.35,9.22,0.059656,0.63828,919857851.9
2026-09-06T16:33:10+00:00,Cardano,ADA,0.218737,8205525615,18,428555136,0.223606,0.216306,0.00034329,0.12696,37504333228.36598
2026-09-06T16:33:10+00:00,Stellar,XLM,0.184671,6427526113,19,116404721,0.187637,0.182861,0.0004667,0.2095,34802058004.58942
2026-09-06T16:33:10+00:00,Bitcoin Cash,BCH,256.38,5151090146,20,166342388,264.82,253.71,3.94,1.56055,20085453.02165078
2026-09-06T16:33:10+00:00,Dai,DAI,0.999896,4614434601,21,217791713,1.0,0.999675,0.00017251,0.01445,4614914633.930589
2026-09-06T16:33:10+00:00,Uniswap,UNI,7.37,4591768502,22,1183406620,7.48,6.65,0.741564,11.07989,623212423.7271129
2026-09-06T16:33:10+00:00,Ethena USDe,USDE,0.999827,4371174154,23,25965132,1.0,0.99974,-8.3937475127471e-05,-0.01298,4371946886.330418
2026-09-06T16:33:10+00:00,Canton,CC,0.108924,4307306586,24,8063292,0.111318,0.108689,-0.002453628167455243,-2.29736,39539673109.14841
2026-09-06T16:33:10+00:00,USD1,USD1,0.999649,4246619357,25,891628085,0.999779,0.999515,4.94e-05,0.00164,4248045903.896932
2026-09-06T16:33:10+00:00,Litecoin,LTC,54.63,4238296127,26,341857615,55.3,53.57,0.83873,1.52099,77578135.56605598
2026-09-06T16:33:10+00:00,Gram (prev. Toncoin),GRAM,1.42,3953017435,27,30283918,1.45,1.41,-0.003639035776159538,-0.2456,2782134272.9709826
2026-09-06T16:33:10+00:00,Hedera,HBAR,0.080684,3536762678,28,53738482,0.082287,0.080092,0.00033439,0.32322,43831559704.4647
2026-09-06T16:33:10+00:00,Avalanche,AVAX,7.64,3299404821,29,214011359,7.74,7.56,0.088877,1.1626,431771961.1772119
2026-09-06T16:33:10+00:00,Sui,SUI,0.797629,3268468216,30,583908761,0.812155,0.78605,-0.001084991503756849,-0.12512,4096537146.5409594
2026-09-06T16:33:10+00:00,Global Dollar,USDG,0.999992,3260989442,31,1452188921,1.0,0.999841,-0.000110301869971852,-0.01711,3261100602.211885
2026-09-06T16:33:10+00:00,Shiba Inu,SHIB,5.42e-06,3196335606,32,64221802,5.57e-06,5.38e-06,-6.3346786868e-08,-0.9432,589239307782558.2
2026-09-06T16:33:10+00:00,NEAR Protocol,NEAR,2.43,3182259121,33,596466476,2.48,2.16,0.240357,10.8892,1305587008.0
2026-09-06T16:33:10+00:00,PayPal USD,PYUSD,0.999932,2935603521,34,44501889,1.0,0.999748,7.87e-06,0.00112,2935798963.4672475
2026-09-06T16:33:10+00:00,BlackRock USD Institutional Digital Liquidity Fund,BUIDL,1.0,2832282866,35,0.0,1.0,1.0,0.0,0.0,2832282865.800449
2026-09-06T16:33:10+00:00,Cronos,CRO,0.057312,2781771296,36,5006767,0.057654,0.056262,0.00095522,1.69058,48537939850.135216
2026-09-06T16:33:10+00:00,Tether Gold,XAUT,4421.68,2709747803,37,80291697,4428.45,4418.37,-2.740298011010964,-0.06557,612823.6595320001
2026-09-06T16:33:10+00:00,Circle USYC,USYC,1.14,2624340328,38,0.0,1.14,1.14,0.0,0.0,2308988052.650666
2026-09-06T16:33:10+00:00,MemeCore,M,1.12,2541612410,39,1852135,1.15,1.12,-0.001380290766916037,-0.14517,2269775515.935722
2026-09-06T16:33:10+00:00,Ripple USD,RLUSD,0.999961,2407066829,40,58257398,1.0,0.99982,-1.5535935653066e-05,-0.00324,2407151384.647228
2026-09-06T16:33:10+00:00,Bittensor,TAO,248.62,2387903884,41,212143640,248.63,232.43,13.33,5.64692,9597491.0
2026-09-06T16:33:10+00:00,OKB,OKB,112.8,2371613627,42,27783831,115.96,112.24,-0.9461796339995772,-0.86285,21000000.0
2026-09-06T16:33:10+00:00,Ondo US Dollar Yield,USDY,1.15,2201516571,43,560840,1.15,1.14,0.00010807,0.00345,1922537236.5902252
2026-09-06T16:33:10+00:00,Aster,ASTER,0.765309,2066689401,44,260552302,0.809241,0.752274,-0.04430712938942116,-5.54298,2700010975.2797318
2026-09-06T16:33:10+00:00,Aave,AAVE,133.86,2066385538,45,258234672,139.93,131.55,1.61,1.25126,15427278.369821077
2026-09-06T16:33:10+00:00,Mantle,MNT,0.598115,1975427256,46,24625997,0.610864,0.579297,0.01643573,2.81136,3302294382.53684
2026-09-06T16:33:10+00:00,PAX Gold,PAXG,4426.21,1914356359,47,49560464,4435.4,4423.81,-5.123570362128703,-0.1218,432503.322051
2026-09-06T16:33:10+00:00,Ondo,ONDO,0.376958,1836621479,48,96813054,0.381736,0.367834,0.00802218,2.2219,4869330647.0
2026-09-06T16:33:10+00:00,World Liberty Financial,WLFI,0.056629,1799598686,49,24507842,0.057586,0.056281,-0.000454765761528586,-0.75286,31777074630.0
2026-09-06T16:33:10+00:00,Morpho,MORPHO,2.56,1759637281,51,43146847,2.62,2.48,0.0405333,1.63617,688668383.3244854
2026-09-06T16:33:10+00:00,Ethena,ENA,0.173702,1759610577,50,854175875,0.188609,0.163315,0.01032248,6.30514,10095312500.0
2026-09-06T16:33:10+00:00,Sky,SKY,0.070781,1657963619,52,9123273,0.072065,0.067754,0.00308528,4.47192,23423151337.60385
2026-09-06T16:33:10+00:00,Polkadot,DOT,0.966991,1646471941,53,159859414,0.990854,0.907533,0.056579,6.16464,1701517219.202983
2026-09-06T16:33:10+00:00,Pump.fun,PUMP,0.00389381,1539786829,54,241902611,0.00412656,0.0037741,-0.000173441914046933,-4.72607,395295822685.8719
2026-09-06T16:33:10+00:00,Pepe,PEPE,3.59e-06,1512477284,55,230648580,3.69e-06,3.55e-06,9.834e-09,0.35215,420690000000000.0
2026-09-06T16:33:10+00:00,HTX DAO,HTX,1.68e-06,1510542954,56,35412852,1.69e-06,1.68e-06,3.198e-09,0.17304,898232728634017.2
2026-09-06T16:33:10+00:00,Internet Computer,ICP,2.69,1498240859,57,70523064,2.8,2.61,0.083309,3.14004,556240703.9125739
2026-09-06T16:33:10+00:00,Worldcoin,WLD,0.411149,1495415235,58,178488541,0.424238,0.394972,0.01365181,3.28861,3636184637.824948
2026-09-06T16:33:10+00:00,USDD,USDD,0.998843,1467927122,59,2024056,0.999399,0.997467,-0.000169260711744057,-0.05028,1469849077.0
2026-09-06T16:33:10+00:00,Bitget Token,BGB,2.0,1401233838,60,9888720,2.05,1.99,-0.023864043321636164,-1.0943,699992029.6481038
2026-09-06T16:33:10+00:00,USDGO,USDGO,0.999939,1355374927,61,30875530,1.0,0.999832,-5.6306232902315e-05,-0.00207,1355454412.77
2026-09-06T16:33:10+00:00,Falcon USD,USDF,0.996338,1339161586,62,93532,1.003,0.994244,-0.000342917921451469,-0.03704,1344083107.942925
2026-09-06T16:33:10+00:00,BFUSD,BFUSD,0.999597,1319467388,63,3512739,1.0,0.999586,-0.000408915692828193,-0.05393,1320000000.0
2026-09-06T16:33:10+00:00,United Stables,U,0.999222,1276607115,64,118462798,0.999542,0.999016,0.00014401,0.00167,1277499107.8
2026-09-06T16:33:10+00:00,Arbitrum,ARB,0.190016,1270061800,65,1013299507,0.203584,0.134498,0.054401,40.05331,6678075931.0
2026-09-06T16:33:10+00:00,Spiko Amundi Overnight Swap Fund (EUR),EURSAFO,1.18,1229005528,66,0.0,1.18,1.18,0.0,0.0,1045687476.43203
2026-09-06T16:33:10+00:00,Ethereum Classic,ETC,7.73,1221356481,67,50075139,7.86,7.64,0.02076333,0.28085,158081781.7419712
2026-09-06T16:33:10+00:00,Bitway,BTW,0.446666,1209633889,68,9582970,0.465303,0.434996,-0.000143268192527746,0.02473,2708142280.000001
2026-09-06T16:33:10+00:00,Lighter,LIT,4.55,1137108264,69,69796405,4.86,4.45,-0.15238852128434832,-3.24588,250000000.0
2026-09-06T16:33:10+00:00,Pi Network,PI,0.094474,1052771513,70,3637624,0.095897,0.094315,-0.001226487149078442,-1.27411,11141680597.248924
2026-09-06T16:33:10+00:00,POL (ex-MATIC),POL,0.096808,1036904633,71,73748593,0.100267,0.094652,0.00141124,1.43458,10709454818.56161
2026-09-06T16:33:10+00:00,KuCoin,KCS,7.08,971167812,72,2958892,7.3,7.08,-0.0812503874943209,-1.13987,137155021.2773955
2026-09-06T16:33:10+00:00,Blockchain Capital,BCAP,106.22,967888430,73,0.0,106.22,106.22,0.0,0.0,9112111.0
2026-09-06T16:33:10+00:00,Gate,GT,9.03,962953538,74,3605117,9.61,9.0,-0.35273210522101195,-3.77336,106618740.93666212
2026-09-06T16:33:10+00:00,Quant,QNT,65.72,955776187,75,15576981,67.11,64.25,1.55,2.35595,14544176.164081175
2026-09-06T16:33:10+00:00,JUST,JST,0.112337,919931213,76,17922408,0.113102,0.109153,0.00260749,2.3667,8188743036.341737
2026-09-06T16:33:10+00:00,Jupiter,JUP,0.269328,895027383,77,181474041,0.282272,0.218514,0.04454563,19.70042,3320312968.08
2026-09-06T16:33:10+00:00,Spiko EU T-Bills Money Market Fund,EUTBL,1.23,882559347,78,0.0,1.23,1.23,0.0,0.0,718027528.4955
2026-09-06T16:33:10+00:00,Dash,DASH,68.01,874111437,79,391991636,78.31,65.21,-1.360556522442124,-1.9338,12828163.64374112
2026-09-06T16:33:10+00:00,Algorand,ALGO,0.094971,858599524,80,31690081,0.096094,0.093765,0.00047596,0.5286,9038985932.3071
2026-09-06T16:33:10+00:00,Kaspa,KAS,0.03065708,848687877,81,9255336,0.03089979,0.03009138,0.00018296,0.62536,27683423155.231007
2026-09-06T16:33:10+00:00,Cosmos Hub,ATOM,1.59,839701073,82,29219319,1.61,1.54,0.0337218,2.15087,529207306.233029
2026-09-06T16:33:10+00:00,NEXO,NEXO,0.828404,828391252,83,3193486,0.844164,0.827127,-0.00891292337178684,-0.93997,1000000000.0
2026-09-06T16:33:10+00:00,Venice Token,VVV,17.06,815127054,84,8432526,17.36,16.97,-0.17896664222709902,-0.99365,47771461.027057156
2026-09-06T16:33:10+00:00,Janus Henderson Anemoy Treasury Fund,JTRSY,1.12,799656135,85,0.0,1.12,1.12,0.0,0.0,717141156.78007
2026-09-06T16:33:10+00:00,Render,RENDER,1.52,787005486,86,51149835,1.53,1.46,0.04947264,3.39399,518772101.28269154
2026-09-06T16:33:10+00:00,Invesco Short Duration US Government Securities Fund,USTB,11.2,774971484,87,0.0,11.2,11.2,0.0,0.0,69190812.145106
2026-09-06T16:33:10+00:00,​​Stable,STABLE,0.02790836,727815973,88,7648675,0.02897644,0.0277946,-0.001143570149727879,-3.78348,26078944444.0
2026-09-06T16:33:10+00:00,Janus Henderson Anemoy AAA CLO Fund,JAAA,1.048,710966727,89,0.0,1.048,1.048,0.0,0.0,678300455.183658
2026-09-06T16:33:10+00:00,PancakeSwap,CAKE,2.18,699855494,90,108860550,2.28,2.16,-0.059020791656319904,-2.5765,320777532.8279649
2026-09-06T16:33:10+00:00,GHO,GHO,0.998976,698284221,91,4053857,0.999384,0.998902,-0.000188910441304646,-0.0223,699000000.0
2026-09-06T16:33:10+00:00,Filecoin,FIL,0.794136,656819324,92,89782704,0.838778,0.776782,0.01300775,1.68442,826919923.0
2026-09-06T16:33:10+00:00,Beldex,BDX,0.078833,620562347,93,10583087,0.079259,0.07811,-0.000516414498430762,-0.43318,7870533336.2647
2026-09-06T16:33:10+00:00,Official Trump,TRUMP,2.32,607183305,94,186384652,2.42,2.3,-0.06764068232918596,-2.83224,261880985.28763402
2026-09-06T16:33:10+00:00,VeChain,VET,0.00705722,606866163,95,6653752,0.007088,0.00690482,0.00011841,1.71931,85985041177.0
2026-09-06T16:33:10+00:00,Pons,PONS,0.849018,604596713,96,210536328,0.971034,0.794022,-0.08118392752275505,-8.62663,712104762.0614183
2026-09-06T16:33:10+00:00,Flare,FLR,0.00671457,582901353,97,3281511,0.00680387,0.00659121,-7.600573819239e-06,-0.11155,86818814611.36505
2026-09-06T16:33:10+00:00,Curve DAO,CRV,0.370121,575663902,98,76721118,0.390599,0.360131,0.00512823,1.37951,1554593117.0
2026-09-06T16:33:10+00:00,XDC Network,XDC,0.02793909,557286214,99,4956380,0.02831162,0.0278306,5.151e-05,0.15725,19946688440.0
2026-09-06T17:01:11+00:00,Bitcoin,BTC,79655,1599761345651,1,20086520063,80132,79426,-475.47309719843906,-0.53425,20080328.0
2026-09-06T17:01:11+00:00,Ethereum,ETH,2482.02,302916309418,2,9261216881,2521.39,2471.07,9.46,0.43291,122023857.56610575
2026-09-06T17:01:11+00:00,Tether,USDT,0.999941,183384935410,3,44459093375,1.0,0.999862,-0.000166483492059388,-0.01782,183392383062.09265
2026-09-06T17:01:11+00:00,BNB,BNB,747.08,99491652360,4,1389426004,779.7,740.53,-28.253701452513724,-3.42869,133161841.22
2026-09-06T17:01:11+00:00,XRP,XRP,1.41,88576126936,5,1560999629,1.43,1.4,-0.006541528001124508,-0.3532,62744504852.0
2026-09-06T17:01:11+00:00,USDC,USDC,0.999944,74585733975,6,10388926388,1.0,0.999885,-8.7983904249689e-05,-0.00866,74587910041.14986
2026-09-06T17:01:11+00:00,Solana,SOL,105.98,62086305025,7,3792623990,107.22,103.09,2.52,2.50102,585445005.584071
2026-09-06T17:01:11+00:00,TRON,TRX,0.33526,31831473759,8,236310920,0.335539,0.332923,0.00075586,0.20795,94935900212.59479
2026-09-06T17:01:11+00:00,Figure Heloc,FIGR_HELOC,1.055,23516084575,9,343538,1.055,1.004,0.04834795,4.8042,22290650137.398
2026-09-06T17:01:11+00:00,Zcash,ZEC,1178.74,19941765781,9,1471770038,1206.41,1004.71,139.15,13.85757,16916382.9780448
2026-09-06T17:01:11+00:00,Hyperliquid,HYPE,87.88,19570535544,10,1337605709,89.6,84.94,1.77,2.00708,222445714.07414138
2026-09-06T17:01:11+00:00,Dogecoin,DOGE,0.089199,13901174678,11,1372441777,0.094557,0.087976,0.00069208,0.89315,155804136383.7052
2026-09-06T17:01:11+00:00,Rain,RAIN,0.01680623,11924840164,12,42009072,0.01727553,0.01679992,-0.000339007434065557,-1.96113,709207160623.9207
2026-09-06T17:01:11+00:00,Monero,XMR,527.36,9914255962,13,111891238,558.79,525.08,-12.835661013677282,-2.26188,18801128.79602746
2026-09-06T17:01:11+00:00,USDS,USDS,0.999905,9824020158,14,72797343,1.0,0.999445,0.00014241,0.0127,9825464165.442867
2026-09-06T17:01:11+00:00,Chainlink,LINK,12.33,9234489272,15,487367674,12.44,11.96,0.347349,2.96552,748099970.424884
2026-09-06T17:01:11+00:00,WhiteBIT Coin,WBT,73.35,8655467689,16,54392115,73.97,73.11,-0.26705876590747835,-0.30659,117956019.0
2026-09-06T17:01:11+00:00,LEO Token,LEO,9.33,8581703916,17,110807,9.35,9.22,0.070277,0.75864,919857851.9
2026-09-06T17:01:11+00:00,Cardano,ADA,0.218497,8196614816,18,423275541,0.223606,0.216306,0.00016365,0.17324,37504333228.36598
2026-09-06T17:01:11+00:00,Stellar,XLM,0.184629,6424413932,19,116606468,0.187637,0.182861,0.00016781,0.15765,34802057805.816734
2026-09-06T17:01:11+00:00,Bitcoin Cash,BCH,256.14,5145319243,20,167844892,264.82,253.71,2.28,0.94952,20085453.02165078
2026-09-06T17:01:11+00:00,Dai,DAI,0.999805,4613962145,21,220353008,1.0,0.999675,-0.000159528239388917,-0.01712,4614772411.271447
2026-09-06T17:01:11+00:00,Uniswap,UNI,7.24,4513700959,22,1197000464,7.48,6.65,0.52303,7.99204,623212423.7271129
2026-09-06T17:01:11+00:00,Ethena USDe,USDE,0.999867,4371449150,23,27806040,1.0,0.99974,-0.000120572709137123,-0.01302,4371946886.330418
2026-09-06T17:01:11+00:00,Canton,CC,0.109472,4333348563,24,8389564,0.111318,0.108689,-0.000939135039480524,-0.76896,39540251443.83999
2026-09-06T17:01:11+00:00,USD1,USD1,0.999633,4246527475,25,883359430,0.999779,0.999515,-2.04205482901e-06,-0.00349,4248045903.844593
2026-09-06T17:01:11+00:00,Litecoin,LTC,54.59,4236295553,26,339573955,55.3,53.57,0.180968,0.33192,77578298.06655824
2026-09-06T17:01:11+00:00,Gram (prev. Toncoin),GRAM,1.42,3950944631,27,30318346,1.45,1.41,-0.004536709644740622,-0.2447,2782148889.550758
2026-09-06T17:01:11+00:00,Hedera,HBAR,0.080681,3537021956,28,54228501,0.082287,0.080092,7.335e-05,0.11984,43831559704.508255
2026-09-06T17:01:11+00:00,Avalanche,AVAX,7.64,3299023659,29,210254341,7.74,7.56,0.070263,0.97142,431771961.1772119
2026-09-06T17:01:11+00:00,Sui,SUI,0.79837,3271065433,30,586116676,0.812155,0.78605,-0.002472430096664535,-0.08503,4096537146.5409594
2026-09-06T17:01:11+00:00,Global Dollar,USDG,0.999992,3261156646,31,1433510986,1.0,0.999841,-0.000148441170186975,-0.01478,3261100602.211885
2026-09-06T17:01:11+00:00,Shiba Inu,SHIB,5.42e-06,3196618161,32,64131464,5.57e-06,5.38e-06,-5.8420011661e-08,-0.99558,589239307782558.2
2026-09-06T17:01:11+00:00,NEAR Protocol,NEAR,2.43,3166573969,33,590018898,2.48,2.16,0.218011,9.86547,1305587008.0
2026-09-06T17:01:11+00:00,PayPal USD,PYUSD,0.999977,2935728361,34,45199061,1.0,0.999748,-1.7336004045188e-05,-0.00309,2935798963.4672475
2026-09-06T17:01:11+00:00,BlackRock USD Institutional Digital Liquidity Fund,BUIDL,1.0,2832282866,35,0.0,1.0,1.0,0.0,0.0,2832282865.800449
2026-09-06T17:01:11+00:00,Cronos,CRO,0.057395,2786319909,36,5076204,0.057654,0.056262,0.00087627,1.48803,48537992726.64994
2026-09-06T17:01:11+00:00,Tether Gold,XAUT,4419.82,2708712935,37,78009213,4428.45,4418.37,-8.462721352380868,-0.19023,612823.6595320001
2026-09-06T17:01:11+00:00,Circle USYC,USYC,1.14,2624340328,38,0.0,1.14,1.14,0.0,0.0,2308988052.650666
2026-09-06T17:01:11+00:00,MemeCore,M,1.13,2555998611,39,1833881,1.15,1.12,0.00685112,0.6201,2269775515.935722
2026-09-06T17:01:11+00:00,Bittensor,TAO,251.38,2413473579,40,223027334,248.63,232.43,15.7,6.66789,9597491.0
2026-09-06T17:01:11+00:00,Ripple USD,RLUSD,1.0,2407177588,41,56044118,1.0,0.99982,-8.873985539948e-06,-0.00075,2407151384.647228
2026-09-06T17:01:11+00:00,OKB,OKB,112.8,2368884464,42,27875989,115.96,112.24,-1.008534856206012,-0.91357,21000000.0
2026-09-06T17:01:11+00:00,Ondo US Dollar Yield,USDY,1.15,2192471173,43,544635,1.15,1.14,0.00359265,-0.31858,1922537236.5612252
2026-09-06T17:01:11+00:00,Aster,ASTER,0.762395,2058565491,44,251208722,0.809241,0.752274,-0.030664224946043817,-3.84353,2700010975.2797318
2026-09-06T17:01:11+00:00,Aave,AAVE,133.04,2053500031,45,262030557,139.93,131.55,1.041,1.01269,15427278.369821077
2026-09-06T17:01:11+00:00,Mantle,MNT,0.598474,1976395936,46,22124095,0.610864,0.579297,0.0170932,2.96838,3302294382.53684
2026-09-06T17:01:11+00:00,PAX Gold,PAXG,4424.56,1913733130,47,49170073,4435.4,4423.81,-10.077763300130755,-0.23798,432503.322051
2026-09-06T17:01:11+00:00,Ondo,ONDO,0.378247,1842019939,48,97176548,0.381736,0.367834,0.00865154,2.38837,4869330647.0
2026-09-06T17:01:11+00:00,World Liberty Financial,WLFI,0.056473,1795943165,49,24417095,0.057586,0.056281,-0.000666125982296331,-1.17824,31777074630.0
2026-09-06T17:01:11+00:00,Morpho,MORPHO,2.57,1769060791,50,43319416,2.62,2.48,0.056788,2.24899,688668383.3244854
2026-09-06T17:01:11+00:00,Ethena,ENA,0.174027,1757773837,51,855849973,0.188609,0.163315,0.01021371,6.39412,10095312500.0
2026-09-06T17:01:11+00:00,Sky,SKY,0.070386,1648958337,52,9440472,0.072065,0.067754,0.00256404,3.86916,23423151337.60385
2026-09-06T17:01:11+00:00,Polkadot,DOT,0.967562,1644695838,53,161253277,0.990854,0.907533,0.056417,6.23068,1701517219.202983
2026-09-06T17:01:11+00:00,Pump.fun,PUMP,0.00385097,1523491144,54,247437173,0.00412656,0.0037741,-0.000221221968571985,-5.46097,395291229394.9599
2026-09-06T17:01:11+00:00,Pepe,PEPE,3.6e-06,1513882971,55,225712434,3.69e-06,3.55e-06,4.512e-09,0.22716,420690000000000.0
2026-09-06T17:01:11+00:00,HTX DAO,HTX,1.68e-06,1510708811,56,34551481,1.69e-06,1.68e-06,-6.647937365e-09,-0.40737,898232728634017.2
2026-09-06T17:01:11+00:00,Worldcoin,WLD,0.412399,1500195973,57,176029196,0.424238,0.394972,0.01283425,3.41332,3636184637.824948
2026-09-06T17:01:11+00:00,Internet Computer,ICP,2.7,1499515899,58,71081312,2.8,2.61,0.085955,3.33651,556240703.9125739
2026-09-06T17:01:11+00:00,USDD,USDD,0.998548,1468113995,59,2025539,0.999399,0.997467,-0.000521866817060679,-0.02748,1469849077.0
2026-09-06T17:01:11+00:00,Bitget Token,BGB,2.01,1405090543,60,9760726,2.05,1.99,-0.031294375694162824,-1.42094,699992029.6481038
2026-09-06T17:01:11+00:00,USDGO,USDGO,0.999945,1355371095,61,27670832,1.0,0.999832,2.115e-05,-0.00676,1355454412.77
2026-09-06T17:01:11+00:00,Falcon USD,USDF,0.996636,1339584993,62,277724,1.003,0.994244,-0.000115820736988459,-0.01345,1344083107.942925
2026-09-06T17:01:11+00:00,BFUSD,BFUSD,0.999502,1319367501,63,3644797,1.0,0.999586,-0.000557039705067486,-0.06657,1320000000.0
2026-09-06T17:01:11+00:00,United Stables,U,0.999231,1276444786,64,118897932,0.999542,0.999016,2.595e-05,-0.02083,1277499107.8
2026-09-06T17:01:11+00:00,Arbitrum,ARB,0.188072,1256020153,65,1010930769,0.203584,0.134498,0.052165,38.59041,6678075931.0
2026-09-06T17:01:11+00:00,Spiko Amundi Overnight Swap Fund (EUR),EURSAFO,1.18,1229005528,66,0.0,1.18,1.18,0.0,0.0,1045687476.43203
2026-09-06T17:01:11+00:00,Ethereum Classic,ETC,7.74,1224477540,67,50404008,7.86,7.64,0.01935638,0.35148,158081781.7419712
2026-09-06T17:01:11+00:00,Bitway,BTW,0.448096,1214687948,68,9474332,0.465303,0.434996,0.01228251,2.73378,2708142280.000001
2026-09-06T17:01:11+00:00,Lighter,LIT,4.59,1146541140,69,71031042,4.86,4.45,-0.156874373744885,-3.1983,250000000.0
2026-09-06T17:01:11+00:00,Pi Network,PI,0.094347,1051230444,70,3641179,0.095897,0.094315,-0.001338423234132594,-1.38917,11141680597.248924
2026-09-06T17:01:11+00:00,POL (ex-MATIC),POL,0.096847,1037430788,71,73849356,0.100267,0.094652,0.00151137,1.64853,10709454818.56161
2026-09-06T17:01:11+00:00,KuCoin,KCS,7.1,972268955,72,1946403,7.3,7.08,-0.06125233378990824,-0.86635,137155021.2773955
2026-09-06T17:01:11+00:00,Gate,GT,9.09,971433621,73,3449048,9.61,9.0,-0.4855889031469083,-5.06193,106618774.52875872
2026-09-06T17:01:11+00:00,Blockchain Capital,BCAP,106.22,967888430,74,0.0,106.22,106.22,1.4211e-14,0.0,9112111.0
2026-09-06T17:01:11+00:00,Quant,QNT,65.84,957939778,75,15816188,67.11,64.25,1.58,2.43541,14544176.164081175
2026-09-06T17:01:11+00:00,JUST,JST,0.112535,921760566,76,18637853,0.113102,0.109153,0.00325858,3.012,8188743036.341737
2026-09-06T17:01:11+00:00,Jupiter,JUP,0.269073,893093080,77,180899380,0.282272,0.218514,0.04678793,21.1501,3320312968.08
2026-09-06T17:01:11+00:00,Spiko EU T-Bills Money Market Fund,EUTBL,1.23,882559347,78,0.0,1.23,1.23,0.0,0.0,718027528.4955
2026-09-06T17:01:11+00:00,Dash,DASH,68.33,877352579,79,394172334,78.31,65.21,-1.0190624957691483,-1.35583,12828163.64374112
2026-09-06T17:01:11+00:00,Algorand,ALGO,0.094982,858561655,80,31850513,0.096094,0.093765,5.702e-05,0.08076,9038985932.3071
2026-09-06T17:01:11+00:00,Kaspa,KAS,0.03062219,847660837,81,8823757,0.03089979,0.03009138,0.00013285,0.56989,27683423155.231007
2026-09-06T17:01:11+00:00,Cosmos Hub,ATOM,1.59,840051453,82,29303260,1.61,1.54,0.03883275,2.46549,529207306.233029
2026-09-06T17:01:11+00:00,NEXO,NEXO,0.827557,827615033,83,3143405,0.844164,0.827127,-0.01314397975670123,-1.60666,1000000000.0
2026-09-06T17:01:11+00:00,Venice Token,VVV,17.0,811983012,84,7906804,17.36,16.97,-0.2599807844072082,-1.49383,47771749.26906626
2026-09-06T17:01:11+00:00,Janus Henderson Anemoy Treasury Fund,JTRSY,1.12,799656135,85,0.0,1.12,1.12,0.0,0.0,717141156.78007
2026-09-06T17:01:11+00:00,Render,RENDER,1.52,792404077,86,53074436,1.53,1.46,0.054374,3.77486,518772101.28269154
2026-09-06T17:01:11+00:00,Invesco Short Duration US Government Securities Fund,USTB,11.2,775166433,87,0.0,11.2,11.2,0.0,0.0,69208217.574843
2026-09-06T17:01:11+00:00,​​Stable,STABLE,0.0280724,731941895,88,7750824,0.02897644,0.0277946,-0.00093142412058627,-3.08982,26079815157.0
2026-09-06T17:01:11+00:00,Janus Henderson Anemoy AAA CLO Fund,JAAA,1.048,710966727,89,0.0,1.048,1.048,0.0,0.0,678300455.183658
2026-09-06T17:01:11+00:00,PancakeSwap,CAKE,2.18,699453992,90,106845036,2.28,2.16,-0.06477136505781456,-2.7423,320777536.477181
2026-09-06T17:01:11+00:00,GHO,GHO,0.998952,698280895,91,4062662,0.999384,0.998902,-0.000392250883115342,-0.04039,699000000.0
2026-09-06T17:01:11+00:00,Filecoin,FIL,0.794155,656717629,92,90005956,0.838778,0.776782,0.0149623,1.96937,826920776.0
2026-09-06T17:01:11+00:00,Beldex,BDX,0.078674,619379255,93,10587284,0.079259,0.07811,-0.000264181594522545,-0.24291,7870533791.734016
2026-09-06T17:01:11+00:00,VeChain,VET,0.00705923,607137997,94,6853102,0.007088,0.00690482,0.00011303,1.63386,85985041177.0
2026-09-06T17:01:11+00:00,Official Trump,TRUMP,2.32,606669954,95,185394919,2.42,2.3,-0.07516924851584728,-3.11804,261880985.28763402
2026-09-06T17:01:11+00:00,Flare,FLR,0.00673204,584084738,96,3201551,0.00680387,0.00659121,9.49e-06,0.1636,86818814611.36505
2026-09-06T17:01:11+00:00,Pons,PONS,0.809857,576565864,97,202319915,0.971034,0.794022,-0.12886649201838163,-13.7933,712104762.0614183
2026-09-06T17:01:11+00:00,Curve DAO,CRV,0.369271,574408168,98,77372896,0.390599,0.360131,0.00561604,1.57269,1554595909.0
2026-09-06T17:01:11+00:00,XDC Network,XDC,0.02794327,557353517,99,4899505,0.02831162,0.0278306,5.572e-05,0.18777,19946688440.0
2026-09-06T18:01:03+00:00,Bitcoin,BTC,79746,1601369228081,1,19088938796,80103,79426,-299.2521768761944,-0.37385,20080328.0
2026-09-06T18:01:03+00:00,Ethereum,ETH,2492.48,304152569059,2,9073724012,2521.39,2473.01,12.06,0.48606,122023857.56610575
2026-09-06T18:01:03+00:00,Tether,USDT,0.999948,183386366771,3,43174992722,1.0,0.999862,-6.8843563687526e-05,-0.00688,183392383062.09265
2026-09-06T18:01:03+00:00,BNB,BNB,748.11,99624875023,4,1266876402,779.39,740.53,-27.752191151011743,-3.57693,133161841.22
2026-09-06T18:01:03+00:00,XRP,XRP,1.41,88443596875,5,1523708472,1.43,1.4,-0.016234940629159533,-1.13873,62744504852.0
2026-09-06T18:01:03+00:00,USDC,USDC,0.999964,74581526795,6,10255337664,1.0,0.999885,-2.8643805697559e-05,-0.00286,74583279459.18661
2026-09-06T18:01:03+00:00,Solana,SOL,106.2,62176993804,7,3706810620,107.22,103.09,1.95,1.86914,585444971.3120844
2026-09-06T18:01:03+00:00,TRON,TRX,0.335229,31824225481,8,231982058,0.335539,0.332923,0.00111451,0.33357,94935900212.59479
2026-09-06T18:01:03+00:00,Figure Heloc,FIGR_HELOC,1.055,23516084575,9,343538,1.055,1.004,0.04996131,4.97121,22290650137.398
2026-09-06T18:01:03+00:00,Zcash,ZEC,1208.89,20468950183,9,1635027123,1206.41,1004.71,180.46,17.5468,16916382.9780448
2026-09-06T18:01:03+00:00,Hyperliquid,HYPE,88.22,19624059079,10,1338707166,89.6,84.94,2.59,3.02307,222445714.07414138
2026-09-06T18:01:03+00:00,Dogecoin,DOGE,0.089198,13896760634,11,1243396897,0.094057,0.088179,-0.004835351082990505,-5.14217,155804136383.7052
2026-09-06T18:01:03+00:00,Rain,RAIN,0.01683859,11942008126,12,40445104,0.01727553,0.01679478,-0.000290816688576386,-1.69776,709207408090.4302
2026-09-06T18:01:03+00:00,Monero,XMR,531.17,9986962253,13,113300033,558.79,524.2,-12.920260250161618,-2.37465,18801140.19601956
2026-09-06T18:01:03+00:00,USDS,USDS,1.0,9825753824,14,68886234,1.0,0.999445,0.00041763,0.04178,9825464165.442867
2026-09-06T18:01:03+00:00,Chainlink,LINK,12.32,9220882693,15,445878996,12.44,11.96,0.22862,1.89028,748099970.424884
2026-09-06T18:01:03+00:00,WhiteBIT Coin,WBT,73.48,8668620623,16,52306263,73.97,73.11,-0.0975685275674607,-0.1326,117956019.0
2026-09-06T18:01:03+00:00,LEO Token,LEO,9.33,8582435797,17,110401,9.35,9.22,0.08103,0.87607,919857851.9
2026-09-06T18:01:03+00:00,Cardano,ADA,0.218105,8180511931,18,410435704,0.223606,0.216306,-0.002870641354773218,-1.29908,37504333228.36598
2026-09-06T18:01:03+00:00,Stellar,XLM,0.18393,6402247300,19,114879863,0.187637,0.182861,-0.001481151512387924,-0.79885,34802057533.752174
2026-09-06T18:01:03+00:00,Bitcoin Cash,BCH,256.74,5156749237,20,159855227,264.82,254.31,-0.9480917250137963,-0.36793,20085453.02165078
2026-09-06T18:01:03+00:00,Dai,DAI,1.0,4614570057,21,221437135,1.0,0.999675,0.00021975,0.02198,4614896841.59232
2026-09-06T18:01:03+00:00,Uniswap,UNI,7.17,4468933349,22,1138707660,7.48,6.75,0.424886,6.29729,623212423.7271129
2026-09-06T18:01:03+00:00,Ethena USDe,USDE,0.999899,4371569043,23,24721415,1.0,0.99974,4.98e-06,0.0005,4371946886.330418
2026-09-06T18:01:03+00:00,Canton,CC,0.108855,4304238287,24,8392713,0.111318,0.108673,-0.00161337650218564,-1.46048,39540251443.83999
2026-09-06T18:01:03+00:00,USD1,USD1,0.999673,4246678596,25,848150156,0.999779,0.999517,0.00012389,0.01239,4248045903.844593
2026-09-06T18:01:03+00:00,Litecoin,LTC,54.28,4213492559,26,321553984,55.3,53.57,-0.5735664656056514,-1.04561,77578298.06655824
2026-09-06T18:01:03+00:00,Gram (prev. Toncoin),GRAM,1.42,3953089635,27,30320297,1.45,1.41,-0.006946422502865923,-0.48651,2782170999.810919
2026-09-06T18:01:03+00:00,Hedera,HBAR,0.080427,3525538826,28,52676265,0.082287,0.080092,-0.000714340120082521,-0.88036,43831559704.55177
2026-09-06T18:01:03+00:00,Avalanche,AVAX,7.63,3293289326,29,205916012,7.74,7.57,0.00616738,0.08095,431771961.1772119
2026-09-06T18:01:03+00:00,Sui,SUI,0.796077,3261399038,30,565709079,0.812155,0.78605,-0.006384403155794915,-0.7956,4096537146.5409594
2026-09-06T18:01:03+00:00,Global Dollar,USDG,0.999957,3260993128,31,1409182373,1.0,0.999841,-0.000211364953488613,-0.02113,3261073377.726853
2026-09-06T18:01:03+00:00,Shiba Inu,SHIB,5.43e-06,3202582116,32,62415887,5.57e-06,5.38e-06,-1.34777819731e-07,-2.41984,589239307782558.2
2026-09-06T18:01:03+00:00,NEAR Protocol,NEAR,2.38,3104103706,33,588883908,2.48,2.16,0.123562,5.483,1305614620.0
2026-09-06T18:01:03+00:00,PayPal USD,PYUSD,1.0,2935937337,34,45161128,1.0,0.999748,0.00015407,0.01541,2935798963.4057627
2026-09-06T18:01:03+00:00,BlackRock USD Institutional Digital Liquidity Fund,BUIDL,1.0,2832282866,35,0.0,1.0,1.0,0.0,0.0,2832282865.800449
2026-09-06T18:01:03+00:00,Cronos,CRO,0.057397,2785467416,36,5142752,0.057654,0.056262,0.00027904,0.48853,48538073806.21383
2026-09-06T18:01:03+00:00,Tether Gold,XAUT,4414.32,2705269850,37,81729141,4428.02,4418.37,-12.62571937111261,-0.2852,612823.6595320001
2026-09-06T18:01:03+00:00,Circle USYC,USYC,1.14,2624340328,38,0.0,1.14,1.14,0.0,0.0,2308988052.650666
2026-09-06T18:01:03+00:00,MemeCore,M,1.12,2548080638,39,1733998,1.15,1.12,0.00526173,0.4709,2269790965.6494308
2026-09-06T18:01:03+00:00,Bittensor,TAO,256.82,2465836951,40,227552402,251.97,232.43,21.55,9.16196,9597491.0
2026-09-06T18:01:03+00:00,Ripple USD,RLUSD,1.0,2407240646,41,54972686,1.0,0.99982,0.00012323,0.01232,2407151384.647229
2026-09-06T18:01:03+00:00,OKB,OKB,113.31,2379100584,42,26804199,115.96,112.24,-0.873655753018113,-0.76514,21000000.0
2026-09-06T18:01:03+00:00,Ondo US Dollar Yield,USDY,1.15,2193611752,43,543620,1.15,1.14,0.00600407,0.52711,1922537236.5591521
2026-09-06T18:01:03+00:00,Aave,AAVE,133.32,2057058678,44,260735410,139.93,132.89,0.330327,0.24838,15427278.369821077
2026-09-06T18:01:03+00:00,Aster,ASTER,0.761326,2055616045,45,236924897,0.809241,0.752274,-0.018945419993809387,-2.42806,2700010975.2797318
2026-09-06T18:01:03+00:00,Mantle,MNT,0.600602,1983540245,46,23917012,0.610864,0.580959,0.01875585,3.22351,3302294382.53684
2026-09-06T18:01:03+00:00,PAX Gold,PAXG,4419.46,1911392380,47,47996986,4434.82,4423.61,-15.01035286651586,-0.33849,432503.322051
2026-09-06T18:01:03+00:00,Ondo,ONDO,0.378694,1844204488,48,97161342,0.381736,0.367834,0.00945322,2.56018,4869330647.0
2026-09-06T18:01:03+00:00,Morpho,MORPHO,2.61,1799733658,49,44483617,2.62,2.48,0.106164,4.23449,688672550.8249694
2026-09-06T18:01:03+00:00,World Liberty Financial,WLFI,0.05636,1790838188,50,24907146,0.057586,0.056281,-0.001026641725371619,-1.789,31777074630.0
2026-09-06T18:01:03+00:00,Ethena,ENA,0.173808,1753839725,51,846008801,0.188609,0.163688,0.00800422,4.82751,10095312500.0
2026-09-06T18:01:03+00:00,Sky,SKY,0.070179,1643820558,52,8794506,0.072065,0.068218,0.001931,2.8294,23423151337.60385
2026-09-06T18:01:03+00:00,Polkadot,DOT,0.961168,1635781124,53,161081313,0.990854,0.907724,0.04924501,5.40013,1701529767.515216
2026-09-06T18:01:03+00:00,Pump.fun,PUMP,0.00383322,1515631070,54,246846837,0.00410983,0.00376438,-0.000225262297402991,-5.55041,395284751161.38654
2026-09-06T18:01:03+00:00,Pepe,PEPE,3.59e-06,1512262200,55,211423451,3.69e-06,3.55e-06,-8.0452042762e-08,-2.18897,420690000000000.0
2026-09-06T18:01:03+00:00,HTX DAO,HTX,1.68e-06,1510719426,56,31012155,1.69e-06,1.68e-06,3.3e-09,0.19658,898232728634017.2
2026-09-06T18:01:03+00:00,Worldcoin,WLD,0.411456,1496271087,57,174931546,0.424238,0.394972,0.01251072,3.13595,3636188927.737072
2026-09-06T18:01:03+00:00,Internet Computer,ICP,2.68,1491795103,58,71000365,2.8,2.62,0.055684,2.12023,556240703.9125739
2026-09-06T18:01:03+00:00,USDD,USDD,0.99798,1467546408,59,2016051,0.999399,0.997467,-0.000995738574894656,-0.09968,1470628602.0
2026-09-06T18:01:03+00:00,Bitget Token,BGB,2.02,1411636971,60,9614071,2.05,1.99,-0.02816646463690109,-1.37749,699992029.6481038
2026-09-06T18:01:03+00:00,USDGO,USDGO,0.999912,1355326993,61,26522064,1.0,0.999832,-6.1191080991896e-05,-0.00612,1355454412.77
2026-09-06T18:01:03+00:00,Falcon USD,USDF,0.996622,1339566691,62,206155,1.008,0.995354,-2.6095571348916e-05,-0.00262,1344083107.942925
2026-09-06T18:01:03+00:00,BFUSD,BFUSD,0.999218,1318993246,63,3815259,1.0,0.999393,-0.000768433044024408,-0.07684,1320000000.0
2026-09-06T18:01:03+00:00,United Stables,U,0.999232,1276489465,64,114307390,0.999542,0.999016,6.701e-05,0.00671,1277499107.8
2026-09-06T18:01:03+00:00,Bitway,BTW,0.454631,1232060142,65,8746778,0.465303,0.434996,0.0049828,1.10816,2708142280.000001
2026-09-06T18:01:03+00:00,Spiko Amundi Overnight Swap Fund (EUR),EURSAFO,1.18,1229005528,66,0.0,1.18,1.18,0.0,0.0,1045687476.43203
2026-09-06T18:01:03+00:00,Ethereum Classic,ETC,7.73,1222767640,67,49573223,7.86,7.64,-0.05210845101589001,-0.66939,158082655.1113612
2026-09-06T18:01:03+00:00,Arbitrum,ARB,0.183058,1222449438,68,962765969,0.203584,0.139077,0.04392803,31.57333,6678075931.0
2026-09-06T18:01:03+00:00,Lighter,LIT,4.63,1157851812,69,70165685,4.86,4.45,-0.14238708923280186,-2.98239,250000000.0
2026-09-06T18:01:03+00:00,Pi Network,PI,0.094179,1049330586,70,3663666,0.095897,0.094315,-0.001241488428067775,-1.30108,11141680597.248924
2026-09-06T18:01:03+00:00,POL (ex-MATIC),POL,0.097054,1039419285,71,73426157,0.100267,0.094652,0.0019316,2.03066,10709454818.56161
2026-09-06T18:01:03+00:00,Gate,GT,9.12,972850419,72,3033060,9.51,9.0,-0.17910223888996057,-1.92511,106618818.04822122
2026-09-06T18:01:03+00:00,KuCoin,KCS,7.09,972010105,73,2956014,7.3,7.08,-0.1104730908366296,-1.53495,137155021.2773955
2026-09-06T18:01:03+00:00,Blockchain Capital,BCAP,106.22,967888430,74,0.0,106.22,106.22,1.4211e-14,0.0,9112111.0
2026-09-06T18:01:03+00:00,Quant,QNT,65.92,958852327,75,15978766,67.11,64.57,1.2,1.8512,14544176.164081175
2026-09-06T18:01:03+00:00,JUST,JST,0.11252,921461000,76,19152188,0.113102,0.10947,0.00267343,2.43377,8188743036.341737
2026-09-06T18:01:03+00:00,Dash,DASH,68.88,883971982,77,398287234,78.31,65.21,1.85,2.75311,12828561.79829222
2026-09-06T18:01:03+00:00,Spiko EU T-Bills Money Market Fund,EUTBL,1.23,882559347,78,0.0,1.23,1.23,0.0,0.0,718027528.4955
2026-09-06T18:01:03+00:00,Jupiter,JUP,0.265404,881419225,79,182961026,0.282272,0.218514,0.04333216,19.51264,3320312968.08
2026-09-06T18:01:03+00:00,Algorand,ALGO,0.094693,855906334,80,31619606,0.096094,0.093765,-5.1052367966223e-05,-0.05388,9038985932.3071
2026-09-06T18:01:03+00:00,Kaspa,KAS,0.0304697,843554120,81,8814554,0.03089979,0.03009138,-7.412586453558e-06,-0.02432,27683423155.231007
2026-09-06T18:01:03+00:00,Cosmos Hub,ATOM,1.59,841199363,82,29550682,1.61,1.54,0.03787933,2.44123,529220779.342124
2026-09-06T18:01:03+00:00,NEXO,NEXO,0.831791,831398178,83,3203490,0.844074,0.827127,-0.011211575219952197,-1.32996,1000000000.0
2026-09-06T18:01:03+00:00,Venice Token,VVV,17.15,819251874,84,8583785,17.36,16.97,-0.13237889063183772,-0.76603,47771973.044547245
2026-09-06T18:01:03+00:00,Janus Henderson Anemoy Treasury Fund,JTRSY,1.12,799656135,85,0.0,1.12,1.12,0.0,0.0,717141156.78007
2026-09-06T18:01:03+00:00,Render,RENDER,1.51,784063066,86,53693296,1.54,1.46,0.04352027,2.96492,518772101.28269154
2026-09-06T18:01:03+00:00,Invesco Short Duration US Government Securities Fund,USTB,11.2,775166433,87,0.0,11.2,11.2,1.776e-15,0.0,69208217.574843
2026-09-06T18:01:03+00:00,​​Stable,STABLE,0.02807791,732317670,88,7748733,0.02896045,0.0277946,-0.000869426811188987,-3.00348,26081143689.0
2026-09-06T18:01:03+00:00,Janus Henderson Anemoy AAA CLO Fund,JAAA,1.048,710966727,89,0.0,1.048,1.048,0.0,0.0,678300455.183658
2026-09-06T18:01:03+00:00,PancakeSwap,CAKE,2.18,699309171,90,102527086,2.28,2.16,-0.08737393131506588,-3.8535,320777536.477181
2026-09-06T18:01:03+00:00,GHO,GHO,0.999122,698399591,91,3845117,0.999305,0.998902,-2.3528846149201e-05,-0.00235,699000000.0
2026-09-06T18:01:03+00:00,Filecoin,FIL,0.793662,656314768,92,89136091,0.838778,0.779073,0.01348276,1.72816,826921382.0
2026-09-06T18:01:03+00:00,Beldex,BDX,0.078587,618624787,93,10571212,0.079259,0.07811,-0.000408396735886024,-0.51699,7870529490.477037
2026-09-06T18:01:03+00:00,Official Trump,TRUMP,2.31,605217779,94,175390267,2.41,2.3,-0.08696265776936096,-3.62745,261880985.28763402
2026-09-06T18:01:03+00:00,VeChain,VET,0.00702506,604056719,95,6886273,0.007088,0.00690482,8.371e-05,1.206,85985041177.0
2026-09-06T18:01:03+00:00,Pons,PONS,0.824979,586603571,96,207390019,0.958428,0.794022,-0.12531263824860128,-13.18675,712104762.0614183
2026-09-06T18:01:03+00:00,Flare,FLR,0.0067083,582435507,97,2830991,0.00680387,0.00659121,1.356e-05,0.20251,86818814611.36505
2026-09-06T18:01:03+00:00,Curve DAO,CRV,0.373446,580629836,98,78468291,0.390599,0.362401,0.00693019,1.89083,1554601512.0
2026-09-06T18:01:03+00:00,XDC Network,XDC,0.02795122,557543251,99,4695168,0.02831162,0.0278306,7.587e-05,0.27216,19946688440.0
2026-09-06T18:43:19+00:00,Bitcoin,BTC,79955,1605435197476,1,18775364080,80103,79426,-10.002701331788558,-0.01251,20080328.0
2026-09-06T18:43:19+00:00,Ethereum,ETH,2498.39,304788632446,2,9043678739,2521.39,2473.01,21.71,0.87655,122023857.56610575
2026-09-06T18:43:19+00:00,Tether,USDT,0.999985,183390166166,3,42829880992,1.0,0.999862,-6.0909763529682e-05,-0.00609,183392383062.09265
2026-09-06T18:43:19+00:00,BNB,BNB,748.99,99740095787,4,1277410737,779.39,740.53,-29.243121539857157,-3.75763,133161841.22
2026-09-06T18:43:19+00:00,XRP,XRP,1.41,88752422718,5,1492124051,1.43,1.4,-0.005255062460251425,-0.37019,62744504852.0
2026-09-06T18:43:19+00:00,USDC,USDC,0.999974,74565464725,6,10376951829,1.0,0.999854,-2.155072755472e-05,-0.00216,74567228781.7404
2026-09-06T18:43:19+00:00,Solana,SOL,106.48,62363267214,7,3691002273,107.22,103.09,2.66,2.55776,585444938.5364544
2026-09-06T18:43:19+00:00,TRON,TRX,0.335308,31832248285,8,233463813,0.335539,0.332923,0.00120831,0.36166,94935900212.59479
2026-09-06T18:43:19+00:00,Figure Heloc,FIGR_HELOC,1.055,23516084575,9,343538,1.055,1.004,0.050264,5.00284,22290650137.398
2026-09-06T18:43:19+00:00,Zcash,ZEC,1227.06,20727824318,9,1709607502,1229.19,1004.71,202.43,19.75661,16916382.9780448
2026-09-06T18:43:19+00:00,Hyperliquid,HYPE,87.91,19561835924,10,1331585691,89.6,84.94,2.39,2.79818,222445714.07414138
2026-09-06T18:43:19+00:00,Dogecoin,DOGE,0.089562,13951504906,11,1088586128,0.091934,0.088179,-0.00250342844205817,-2.71919,155804136383.7052
2026-09-06T18:43:19+00:00,Rain,RAIN,0.01683961,11942027631,12,42627950,0.01727553,0.01679478,-0.000256909225048212,-1.5027,709207408090.4302
2026-09-06T18:43:19+00:00,Monero,XMR,531.57,9991753862,13,114866215,558.79,524.2,-8.95271769921851,-1.65632,18801170.19601956
2026-09-06T18:43:19+00:00,USDS,USDS,1.0,9825998242,14,71486217,1.0,0.999445,0.00032225,0.03223,9825464165.442867
2026-09-06T18:43:19+00:00,Chainlink,LINK,12.4,9274466800,15,442592849,12.44,11.96,0.369168,3.06807,748099970.424884
2026-09-06T18:43:19+00:00,WhiteBIT Coin,WBT,73.64,8683276851,16,51247869,73.97,73.11,0.100173,0.13621,117956019.0
2026-09-06T18:43:19+00:00,LEO Token,LEO,9.33,8582281821,17,110540,9.35,9.22,0.100554,1.08949,919857851.9
2026-09-06T18:43:19+00:00,Cardano,ADA,0.219551,8233519307,18,396513850,0.223606,0.216306,-0.001245716352490406,-0.56419,37504333228.36598
2026-09-06T18:43:19+00:00,Stellar,XLM,0.184307,6413688158,19,112878148,0.187637,0.182861,-0.000678498336728534,-0.36678,34802057270.756256
2026-09-06T18:43:19+00:00,Bitcoin Cash,BCH,257.03,5161712096,20,156755193,264.82,254.31,-0.4893427387154361,-0.19002,20085503.02165078
2026-09-06T18:43:19+00:00,Dai,DAI,0.999948,4616110409,21,229883832,1.0,0.999675,-6.0653343512129e-05,-0.00607,4615889588.663856
2026-09-06T18:43:19+00:00,Uniswap,UNI,7.2,4486275106,22,1089031829,7.48,6.87,0.177303,2.52444,623212423.7271129
2026-09-06T18:43:19+00:00,Ethena USDe,USDE,0.999914,4371179649,23,25914683,1.0,0.99974,-2.5866284439569e-05,-0.00259,4371535765.080948
2026-09-06T18:43:19+00:00,Canton,CC,0.10953,4331690940,24,8985944,0.111318,0.108669,-0.000593349639744098,-0.5388,39540251443.83999
2026-09-06T18:43:19+00:00,USD1,USD1,0.999787,4247071415,25,845365725,0.999779,0.999517,0.00014179,0.01418,4248045903.844593
2026-09-06T18:43:19+00:00,Litecoin,LTC,54.45,4222877103,26,313556926,55.3,53.57,-0.5007795954838627,-0.91136,77578491.81709641
2026-09-06T18:43:19+00:00,Gram (prev. Toncoin),GRAM,1.42,3961480458,27,30139689,1.45,1.41,-0.005932401425736922,-0.41504,2782192903.7385244
2026-09-06T18:43:19+00:00,Hedera,HBAR,0.080558,3530806075,28,53313790,0.082287,0.080092,-0.000370307156919228,-0.45757,43831559704.595116
2026-09-06T18:43:19+00:00,Avalanche,AVAX,7.64,3299002195,29,194071934,7.74,7.57,0.02973171,0.3906,431771961.1772119
2026-09-06T18:43:19+00:00,Sui,SUI,0.798404,3270659634,30,537955362,0.812155,0.78605,-0.007804631196875134,-0.96807,4096537146.5409594
2026-09-06T18:43:19+00:00,Global Dollar,USDG,0.999883,3260788357,31,1391361988,1.0,0.999841,-0.000209449064602962,-0.02094,3261174582.731583
2026-09-06T18:43:19+00:00,Shiba Inu,SHIB,5.43e-06,3202188636,32,59540285,5.54e-06,5.38e-06,-7.9417849737e-08,-1.44037,589239307782558.2
2026-09-06T18:43:19+00:00,NEAR Protocol,NEAR,2.4,3139722124,33,586087142,2.48,2.16,0.181094,8.14533,1305614584.0
2026-09-06T18:43:19+00:00,PayPal USD,PYUSD,0.999983,2935759903,34,59410814,1.0,0.999748,2.838e-05,0.00284,2935798963.4057627
2026-09-06T18:43:19+00:00,BlackRock USD Institutional Digital Liquidity Fund,BUIDL,1.0,2832282866,35,0.0,1.0,1.0,0.0,0.0,2832282865.800449
2026-09-06T18:43:19+00:00,Cronos,CRO,0.057577,2794738251,36,4831925,0.057654,0.056262,0.00102041,1.80423,48538152925.16772
2026-09-06T18:43:19+00:00,Tether Gold,XAUT,4417.46,2707016154,37,83561025,4428.02,4413.44,-9.599080312124897,-0.21683,612823.6595320001
2026-09-06T18:43:19+00:00,Circle USYC,USYC,1.14,2624340328,38,0.0,1.14,1.14,0.0,0.0,2308988052.650666
2026-09-06T18:43:19+00:00,MemeCore,M,1.12,2545163033,39,1660365,1.15,1.12,0.00128947,0.11514,2269806385.36796
2026-09-06T18:43:19+00:00,Bittensor,TAO,258.46,2478895331,40,262121274,257.93,232.43,24.59,10.51223,9597491.0
2026-09-06T18:43:19+00:00,Ripple USD,RLUSD,0.999983,2407126986,41,55418845,1.0,0.99982,1.181e-05,0.00118,2407151384.647229
2026-09-06T18:43:19+00:00,OKB,OKB,113.44,2382153120,42,27720198,115.96,112.24,-0.438715071128982,-0.38524,21000000.0
2026-09-06T18:43:19+00:00,Ondo US Dollar Yield,USDY,1.14,2201395269,43,1776487,1.15,1.14,-0.003053830930716206,-0.267,1922537236.5460541
2026-09-06T18:43:19+00:00,Aster,ASTER,0.768306,2074608151,44,234938595,0.809241,0.752274,-0.024223987979659634,-3.05654,2700010975.2797318
2026-09-06T18:43:19+00:00,Aave,AAVE,133.71,2062352849,45,256340970,139.93,132.89,-1.0779638430625198,-0.79973,15427278.411493456
2026-09-06T18:43:19+00:00,Mantle,MNT,0.603168,1991769777,46,21822577,0.610864,0.580959,0.02054124,3.52563,3302294382.53684
2026-09-06T18:43:19+00:00,PAX Gold,PAXG,4421.4,1912368426,47,48790530,4434.82,4418.8,-13.223968750528911,-0.2982,432503.322051
2026-09-06T18:43:19+00:00,Ondo,ONDO,0.3783,1842140047,48,96084564,0.381736,0.368551,0.0089101,2.41211,4869330647.0
2026-09-06T18:43:19+00:00,World Liberty Financial,WLFI,0.056483,1795976508,49,24573146,0.057586,0.056269,-0.000887330496515883,-1.54668,31777074630.0
2026-09-06T18:43:19+00:00,Morpho,MORPHO,2.6,1788189701,50,45378064,2.62,2.48,0.10673,4.28645,688673592.7000904
2026-09-06T18:43:19+00:00,Ethena,ENA,0.174567,1762617237,51,831261507,0.188609,0.163688,0.00916681,5.5422,10095312500.0
2026-09-06T18:43:19+00:00,Sky,SKY,0.070464,1649552272,52,8731300,0.072065,0.068303,0.00210305,3.07637,23423057846.274296
2026-09-06T18:43:19+00:00,Polkadot,DOT,0.96534,1642305728,53,162393995,0.990854,0.907724,0.054725,6.00968,1701535382.3457
2026-09-06T18:43:19+00:00,Pump.fun,PUMP,0.00387216,1530811207,54,243595043,0.00410983,0.00376438,-0.000112129594950005,-2.81429,395278082864.77435
2026-09-06T18:43:19+00:00,Pepe,PEPE,3.61e-06,1516999438,55,196841107,3.69e-06,3.55e-06,-2.2112212443e-08,-0.60955,420690000000000.0
2026-09-06T18:43:19+00:00,HTX DAO,HTX,1.68e-06,1511501148,56,30432913,1.69e-06,1.68e-06,1.691e-09,0.10061,898232728634017.2
2026-09-06T18:43:19+00:00,Worldcoin,WLD,0.413404,1503123802,57,173090504,0.424238,0.394972,0.01764953,4.45971,3636190847.069174
2026-09-06T18:43:19+00:00,Internet Computer,ICP,2.68,1490970234,58,71854657,2.8,2.63,0.056862,2.1675,556240703.9125739
2026-09-06T18:43:19+00:00,USDD,USDD,0.998064,1467604610,59,2090915,0.999399,0.997428,0.00051394,0.05152,1470171241.0
2026-09-06T18:43:19+00:00,Bitget Token,BGB,2.02,1411713834,60,9547565,2.05,1.99,-0.022321084400950042,-1.09448,699992029.6481038
2026-09-06T18:43:19+00:00,USDGO,USDGO,0.999923,1355352683,61,25359673,1.0,0.999832,-1.1383248716412e-05,-0.00114,1355454412.77
2026-09-06T18:43:19+00:00,Falcon USD,USDF,0.996588,1339500739,62,171099,1.008,0.995354,-0.000111600607291984,-0.0112,1344083107.942925
2026-09-06T18:43:19+00:00,BFUSD,BFUSD,0.999354,1319151242,63,3799952,1.0,0.999173,-0.000761227065662284,-0.07611,1320000000.0
2026-09-06T18:43:19+00:00,United Stables,U,0.99921,1276489765,64,115572173,0.999542,0.999016,-6.8865060950163e-05,-0.00689,1277499107.8
2026-09-06T18:43:19+00:00,Bitway,BTW,0.462505,1253116244,65,9303063,0.465303,0.434996,0.00804531,1.7703,2708142280.000001
2026-09-06T18:43:19+00:00,Arbitrum,ARB,0.185545,1237150764,66,1008817260,0.203584,0.14216,0.04347208,30.59835,6678075931.0
2026-09-06T18:43:19+00:00,Spiko Amundi Overnight Swap Fund (EUR),EURSAFO,1.18,1229005528,67,0.0,1.18,1.18,0.0,0.0,1045687476.43203
2026-09-06T18:43:19+00:00,Ethereum Classic,ETC,7.74,1222925783,68,48716609,7.86,7.64,-0.009614193657808023,-0.12413,158083078.5867712
2026-09-06T18:43:19+00:00,Lighter,LIT,4.68,1163818220,69,73091804,4.86,4.45,-0.07010346765641096,-1.47703,250000000.0
2026-09-06T18:43:19+00:00,Pi Network,PI,0.094351,1050980471,70,3658145,0.095897,0.094158,-0.000974686777691483,-1.02248,11141680597.248924
2026-09-06T18:43:19+00:00,POL (ex-MATIC),POL,0.097224,1040783997,71,73160956,0.100267,0.094983,0.00224185,2.36028,10709454818.56161
2026-09-06T18:43:19+00:00,Gate,GT,9.15,976242918,72,2945725,9.51,9.0,-0.2155698109177724,-2.30135,106618877.24295032
2026-09-06T18:43:19+00:00,KuCoin,KCS,7.1,973507316,73,2934889,7.3,7.08,-0.10817960290408912,-1.50087,137155021.2773955
2026-09-06T18:43:19+00:00,Blockchain Capital,BCAP,106.22,967888430,74,0.0,106.22,106.22,0.0,0.0,9112111.0
2026-09-06T18:43:19+00:00,Quant,QNT,65.87,957312533,75,15527471,67.11,64.57,0.647849,0.99326,14544176.164081175
2026-09-06T18:43:19+00:00,JUST,JST,0.11245,920936092,76,18980267,0.113102,0.109554,0.00291327,2.65961,8188743036.341737
2026-09-06T18:43:19+00:00,Dash,DASH,71.14,911122637,77,422866431,78.31,65.21,3.75,5.56698,12828573.50783549
2026-09-06T18:43:19+00:00,Jupiter,JUP,0.268079,890726013,78,182606710,0.282272,0.218514,0.04663439,21.0592,3320312968.08
2026-09-06T18:43:19+00:00,Spiko EU T-Bills Money Market Fund,EUTBL,1.23,882559347,79,0.0,1.23,1.23,0.0,0.0,718027528.4955
2026-09-06T18:43:19+00:00,Algorand,ALGO,0.09479,856670681,80,31567222,0.096094,0.093765,3.321e-05,0.03505,9038985932.3071
2026-09-06T18:43:19+00:00,Kaspa,KAS,0.03053776,845219532,81,8767620,0.03089979,0.03009138,0.0001017,0.33414,27683423155.231007
2026-09-06T18:43:19+00:00,Cosmos Hub,ATOM,1.59,841112596,82,29422765,1.61,1.54,0.04319785,2.7941,529220779.342124
2026-09-06T18:43:19+00:00,NEXO,NEXO,0.828825,829469695,83,3196438,0.843756,0.827127,-0.012437597059342997,-1.47844,1000000000.0
2026-09-06T18:43:19+00:00,Venice Token,VVV,17.08,815983458,84,8607201,17.36,16.97,-0.19085805964134295,-1.10481,47772248.57833609
2026-09-06T18:43:19+00:00,Janus Henderson Anemoy Treasury Fund,JTRSY,1.12,799656135,85,0.0,1.12,1.12,0.0,0.0,717141156.78007
2026-09-06T18:43:19+00:00,Render,RENDER,1.52,790081179,86,53267227,1.54,1.46,0.054621,3.72039,518772101.28269154
2026-09-06T18:43:19+00:00,Invesco Short Duration US Government Securities Fund,USTB,11.2,775166433,87,0.0,11.2,11.2,0.0,0.0,69208217.574843
2026-09-06T18:43:19+00:00,​​Stable,STABLE,0.02815403,734513990,88,7660581,0.02892494,0.0277946,-0.000767031721548281,-2.65216,26081997256.0
2026-09-06T18:43:19+00:00,Janus Henderson Anemoy AAA CLO Fund,JAAA,1.048,710966727,89,0.0,1.048,1.048,0.0,0.0,678300455.183658
2026-09-06T18:43:19+00:00,PancakeSwap,CAKE,2.19,702542940,90,99247524,2.28,2.16,-0.07681626246526685,-3.38848,320777536.477181
2026-09-06T18:43:19+00:00,GHO,GHO,0.999192,698437501,91,3846481,0.999305,0.998902,3.684e-05,0.00369,699000000.0
2026-09-06T18:43:19+00:00,Filecoin,FIL,0.793996,656518144,92,89130711,0.838778,0.781755,0.01200648,1.53538,826922612.0
2026-09-06T18:43:19+00:00,Beldex,BDX,0.078641,618798607,93,10614016,0.079259,0.07811,-0.000129753627261905,-0.16472,7870530177.094828
2026-09-06T18:43:19+00:00,Official Trump,TRUMP,2.32,606970405,94,172011091,2.41,2.3,-0.06470362497334792,-2.71606,261880985.28763402
2026-09-06T18:43:19+00:00,VeChain,VET,0.00703629,605013749,95,6701031,0.007088,0.00690482,0.0001087,1.56902,85985041177.0
2026-09-06T18:43:19+00:00,Curve DAO,CRV,0.376436,585320886,96,78595869,0.390599,0.362401,0.00566448,1.52775,1554605781.0
2026-09-06T18:43:19+00:00,Flare,FLR,0.00667224,579253119,97,2889575,0.00680387,0.00659121,-2.397211032751e-06,-0.03592,86818814611.36505
2026-09-06T18:43:19+00:00,Pons,PONS,0.790809,559339181,98,203794845,0.958428,0.794022,-0.1310009659314595,-14.21128,712104762.0614183
2026-09-06T18:43:19+00:00,XDC Network,XDC,0.02796547,557699700,99,4627615,0.02831162,0.0278306,7.587e-05,0.27205,19946688440.0
2026-09-06T19:01:03+00:00,Bitcoin,BTC,79913,1604663267830,1,18813037189,80103,79426,-86.65556693071267,-0.10832,20080328.0
2026-09-06T19:01:03+00:00,Ethereum,ETH,2493.61,304285289105,2,9079046917,2521.39,2473.01,13.28,0.53551,122023857.56610575
2026-09-06T19:01:03+00:00,Tether,USDT,0.99995,183384308663,3,42743453055,1.0,0.999862,-0.000117725811801028,-0.01177,183392383062.09265
2026-09-06T19:01:03+00:00,BNB,BNB,749.08,99738658530,4,1273253370,779.39,740.53,-28.45690200714637,-3.65988,133161835.71
2026-09-06T19:01:03+00:00,XRP,XRP,1.41,88610891869,5,1488029340,1.43,1.4,-0.006295896602865003,-0.44384,62744504852.0
2026-09-06T19:01:03+00:00,USDC,USDC,0.999945,74561920244,6,10278155077,1.0,0.999854,-6.5766961067304e-05,-0.00658,74565462041.56413
2026-09-06T19:01:03+00:00,Solana,SOL,105.89,61998688739,7,3703613003,107.22,103.09,1.97,1.89646,585444932.0300869
2026-09-06T19:01:03+00:00,TRON,TRX,0.335391,31839457735,8,233762202,0.335539,0.332923,0.00113641,0.33998,94935900212.59479
2026-09-06T19:01:03+00:00,Figure Heloc,FIGR_HELOC,1.055,23516084575,9,343538,1.055,1.004,0.050287,5.00525,22290650137.398
2026-09-06T19:01:03+00:00,Zcash,ZEC,1222.25,20674819926,9,1720123922,1229.19,1004.71,197.12,19.22884,16916382.9780448
2026-09-06T19:01:03+00:00,Hyperliquid,HYPE,87.54,19478702274,10,1337522667,89.6,84.94,1.75,2.04348,222445714.07414138
2026-09-06T19:01:03+00:00,Dogecoin,DOGE,0.089397,13928469212,11,1066356919,0.091934,0.088179,-0.002566597984844876,-2.79087,155804136383.7052
2026-09-06T19:01:03+00:00,Rain,RAIN,0.01680887,11919579767,12,40410965,0.01727553,0.01679478,-0.00028182104995186,-1.64897,709207408090.4302
2026-09-06T19:01:03+00:00,Monero,XMR,530.41,9973003784,13,114494901,558.79,524.2,-10.501979087012955,-1.94152,18801170.19601956
2026-09-06T19:01:03+00:00,USDS,USDS,1.0,9825678557,14,73175480,1.0,0.999445,0.00017867,0.01787,9825464165.442867
2026-09-06T19:01:03+00:00,Chainlink,LINK,12.39,9265213435,15,443881929,12.44,11.96,0.344492,2.86107,748099970.424884
2026-09-06T19:01:03+00:00,WhiteBIT Coin,WBT,73.6,8680320420,16,51172543,73.97,73.11,0.02558956,0.03478,117956019.0
2026-09-06T19:01:03+00:00,LEO Token,LEO,9.33,8582391809,17,110581,9.35,9.22,0.103016,1.11645,919857851.9
2026-09-06T19:01:03+00:00,Cardano,ADA,0.21989,8244230732,18,410209600,0.223606,0.216306,-0.00026683883106346,-0.1212,37504333228.36598
2026-09-06T19:01:03+00:00,Stellar,XLM,0.183715,6391549592,19,112643081,0.187637,0.182861,-0.0009971934026545,-0.53986,34802057221.71029
2026-09-06T19:01:03+00:00,Bitcoin Cash,BCH,256.13,5146140309,20,156197584,264.82,254.31,-1.4931126961558334,-0.57956,20085503.02165078
2026-09-06T19:01:03+00:00,Dai,DAI,1.0,4615497631,21,223063948,1.0,0.999675,0.00016659,0.01666,4615889588.663856
2026-09-06T19:01:03+00:00,Uniswap,UNI,7.18,4471951750,22,1098648335,7.48,6.87,0.146797,2.08771,623212423.7271129
2026-09-06T19:01:03+00:00,Ethena USDe,USDE,0.999811,4370744908,23,28798858,1.0,0.99974,-0.000152261220485395,-0.01523,4371535765.080948
2026-09-06T19:01:03+00:00,Canton,CC,0.109821,4343875424,24,8759804,0.111318,0.108669,-0.000180451955747993,-0.16405,39540251443.83999
2026-09-06T19:01:03+00:00,USD1,USD1,0.99975,4246957302,25,836453549,0.999779,0.999517,0.00012447,0.01245,4248045903.844593
2026-09-06T19:01:03+00:00,Litecoin,LTC,54.23,4207854008,26,310599053,55.3,53.57,-0.28843384301137576,-0.52903,77578491.81709641
2026-09-06T19:01:03+00:00,Gram (prev. Toncoin),GRAM,1.42,3954494581,27,30193956,1.45,1.41,-0.007402925964939966,-0.51811,2782195107.8359146
2026-09-06T19:01:03+00:00,Hedera,HBAR,0.080405,3523842836,28,53230876,0.082287,0.080092,-0.000320929961324462,-0.39756,43831559704.595116
2026-09-06T19:01:03+00:00,Avalanche,AVAX,7.63,3293665080,29,204795441,7.74,7.57,0.01880309,0.24714,431771961.1772119
2026-09-06T19:01:03+00:00,Global Dollar,USDG,0.999915,3260891189,30,1397553072,1.0,0.999841,-0.000168729499902098,-0.01687,3261174582.731583
2026-09-06T19:01:03+00:00,Sui,SUI,0.793922,3252504815,31,530841043,0.812155,0.78605,-0.00993459414454223,-1.23587,4096537146.5409594
2026-09-06T19:01:03+00:00,Shiba Inu,SHIB,5.42e-06,3196140885,32,59208047,5.54e-06,5.38e-06,-8.0020059758e-08,-1.45372,589239307782558.2
2026-09-06T19:01:03+00:00,NEAR Protocol,NEAR,2.41,3151280726,33,589091000,2.48,2.16,0.185764,8.34048,1305614580.0
2026-09-06T19:01:03+00:00,PayPal USD,PYUSD,0.999969,2935727752,34,60278987,1.0,0.999748,-6.5843620935868e-05,-0.00658,2935798963.4057627
2026-09-06T19:01:03+00:00,BlackRock USD Institutional Digital Liquidity Fund,BUIDL,1.0,2832282866,35,0.0,1.0,1.0,0.0,0.0,2832282865.800449
2026-09-06T19:01:03+00:00,Cronos,CRO,0.057505,2790498605,36,4911907,0.057654,0.056262,0.00090848,1.60519,48538164890.096466
2026-09-06T19:01:03+00:00,Tether Gold,XAUT,4416.89,2706731794,37,83659478,4428.02,4413.44,-10.257594646589496,-0.2317,612823.6595320001
2026-09-06T19:01:03+00:00,Circle USYC,USYC,1.14,2624340328,38,0.0,1.14,1.14,0.0,0.0,2308988052.650666
2026-09-06T19:01:03+00:00,MemeCore,M,1.12,2550431853,39,1703981,1.15,1.12,0.00312881,0.27922,2269806385.36796
2026-09-06T19:01:03+00:00,Bittensor,TAO,256.68,2464526599,40,264290454,257.93,232.43,22.95,9.81965,9597491.0
2026-09-06T19:01:03+00:00,Ripple USD,RLUSD,1.0,2407192875,41,55576090,1.0,0.99982,5.162e-05,0.00516,2407151384.647231
2026-09-06T19:01:03+00:00,OKB,OKB,113.51,2384297449,42,27793573,115.96,112.24,-0.22311409700547813,-0.19618,21000000.0
2026-09-06T19:01:03+00:00,Ondo US Dollar Yield,USDY,1.15,2201324770,43,545669,1.15,1.14,0.00098281,0.08591,1922537236.5460541
2026-09-06T19:01:03+00:00,Aster,ASTER,0.76928,2076823223,44,231552745,0.809241,0.752274,-0.024093738488721983,-3.03687,2700010975.2797318
2026-09-06T19:01:03+00:00,Aave,AAVE,133.28,2056398653,45,253912184,139.93,132.89,-1.3111963487171465,-0.97421,15427278.411493456
2026-09-06T19:01:03+00:00,Mantle,MNT,0.600754,1984608734,46,21845593,0.610864,0.580959,0.01931115,3.32125,3302294382.53684
2026-09-06T19:01:03+00:00,PAX Gold,PAXG,4420.85,1912107793,47,49302305,4434.82,4418.8,-13.824449005604038,-0.31174,432503.322051
2026-09-06T19:01:03+00:00,Ondo,ONDO,0.377715,1838695457,48,95768821,0.381736,0.368551,0.00853428,2.31168,4869330647.0
2026-09-06T19:01:03+00:00,World Liberty Financial,WLFI,0.056244,1787207375,49,24614992,0.057586,0.056269,-0.001180501499130737,-2.05575,31777074630.0
2026-09-06T19:01:03+00:00,Morpho,MORPHO,2.58,1780778630,50,45484895,2.62,2.48,0.083526,3.34084,688673650.5832672
2026-09-06T19:01:03+00:00,Ethena,ENA,0.175306,1768665614,51,818088756,0.188609,0.163688,0.01078489,6.55532,10095312500.0
2026-09-06T19:01:03+00:00,Sky,SKY,0.070406,1648715886,52,8913746,0.072065,0.068303,0.00198812,2.90587,23423057846.274296
2026-09-06T19:01:03+00:00,Polkadot,DOT,0.960314,1633846854,53,159956399,0.990854,0.907724,0.051646,5.68367,1701535382.3457
2026-09-06T19:01:03+00:00,Pump.fun,PUMP,0.00386022,1525907424,54,240078333,0.00410983,0.00376438,-9.7403561567733e-05,-2.46116,395278082864.77435
2026-09-06T19:01:03+00:00,Pepe,PEPE,3.6e-06,1512035529,55,193682061,3.69e-06,3.55e-06,-2.8024547518e-08,-0.77351,420690000000000.0
2026-09-06T19:01:03+00:00,HTX DAO,HTX,1.68e-06,1511441721,56,30415827,1.69e-06,1.68e-06,-1.462196302e-09,-0.08687,898232728634017.2
2026-09-06T19:01:03+00:00,Worldcoin,WLD,0.413108,1502317614,57,172779741,0.424238,0.394972,0.01724834,4.35719,3636190847.069174
2026-09-06T19:01:03+00:00,Internet Computer,ICP,2.67,1486499620,58,71752500,2.8,2.63,0.04419902,1.68187,556240703.9125739
2026-09-06T19:01:03+00:00,USDD,USDD,0.997854,1466997835,59,2124478,0.999399,0.997428,0.00031443,0.03152,1470136328.0
2026-09-06T19:01:03+00:00,Bitget Token,BGB,2.02,1411558112,60,9467103,2.05,1.99,-0.021211969477316295,-1.04096,699992029.6481038
2026-09-06T19:01:03+00:00,USDGO,USDGO,0.999903,1355321662,61,24836262,1.0,0.999832,-7.9774939140576e-05,-0.00798,1355454412.77
2026-09-06T19:01:03+00:00,Falcon USD,USDF,0.995977,1338684471,62,273371,1.008,0.995354,-0.000741913877876033,-0.07444,1344083107.942925
2026-09-06T19:01:03+00:00,BFUSD,BFUSD,0.999318,1319107984,63,3781773,1.0,0.999173,-0.000722633963235908,-0.07226,1320000000.0
2026-09-06T19:01:03+00:00,United Stables,U,0.999311,1276440234,64,113029915,0.999542,0.999016,9.203e-05,0.00921,1277499107.8
2026-09-06T19:01:03+00:00,Arbitrum,ARB,0.185613,1239954547,65,968349040,0.203584,0.14216,0.0427555,29.92875,6678075931.0
2026-09-06T19:01:03+00:00,Spiko Amundi Overnight Swap Fund (EUR),EURSAFO,1.18,1229005528,66,0.0,1.18,1.18,0.0,0.0,1045687476.43203
2026-09-06T19:01:03+00:00,Ethereum Classic,ETC,7.71,1217948378,67,48798136,7.86,7.64,-0.0434634916242187,-0.5608,158083078.5867712
2026-09-06T19:01:03+00:00,Bitway,BTW,0.442043,1198028058,68,9087780,0.465303,0.434996,-0.014639921372018583,-3.20571,2708142280.000001
2026-09-06T19:01:03+00:00,Lighter,LIT,4.69,1172336986,69,73104703,4.86,4.45,-0.07170635929982527,-1.50649,250000000.0
2026-09-06T19:01:03+00:00,Pi Network,PI,0.094296,1050691905,70,3684836,0.095897,0.094158,-0.000999741480543076,-1.04909,11141680597.248924
2026-09-06T19:01:03+00:00,POL (ex-MATIC),POL,0.097281,1041997148,71,73478260,0.100267,0.094983,0.00227017,2.38937,10709454818.56161
2026-09-06T19:01:03+00:00,Gate,GT,9.12,974733109,73,1728559,9.51,9.0,-0.24016717403295829,-2.56715,106618877.24295032
2026-09-06T19:01:03+00:00,KuCoin,KCS,7.1,974344098,72,2902992,7.3,7.08,-0.11151333515923856,-1.54576,137155021.2773955
2026-09-06T19:01:03+00:00,Blockchain Capital,BCAP,106.22,967888430,74,0.0,106.22,106.22,-1.4211e-14,0.0,9112111.0
2026-09-06T19:01:03+00:00,Quant,QNT,65.98,959724991,75,15654249,67.11,64.57,1.27,1.96652,14544176.164081175
2026-09-06T19:01:03+00:00,JUST,JST,0.112291,919543605,76,16876031,0.113102,0.109554,0.00258883,2.35986,8188743036.341737
2026-09-06T19:01:03+00:00,Dash,DASH,70.73,906788017,77,422580984,78.31,65.21,2.86,4.21399,12828573.50783549
2026-09-06T19:01:03+00:00,Jupiter,JUP,0.267955,889422770,78,181799546,0.282272,0.218514,0.04781017,21.71761,3320312968.08
2026-09-06T19:01:03+00:00,Spiko EU T-Bills Money Market Fund,EUTBL,1.23,882559347,79,0.0,1.23,1.23,0.0,0.0,718027528.4955
2026-09-06T19:01:03+00:00,Algorand,ALGO,0.09469,855488351,80,31464454,0.096094,0.093765,8.369e-05,0.08846,9038985932.3071
2026-09-06T19:01:03+00:00,Kaspa,KAS,0.03052878,844995536,81,8836803,0.03089979,0.03009138,0.00019878,0.65538,27683423155.231007
2026-09-06T19:01:03+00:00,Cosmos Hub,ATOM,1.58,835904854,82,29415275,1.61,1.54,0.03478516,2.25196,529220779.342124
2026-09-06T19:01:03+00:00,NEXO,NEXO,0.830499,830735688,83,3219888,0.843756,0.827127,-0.012764221405041631,-1.51367,1000000000.0
2026-09-06T19:01:03+00:00,Venice Token,VVV,17.05,814649578,84,8730125,17.36,16.97,-0.21874041843893366,-1.26651,47772248.57833609
2026-09-06T19:01:03+00:00,Janus Henderson Anemoy Treasury Fund,JTRSY,1.12,799656135,85,0.0,1.12,1.12,0.0,0.0,717141156.78007
2026-09-06T19:01:03+00:00,Render,RENDER,1.51,785458057,86,53817563,1.54,1.46,0.04692089,3.19763,518772101.28269154
2026-09-06T19:01:03+00:00,Invesco Short Duration US Government Securities Fund,USTB,11.2,775166433,87,0.0,11.2,11.2,0.0,0.0,69208217.574843
2026-09-06T19:01:03+00:00,​​Stable,STABLE,0.02809659,732817994,88,7659143,0.02892494,0.0277946,-0.000823444854989287,-2.84732,26081703360.0
2026-09-06T19:01:03+00:00,Janus Henderson Anemoy AAA CLO Fund,JAAA,1.048,710966727,89,0.0,1.048,1.048,0.0,0.0,678300455.183658
2026-09-06T19:01:03+00:00,PancakeSwap,CAKE,2.19,702719037,90,98694504,2.28,2.16,-0.08411840929390157,-3.69791,320777536.477181
2026-09-06T19:01:03+00:00,GHO,GHO,0.998961,698278208,91,3824237,0.999305,0.998902,-0.000210270402251855,-0.02104,699000000.0
2026-09-06T19:01:03+00:00,Filecoin,FIL,0.793293,656026906,92,86309633,0.838778,0.781755,0.01107746,1.41617,826922800.0
2026-09-06T19:01:03+00:00,Beldex,BDX,0.078612,618645314,93,10617693,0.079259,0.07811,-3.2288166215685e-05,-0.04106,7870530276.518684
2026-09-06T19:01:03+00:00,VeChain,VET,0.00703292,604716576,94,6678358,0.007088,0.00690482,8.305e-05,1.195,85985041177.0
2026-09-06T19:01:03+00:00,Official Trump,TRUMP,2.3,603365636,95,171341964,2.41,2.3,-0.07867196993105363,-3.30221,261880985.28763402
2026-09-06T19:01:03+00:00,Curve DAO,CRV,0.37511,583129494,96,78132204,0.390599,0.362401,0.00659798,1.79044,1554605781.0
2026-09-06T19:01:03+00:00,Flare,FLR,0.00667877,579943893,97,2836353,0.00680387,0.00659121,2.55e-06,0.03821,86818814611.36505
2026-09-06T19:01:03+00:00,Pons,PONS,0.798063,567779289,98,206462826,0.958428,0.794022,-0.11918669944480209,-12.99392,712104762.0614183
2026-09-06T19:01:03+00:00,XDC Network,XDC,0.02795081,557528669,99,4599133,0.02831162,0.0278306,4.853e-05,0.17394,19946688440.0
2026-09-06T20:01:07+00:00,Bitcoin,BTC,79794,1602471653439,1,18675627159,80103,79426,36.16,0.04534,20080328.0
2026-09-06T20:01:07+00:00,Ethereum,ETH,2489.56,303801761143,2,9062596523,2521.39,2473.01,11.8,0.4763,122023857.56610575
2026-09-06T20:01:07+00:00,Tether,USDT,0.999941,183383900395,3,42615495617,1.0,0.999862,-0.00010453137393307,-0.01045,183392383062.09265
2026-09-06T20:01:07+00:00,BNB,BNB,748.94,99741561056,4,1243537299,773.76,740.53,-24.500294827958555,-3.16768,133161835.71
2026-09-06T20:01:07+00:00,XRP,XRP,1.41,88442436697,5,1447637519,1.43,1.4,-0.006848320709787137,-0.48351,62744504852.0
2026-09-06T20:01:07+00:00,USDC,USDC,0.999927,74563939500,6,10263333672,1.0,0.999854,-6.4127109989265e-05,-0.00641,74568446661.96153
2026-09-06T20:01:07+00:00,Solana,SOL,105.46,61732830271,7,3687325814,107.22,103.09,2.02,1.95393,585444918.2820919
2026-09-06T20:01:07+00:00,TRON,TRX,0.334883,31796660206,8,230780328,0.335539,0.332923,0.00082974,0.24838,94935900212.59479
2026-09-06T20:01:07+00:00,Figure Heloc,FIGR_HELOC,1.055,23516084575,9,343538,1.055,1.004,0.050265,5.00291,22290650137.398
2026-09-06T20:01:07+00:00,Zcash,ZEC,1214.33,20551670604,9,1721043914,1234.25,1004.71,199.06,19.60704,16916382.9780448
2026-09-06T20:01:07+00:00,Hyperliquid,HYPE,87.3,19421875182,10,1362189718,89.6,84.94,1.91,2.24251,222445714.07414138
2026-09-06T20:01:07+00:00,Dogecoin,DOGE,0.089531,13949209929,11,1000019037,0.091934,0.088179,-0.001272368010798275,-1.40124,155806936383.7052
2026-09-06T20:01:07+00:00,Rain,RAIN,0.0167147,11854310321,12,27662932,0.01727553,0.01679478,-0.00030957576106503,-1.81844,709207407915.2512
2026-09-06T20:01:07+00:00,Monero,XMR,524.17,9854629294,13,116260714,558.79,524.2,-16.30711617011775,-3.01719,18801203.79545965
2026-09-06T20:01:07+00:00,USDS,USDS,0.999905,9824650936,14,69556137,1.0,0.999445,0.00018919,0.01892,9825464165.442867
2026-09-06T20:01:07+00:00,Chainlink,LINK,12.38,9262521103,15,438097736,12.44,11.96,0.366501,3.05102,748099970.424884
2026-09-06T20:01:07+00:00,WhiteBIT Coin,WBT,73.51,8672652438,16,50753253,73.97,73.11,0.110104,0.15,117956019.0
2026-09-06T20:01:07+00:00,LEO Token,LEO,9.33,8584823247,17,110600,9.35,9.22,0.093767,1.01489,919857851.9
2026-09-06T20:01:07+00:00,Cardano,ADA,0.218904,8209033218,18,392102215,0.223606,0.216306,-0.00065790330942897,-0.29964,37504333228.36598
2026-09-06T20:01:07+00:00,Stellar,XLM,0.183395,6382077756,19,113018476,0.187637,0.182861,-0.000940835264200884,-0.51039,34802057118.287445
2026-09-06T20:01:07+00:00,Bitcoin Cash,BCH,256.28,5147854072,20,152266796,264.82,254.31,0.070178,0.02739,20085512.39665078
2026-09-06T20:01:07+00:00,Dai,DAI,0.999896,4621564181,21,225976384,1.0,0.999675,-1.7905825811182e-05,-0.00179,4622434334.886113
2026-09-06T20:01:07+00:00,Uniswap,UNI,7.13,4444068133,22,1007619128,7.48,6.87,-0.0651543837768358,-0.90534,623212423.7271129
2026-09-06T20:01:07+00:00,Ethena USDe,USDE,0.999815,4369843334,23,31930080,1.0,0.99974,-0.000132083074660172,-0.01321,4370531111.609947
2026-09-06T20:01:07+00:00,Canton,CC,0.109468,4328675441,24,8135358,0.111318,0.108669,0.0004887,0.44843,39540251443.83999
2026-09-06T20:01:07+00:00,USD1,USD1,0.999656,4246584674,25,828734997,0.999826,0.999517,5.149e-05,0.00515,4248045903.84449
2026-09-06T20:01:07+00:00,Litecoin,LTC,54.06,4193471164,26,302845944,55.3,53.57,-0.18269168372982847,-0.33683,77578491.81709641
2026-09-06T20:01:07+00:00,Gram (prev. Toncoin),GRAM,1.42,3956378862,27,29480214,1.45,1.41,-0.002923936219557444,-0.20515,2782205299.93543
2026-09-06T20:01:07+00:00,Hedera,HBAR,0.0805,3528478342,28,52355066,0.082287,0.080092,-0.000239556324086634,-0.2967,43831559704.63867
2026-09-06T20:01:07+00:00,Avalanche,AVAX,7.66,3305991872,29,197949917,7.74,7.57,0.058374,0.76837,431771961.1772119
2026-09-06T20:01:07+00:00,Global Dollar,USDG,0.999972,3261097357,30,1567047243,1.0,0.99983,-0.00011999144485686,-0.012,3261119290.130102
2026-09-06T20:01:07+00:00,Sui,SUI,0.795456,3258966183,31,510929217,0.81188,0.78605,-0.00754086546896704,-0.93909,4096537146.5409594
2026-09-06T20:01:07+00:00,Shiba Inu,SHIB,5.42e-06,3196841829,32,57518406,5.54e-06,5.38e-06,-5.4552264636e-08,-0.99623,589239307782558.2
2026-09-06T20:01:07+00:00,NEAR Protocol,NEAR,2.42,3164501823,33,597342566,2.48,2.16,0.234229,10.70374,1305614568.0
2026-09-06T20:01:07+00:00,PayPal USD,PYUSD,0.999915,2935593519,34,62846601,1.0,0.999748,-4.0786364276846e-05,-0.00408,2935798963.4057627
2026-09-06T20:01:07+00:00,BlackRock USD Institutional Digital Liquidity Fund,BUIDL,1.0,2832282866,35,0.0,1.0,1.0,0.0,0.0,2832282865.800449
2026-09-06T20:01:07+00:00,Cronos,CRO,0.057346,2783573280,36,4723050,0.057654,0.056262,0.00078639,1.39037,48538198220.149185
2026-09-06T20:01:07+00:00,Tether Gold,XAUT,4415.71,2706033874,37,83440867,4428.02,4413.44,-10.411843975482043,-0.23524,612823.6595320001
2026-09-06T20:01:07+00:00,Circle USYC,USYC,1.14,2624340328,38,0.0,1.14,1.14,0.0,0.0,2308988052.650666
2026-09-06T20:01:07+00:00,Bittensor,TAO,267.52,2557764523,39,317386153,259.7,232.43,34.31,14.71067,9597491.0
2026-09-06T20:01:07+00:00,MemeCore,M,1.12,2544384052,40,1648530,1.15,1.12,0.00071335,0.06368,2269821805.0960417
2026-09-06T20:01:07+00:00,Ripple USD,RLUSD,1.0,2407245371,41,53725098,1.0,0.99982,9.302e-05,0.0093,2407151384.647232
2026-09-06T20:01:07+00:00,OKB,OKB,113.17,2377249706,42,27543010,115.96,112.24,-0.44705884873540924,-0.39349,21000000.0
2026-09-06T20:01:07+00:00,Ondo US Dollar Yield,USDY,1.15,2201585006,43,573040,1.15,1.14,0.00682621,0.59968,1922537236.5460541
2026-09-06T20:01:07+00:00,Aster,ASTER,0.77689,2097725889,44,235113754,0.809241,0.752274,-0.006675098954149861,-0.85189,2700010975.2797318
2026-09-06T20:01:07+00:00,Aave,AAVE,132.57,2045571690,45,247037994,139.93,132.89,-2.331682445934888,-1.72846,15427278.575115183
2026-09-06T20:01:07+00:00,Mantle,MNT,0.597973,1974507275,46,23256732,0.610864,0.58275,0.01226052,2.09327,3302294382.53684
2026-09-06T20:01:07+00:00,PAX Gold,PAXG,4419.55,1911485866,47,49347946,4434.59,4418.8,-13.909867379274147,-0.31375,432503.322051
2026-09-06T20:01:07+00:00,Ondo,ONDO,0.377532,1838467274,48,95544235,0.381736,0.368742,0.00828283,2.24316,4869330647.0
2026-09-06T20:01:07+00:00,World Liberty Financial,WLFI,0.056208,1785581342,49,24486293,0.05757,0.056234,-0.000985911832514459,-1.72379,31777076254.0
2026-09-06T20:01:07+00:00,Morpho,MORPHO,2.59,1781127924,50,44541785,2.62,2.48,0.094212,3.77816,688674634.5752114
2026-09-06T20:01:07+00:00,Ethena,ENA,0.175462,1770626564,51,829727743,0.188609,0.16393,0.01153218,7.03483,10095312500.0
2026-09-06T20:01:07+00:00,Sky,SKY,0.070055,1641055618,52,8864791,0.072065,0.068682,0.00130026,1.89115,23423011108.880737
2026-09-06T20:01:07+00:00,Polkadot,DOT,0.964111,1640800940,53,164512369,0.990854,0.909118,0.053527,5.87828,1701543166.545512
2026-09-06T20:01:07+00:00,Pump.fun,PUMP,0.00383919,1517665689,54,233311891,0.00410983,0.00376438,-8.3376362600578e-05,-2.12556,395273558381.92365
2026-09-06T20:01:07+00:00,Pepe,PEPE,3.6e-06,1512790302,55,187569351,3.69e-06,3.55e-06,-1.4564997174e-08,-0.40347,420690000000000.0
2026-09-06T20:01:07+00:00,HTX DAO,HTX,1.68e-06,1511400436,56,29063929,1.69e-06,1.68e-06,1.347e-09,0.08018,898232728634017.2
2026-09-06T20:01:07+00:00,Worldcoin,WLD,0.413464,1503490389,57,172854295,0.424238,0.394972,0.01725681,4.3555,3636190847.069174
2026-09-06T20:01:07+00:00,Internet Computer,ICP,2.67,1486953206,58,70711364,2.8,2.63,0.01658638,0.62435,556240703.9125739
2026-09-06T20:01:07+00:00,USDD,USDD,0.999675,1469663305,59,2139981,0.999399,0.997428,0.0019105,0.19148,1470153329.0
2026-09-06T20:01:07+00:00,Bitget Token,BGB,2.01,1409039829,60,9352527,2.05,1.99,-0.024428406514591217,-1.19898,699992029.6481038
2026-09-06T20:01:07+00:00,USDGO,USDGO,0.999926,1355343048,61,23865017,1.0,0.999832,-4.7113868622883e-05,-0.00471,1355454412.77
2026-09-06T20:01:07+00:00,Falcon USD,USDF,0.996604,1339540394,62,211355,1.008,0.994368,-0.000164982143036951,-0.01655,1344083107.942925
2026-09-06T20:01:07+00:00,BFUSD,BFUSD,0.999311,1319106923,63,3576350,1.0,0.999173,-0.000703626074036401,-0.07036,1320000000.0
2026-09-06T20:01:07+00:00,United Stables,U,0.999238,1276547460,64,114280442,0.999542,0.999016,-8.084096650651e-06,-0.00081,1277499107.8
2026-09-06T20:01:07+00:00,Spiko Amundi Overnight Swap Fund (EUR),EURSAFO,1.18,1228964136,65,0.0,1.18,1.18,-3.9583757463157e-05,-0.00337,1045687476.43203
2026-09-06T20:01:07+00:00,Arbitrum,ARB,0.183302,1224692795,66,929234261,0.203584,0.149188,0.03383476,22.63694,6678075931.0
2026-09-06T20:01:07+00:00,Ethereum Classic,ETC,7.7,1217152868,67,47845711,7.86,7.64,-0.08730247042735773,-1.12161,158083530.0683712
2026-09-06T20:01:07+00:00,Bitway,BTW,0.43616,1181131447,68,9410163,0.465303,0.434996,-0.01345906558195642,-2.99344,2708142280.000001
2026-09-06T20:01:07+00:00,Lighter,LIT,4.47,1115131479,69,77334497,4.86,4.45,-0.26759130887114857,-5.64919,250000000.0
2026-09-06T20:01:07+00:00,Pi Network,PI,0.094236,1050031577,70,3690671,0.095897,0.094158,-0.001050705422070891,-1.10268,11141680597.248924
2026-09-06T20:01:07+00:00,POL (ex-MATIC),POL,0.097475,1043940901,71,72581355,0.100267,0.095498,0.00197113,2.06392,10709454818.56161
2026-09-06T20:01:07+00:00,Gate,GT,9.11,970905150,72,1706262,9.51,9.0,-0.23709192897210407,-2.5352,106618930.43767932
2026-09-06T20:01:07+00:00,KuCoin,KCS,7.08,970843527,73,2873347,7.3,7.08,-0.13801046642681403,-1.91255,137155021.2773955
2026-09-06T20:01:07+00:00,Blockchain Capital,BCAP,106.22,967888430,74,0.0,106.22,106.22,0.0,0.0,9112111.0
2026-09-06T20:01:07+00:00,Quant,QNT,65.98,959674261,75,15646837,67.11,64.57,1.21,1.86758,14544176.164081175
2026-09-06T20:01:07+00:00,JUST,JST,0.111677,914473577,76,17294178,0.113102,0.109588,0.00200282,1.82616,8188743036.341737
2026-09-06T20:01:07+00:00,Dash,DASH,70.88,910227372,77,427814697,78.31,65.21,3.77,5.61888,12828573.50783549
2026-09-06T20:01:07+00:00,Spiko EU T-Bills Money Market Fund,EUTBL,1.23,882529623,78,0.0,1.23,1.23,-4.1396908657676e-05,-0.00337,718027528.4955
2026-09-06T20:01:07+00:00,Jupiter,JUP,0.264004,876638855,79,183010528,0.282272,0.218514,0.04339747,19.67192,3320312968.08
2026-09-06T20:01:07+00:00,Algorand,ALGO,0.09489,857191151,80,31095418,0.096094,0.093765,0.00020924,0.22099,9038985932.3071
2026-09-06T20:01:07+00:00,Kaspa,KAS,0.03056066,846082231,81,8666948,0.03089979,0.03009138,0.00029827,0.98563,27683423155.231007
2026-09-06T20:01:07+00:00,Cosmos Hub,ATOM,1.58,837586308,82,29809987,1.61,1.54,0.03999263,2.59273,529236644.064365
2026-09-06T20:01:07+00:00,NEXO,NEXO,0.829857,829840010,83,3208007,0.843756,0.827127,-0.009136282865940926,-1.08896,1000000000.0
2026-09-06T20:01:07+00:00,Venice Token,VVV,16.98,810963788,84,7881107,17.36,16.97,-0.17083568205653776,-0.9963,47772513.44290763
2026-09-06T20:01:07+00:00,Janus Henderson Anemoy Treasury Fund,JTRSY,1.12,799656135,85,0.0,1.12,1.12,0.0,0.0,717141156.78007
2026-09-06T20:01:07+00:00,Render,RENDER,1.53,792061297,86,54866588,1.54,1.46,0.067092,4.59417,518772101.28269154
2026-09-06T20:01:07+00:00,Invesco Short Duration US Government Securities Fund,USTB,11.2,775166436,87,0.0,11.2,11.2,0.0,0.0,69208217.773886
2026-09-06T20:01:07+00:00,​​Stable,STABLE,0.02816847,734746669,88,7816109,0.02885193,0.0277946,-0.000665449652277869,-2.30787,26083642318.0
2026-09-06T20:01:07+00:00,Janus Henderson Anemoy AAA CLO Fund,JAAA,1.048,710966727,89,0.0,1.048,1.048,0.0,0.0,678300455.183658
2026-09-06T20:01:07+00:00,PancakeSwap,CAKE,2.19,702357808,90,97095249,2.28,2.16,-0.06906702735080339,-3.05728,320777536.477181
2026-09-06T20:01:07+00:00,GHO,GHO,0.99895,698274697,91,3671583,0.999305,0.998902,-0.00019153871580202,-0.01917,699000000.0
2026-09-06T20:01:07+00:00,Filecoin,FIL,0.796645,658997620,92,87661406,0.838778,0.781755,0.00834903,1.05912,826923361.0
2026-09-06T20:01:07+00:00,Beldex,BDX,0.078713,619618093,93,10587312,0.079259,0.07811,7.122e-05,0.09056,7870530563.707369
2026-09-06T20:01:07+00:00,Official Trump,TRUMP,2.31,606002394,94,161024618,2.41,2.3,-0.0515087025998513,-2.1769,261880985.28763402
2026-09-06T20:01:07+00:00,VeChain,VET,0.00704023,605459239,95,6609079,0.007088,0.00690613,0.0001341,1.94181,85985041177.0
2026-09-06T20:01:07+00:00,Curve DAO,CRV,0.379866,590697409,96,77813519,0.390599,0.362401,0.00732609,1.96653,1554605781.0
2026-09-06T20:01:07+00:00,Pons,PONS,0.827112,588516017,97,216701520,0.958428,0.777561,-0.06270750106862288,-7.04722,712104762.0614183
2026-09-06T20:01:07+00:00,Flare,FLR,0.00666807,578932956,98,2942658,0.00680387,0.00659121,-3.076845386507e-06,-0.04612,86818814611.36505
2026-09-06T20:01:07+00:00,XDC Network,XDC,0.02807334,559222158,99,4911556,0.02831162,0.0278306,0.00017716,0.63506,19946688440.0
2026-09-06T20:56:02+00:00,Bitcoin,BTC,79902,1604523406972,1,18357561398,80103,79426,158.15,0.20184,20080328.0
2026-09-06T20:56:02+00:00,Ethereum,ETH,2498.04,304863438358,2,9103842874,2521.39,2473.01,20.88,0.85713,122023857.56610575
2026-09-06T20:56:02+00:00,Tether,USDT,0.999977,183389964005,3,42248534021,1.0,0.999862,-5.3649080130502e-05,-0.00434,183392383062.09265
2026-09-06T20:56:02+00:00,BNB,BNB,751.22,100035499238,4,1222954753,771.9,740.53,-19.550959670586167,-2.53475,133161826.35
2026-09-06T20:56:02+00:00,XRP,XRP,1.42,89243336067,5,1430343639,1.43,1.4,0.00712762,0.51895,62744504852.0
2026-09-06T20:56:02+00:00,USDC,USDC,0.99996,74554481814,6,10271242590,1.0,0.999854,-3.1605711031557e-05,-0.0015,74556261906.48943
2026-09-06T20:56:02+00:00,Solana,SOL,105.72,61906236031,7,3673975083,107.22,103.09,2.43,2.37427,585444861.1863048
2026-09-06T20:56:02+00:00,TRON,TRX,0.335919,31895556366,8,239552299,0.335539,0.332923,0.00138576,0.42891,94935900212.59479
2026-09-06T20:56:02+00:00,Figure Heloc,FIGR_HELOC,1.055,23516084575,9,343538,1.055,1.004,0.050249,5.00128,22290650137.398
2026-09-06T20:56:02+00:00,Zcash,ZEC,1215.45,20554977339,9,1725957283,1234.25,1008.27,205.51,20.31284,16916382.9780448
2026-09-06T20:56:02+00:00,Hyperliquid,HYPE,87.8,19531114730,10,1376830563,89.6,84.94,2.57,3.01603,222445714.07414138
2026-09-06T20:56:02+00:00,Dogecoin,DOGE,0.090271,14066768257,11,970580205,0.091934,0.088179,-0.000447328510562131,-0.48016,155806936383.7052
2026-09-06T20:56:02+00:00,Rain,RAIN,0.01675901,11887412480,12,39560989,0.01727553,0.01671219,-0.00024434222366404,-1.42211,709207501470.5391
2026-09-06T20:56:02+00:00,Monero,XMR,532.02,10000416900,13,122480646,558.79,522.69,-13.443551659091213,-2.48685,18801203.79545965
2026-09-06T20:56:02+00:00,USDS,USDS,0.999941,9822978557,14,70251738,1.0,0.999445,0.00033897,0.03507,9823441507.410206
2026-09-06T20:56:02+00:00,Chainlink,LINK,13.06,9769804305,15,570273408,12.44,11.98,1.047,8.66833,748099970.424884
2026-09-06T20:56:02+00:00,WhiteBIT Coin,WBT,73.6,8684053805,16,49857255,73.97,73.11,0.207538,0.2834,117956019.0
2026-09-06T20:56:02+00:00,LEO Token,LEO,9.33,8584065861,17,114999,9.35,9.22,0.093951,1.01652,919857851.9
2026-09-06T20:56:02+00:00,Cardano,ADA,0.22111,8296082293,18,390714467,0.223606,0.216306,0.00173576,0.83367,37504333228.36598
2026-09-06T20:56:02+00:00,Stellar,XLM,0.185369,6451646345,19,114270002,0.187637,0.182861,0.00130413,0.71472,34802056616.627365
2026-09-06T20:56:02+00:00,Bitcoin Cash,BCH,257.83,5181621818,20,154423545,264.82,254.31,2.43,1.00789,20085512.39665078
2026-09-06T20:56:02+00:00,Dai,DAI,0.99994,4604217354,21,226057872,1.0,0.999675,4.37e-05,0.01527,4603989722.329075
2026-09-06T20:56:02+00:00,Uniswap,UNI,7.11,4431353314,22,976674073,7.48,6.87,-0.04432425111290428,-0.62949,623212423.7271129
2026-09-06T20:56:02+00:00,Ethena USDe,USDE,0.999836,4370268433,23,32059423,1.0,0.99974,-7.0975137451357e-05,-0.00589,4370931125.503947
2026-09-06T20:56:02+00:00,Canton,CC,0.110485,4368060854,24,8178849,0.111318,0.108669,0.00159276,1.44907,39540975928.30765
2026-09-06T20:56:02+00:00,USD1,USD1,0.999715,4248891815,25,819107048,0.999826,0.999517,9.257e-05,0.01055,4250045903.844491
2026-09-06T20:56:02+00:00,Litecoin,LTC,54.37,4217805155,26,300925456,55.3,53.57,0.514185,0.94381,77578766.81782915
2026-09-06T20:56:02+00:00,Gram (prev. Toncoin),GRAM,1.43,3974726745,27,29481521,1.45,1.41,0.00035723,0.0102,2782241585.100361
2026-09-06T20:56:02+00:00,Hedera,HBAR,0.081417,3570868517,28,55273765,0.082287,0.080092,0.00053622,0.72549,43831559704.68221
2026-09-06T20:56:02+00:00,Avalanche,AVAX,7.81,3376958873,29,211169313,7.74,7.57,0.227612,3.15885,431771961.1772119
2026-09-06T20:56:02+00:00,Sui,SUI,0.809687,3319896490,30,504208949,0.81188,0.78605,0.01094315,1.461,4096537146.5409594
2026-09-06T20:56:02+00:00,Global Dollar,USDG,1.0,3262143174,31,1608411137,1.0,0.99983,-0.000136816403829565,-0.01233,3261974582.731583
2026-09-06T20:56:02+00:00,Shiba Inu,SHIB,5.46e-06,3216004072,32,56531678,5.54e-06,5.38e-06,-1.3020579576e-08,-0.23787,589239307782558.2
2026-09-06T20:56:02+00:00,NEAR Protocol,NEAR,2.4,3139132149,33,549685913,2.48,2.16,0.225885,10.49214,1305614515.0
2026-09-06T20:56:02+00:00,PayPal USD,PYUSD,0.999971,2935822377,34,64381425,1.0,0.999748,6.973e-05,0.01067,2935798963.4057627
2026-09-06T20:56:02+00:00,BlackRock USD Institutional Digital Liquidity Fund,BUIDL,1.0,2832282866,35,0.0,1.0,1.0,0.0,0.0,2832282865.800449
2026-09-06T20:56:02+00:00,Cronos,CRO,0.057556,2793876211,36,4922861,0.057654,0.056262,0.0012396,2.20892,48538333847.58304
2026-09-06T20:56:02+00:00,Tether Gold,XAUT,4416.45,2706561650,37,83492282,4428.02,4413.44,-9.373957205129955,-0.21008,612823.6595320001
2026-09-06T20:56:02+00:00,Circle USYC,USYC,1.14,2624340328,38,0.0,1.14,1.14,0.0,0.0,2308988052.650666
2026-09-06T20:56:02+00:00,Bittensor,TAO,268.9,2579982628,39,344028501,268.51,233.27,35.7,15.27131,9597491.0
2026-09-06T20:56:02+00:00,MemeCore,M,1.12,2546370420,40,1540231,1.15,1.12,-0.002895193922414219,-0.1995,2269837254.816257
2026-09-06T20:56:02+00:00,Ripple USD,RLUSD,0.99998,2407178894,41,54284586,1.0,0.99982,8.318e-05,0.01145,2407151384.647233
2026-09-06T20:56:02+00:00,OKB,OKB,113.32,2379823836,42,27265262,115.96,112.24,0.365333,0.32637,21000000.0
2026-09-06T20:56:02+00:00,Ondo US Dollar Yield,USDY,1.14,2194722977,43,1665326,1.15,1.14,0.0013746,0.17626,1922537236.5460541
2026-09-06T20:56:02+00:00,Aster,ASTER,0.78114,2108539069,44,236862008,0.809241,0.752274,-0.003185854475369898,-0.43211,2700010975.2797318
2026-09-06T20:56:02+00:00,Aave,AAVE,133.49,2059306867,45,243453154,139.93,132.55,-0.8221649797054056,-0.61337,15427281.473253135
2026-09-06T20:56:02+00:00,Mantle,MNT,0.599942,1981346061,46,23750291,0.610864,0.58338,0.01621018,2.78542,3302294382.53684
2026-09-06T20:56:02+00:00,PAX Gold,PAXG,4420.71,1911966346,47,48268768,4434.59,4418.8,-11.751217008395543,-0.26407,432503.322051
2026-09-06T20:56:02+00:00,Ondo,ONDO,0.378752,1844667610,48,97545376,0.381736,0.368742,0.00890629,2.43017,4869330647.0
2026-09-06T20:56:02+00:00,World Liberty Financial,WLFI,0.056489,1796472131,49,24113418,0.05757,0.056146,-0.000668995955814454,-1.09268,31777076254.0
2026-09-06T20:56:02+00:00,Morpho,MORPHO,2.59,1785549999,50,45993117,2.62,2.48,0.098543,3.87297,688677818.0837513
2026-09-06T20:56:02+00:00,Ethena,ENA,0.175988,1776809604,51,819508591,0.188609,0.165415,0.00962293,5.79327,10095312500.0
2026-09-06T20:56:02+00:00,Polkadot,DOT,0.96603,1644166914,52,165386282,0.990854,0.909118,0.053418,5.88046,1701543166.545512
2026-09-06T20:56:02+00:00,Sky,SKY,0.069686,1632887171,53,8676160,0.072065,0.068729,0.00077624,1.16623,23422964306.015312
2026-09-06T20:56:02+00:00,Pump.fun,PUMP,0.00393745,1556944913,54,235878133,0.00410983,0.00376438,-2.1556657902309e-05,-0.50598,395266493569.0655
2026-09-06T20:56:02+00:00,Pepe,PEPE,3.62e-06,1523993122,55,185224870,3.69e-06,3.55e-06,5.039e-09,0.15812,420690000000000.0
2026-09-06T20:56:02+00:00,HTX DAO,HTX,1.68e-06,1513211675,56,29489963,1.69e-06,1.68e-06,-1.110527403e-09,-0.06481,898232728634017.2
2026-09-06T20:56:02+00:00,Worldcoin,WLD,0.411674,1497300055,57,169019634,0.424238,0.395616,0.01515151,3.84706,3636194713.5716357
2026-09-06T20:56:02+00:00,Internet Computer,ICP,2.69,1494568062,58,67755134,2.8,2.63,0.0110531,0.43569,556240703.9125739
2026-09-06T20:56:02+00:00,USDD,USDD,0.999718,1469853062,59,2118023,0.999715,0.997428,0.00191279,0.19416,1470231472.0
2026-09-06T20:56:02+00:00,Bitget Token,BGB,2.02,1414724054,60,9453628,2.05,1.99,-0.022968103247488436,-1.12189,699992029.6481038
2026-09-06T20:56:02+00:00,USDGO,USDGO,0.999891,1355294713,61,22856878,1.0,0.999832,-8.6963412902374e-05,-0.00956,1355454412.77
2026-09-06T20:56:02+00:00,Falcon USD,USDF,0.996573,1339491589,62,205224,1.008,0.994368,-0.000141048853365189,-0.01305,1344083107.942925
2026-09-06T20:56:02+00:00,BFUSD,BFUSD,0.999443,1319280133,63,3567913,1.0,0.999173,-0.000555927864465455,-0.05442,1320000000.0
2026-09-06T20:56:02+00:00,United Stables,U,0.999287,1276488741,64,113821540,0.999542,0.999016,9.327e-05,0.00154,1277499107.8
2026-09-06T20:56:02+00:00,Arbitrum,ARB,0.184349,1232280764,65,875338455,0.203584,0.161009,0.02358906,14.7836,6678075931.0
2026-09-06T20:56:02+00:00,Spiko Amundi Overnight Swap Fund (EUR),EURSAFO,1.18,1228954145,66,0.0,1.18,1.18,-4.9138058071163e-05,-0.00418,1045687476.43203
2026-09-06T20:56:02+00:00,Ethereum Classic,ETC,7.76,1228713283,67,47821658,7.86,7.64,-0.04773095095732849,-0.49638,158084012.6795712
2026-09-06T20:56:02+00:00,Bitway,BTW,0.436931,1183433512,68,9350373,0.465303,0.433434,-0.012052886702309584,-2.67115,2708142280.000001
2026-09-06T20:56:02+00:00,Lighter,LIT,4.56,1141650200,69,77536263,4.86,4.43,-0.18401757905966765,-3.81038,250000000.0
2026-09-06T20:56:02+00:00,Pi Network,PI,0.094532,1053266285,70,3735184,0.095897,0.094101,-0.000670396353356209,-0.7019,11141680597.248924
2026-09-06T20:56:02+00:00,POL (ex-MATIC),POL,0.097829,1047768844,71,71935085,0.100267,0.095567,0.00160697,1.67705,10709454818.56161
2026-09-06T20:56:02+00:00,KuCoin,KCS,7.09,972295105,72,2859725,7.3,7.08,-0.14734804181729988,-2.02911,137155021.2773955
2026-09-06T20:56:02+00:00,Gate,GT,9.11,971470109,73,2789537,9.51,9.0,-0.15131897930900884,-1.63851,106618962.83282842
2026-09-06T20:56:02+00:00,Blockchain Capital,BCAP,106.22,967888430,74,0.0,106.22,106.22,-1.4211e-14,0.0,9112111.0
2026-09-06T20:56:02+00:00,Quant,QNT,66.43,966318635,75,15464870,67.11,64.64,1.79,2.78981,14544176.164081175
2026-09-06T20:56:02+00:00,JUST,JST,0.111571,913729402,76,19889779,0.113102,0.109776,0.00158969,1.45659,8188743036.341737
2026-09-06T20:56:02+00:00,Dash,DASH,70.02,897589955,77,423860407,78.31,65.21,3.1,4.54529,12828477.30214686
2026-09-06T20:56:02+00:00,Spiko EU T-Bills Money Market Fund,EUTBL,1.23,882522448,78,0.0,1.23,1.23,-5.1388848153033e-05,-0.00418,718027528.4955
2026-09-06T20:56:02+00:00,Jupiter,JUP,0.262542,873038721,79,182773835,0.282272,0.218514,0.04124584,18.81775,3320312968.08
2026-09-06T20:56:02+00:00,Algorand,ALGO,0.096092,868455222,80,31716466,0.096094,0.093765,0.00135263,1.41401,9038985932.3071
2026-09-06T20:56:02+00:00,Kaspa,KAS,0.03089108,855296163,81,8695462,0.03089979,0.03009138,0.00049963,1.65886,27683423155.231007
2026-09-06T20:56:02+00:00,Cosmos Hub,ATOM,1.59,840092165,82,29868113,1.61,1.55,0.03950682,2.57367,529236644.064365
2026-09-06T20:56:02+00:00,NEXO,NEXO,0.830376,830231724,83,3084845,0.84318,0.827127,-0.012549216884463532,-1.50592,1000000000.0
2026-09-06T20:56:02+00:00,Venice Token,VVV,16.99,811876816,84,8025536,17.36,16.97,-0.19871159471835753,-1.15381,47772800.099427134
2026-09-06T20:56:02+00:00,Render,RENDER,1.55,803309726,85,59256110,1.54,1.46,0.088598,6.07456,518772101.28269154
2026-09-06T20:56:02+00:00,Janus Henderson Anemoy Treasury Fund,JTRSY,1.12,799656135,86,0.0,1.12,1.12,0.0,0.0,717141156.78007
2026-09-06T20:56:02+00:00,Invesco Short Duration US Government Securities Fund,USTB,11.2,775166436,87,0.0,11.2,11.2,1.776e-15,0.0,69208217.773886
2026-09-06T20:56:02+00:00,​​Stable,STABLE,0.02822956,736792556,88,7796370,0.02863334,0.0277946,-0.000337128350481528,-1.12002,26084164951.0
2026-09-06T20:56:02+00:00,Janus Henderson Anemoy AAA CLO Fund,JAAA,1.048,710966727,89,0.0,1.048,1.048,0.0,0.0,678300455.183658
2026-09-06T20:56:02+00:00,PancakeSwap,CAKE,2.19,703747936,90,93459802,2.28,2.16,-0.03808325437511728,-1.70901,320777538.8316856
2026-09-06T20:56:02+00:00,GHO,GHO,0.998989,698301406,91,3464878,0.999305,0.998902,-0.000138120895380345,-0.01265,699000000.0
2026-09-06T20:56:02+00:00,Filecoin,FIL,0.802011,663363394,92,87221218,0.838778,0.781755,0.01216552,1.56444,826927531.0
2026-09-06T20:56:02+00:00,Beldex,BDX,0.078723,619715965,93,10541944,0.079259,0.07811,6.317e-05,0.10022,7870531737.854799
2026-09-06T20:56:02+00:00,VeChain,VET,0.00712159,612363871,94,6512228,0.007088,0.00691832,0.00018347,2.64675,85985041177.0
2026-09-06T20:56:02+00:00,Pons,PONS,0.859924,610330512,95,228493135,0.958428,0.777561,-0.033980112310890376,-4.11961,712104762.0614183
2026-09-06T20:56:02+00:00,Official Trump,TRUMP,2.32,608821056,96,160248658,2.41,2.3,-0.0339265183221058,-1.43053,261880985.28763402
2026-09-06T20:56:02+00:00,Curve DAO,CRV,0.383385,596021356,97,78668749,0.390599,0.362401,0.0101969,2.73334,1554614034.0
2026-09-06T20:56:02+00:00,Flare,FLR,0.00670808,582387196,98,2864690,0.00680387,0.00659121,9.85e-06,0.14327,86822083320.6386
2026-09-06T20:56:02+00:00,XDC Network,XDC,0.02807268,559971787,99,4790525,0.02831162,0.0278306,0.00017328,0.62375,19946688440.0
2026-09-06T21:01:06+00:00,Bitcoin,BTC,79890,1604252172622,1,18354589294,80103,79426,149.09,0.18696,20080328.0
2026-09-06T21:01:06+00:00,Ethereum,ETH,2498.33,304858125689,2,9069467125,2521.39,2473.01,20.93,0.84486,122023857.56610575
2026-09-06T21:01:06+00:00,Tether,USDT,0.999943,183385033241,3,42284054977,1.0,0.999862,-0.00010715924214777,-0.01072,183392383062.09265
2026-09-06T21:01:06+00:00,BNB,BNB,751.34,100050227304,4,1221656029,771.9,740.53,-18.967664047128892,-2.46235,133161826.35
2026-09-06T21:01:06+00:00,XRP,XRP,1.42,89221144209,5,1433438329,1.43,1.4,0.00721443,0.50989,62744504852.0
2026-09-06T21:01:06+00:00,USDC,USDC,0.999929,74552129916,6,10277124897,1.0,0.999854,-7.6065316467311e-05,-0.00761,74556261906.48943
2026-09-06T21:01:06+00:00,Solana,SOL,105.69,61879227836,7,3661263288,107.22,103.09,2.45,2.37241,585444861.1863048
2026-09-06T21:01:06+00:00,TRON,TRX,0.335955,31893922388,8,239946409,0.335539,0.332923,0.00138789,0.41483,94935900212.59479
2026-09-06T21:01:06+00:00,Figure Heloc,FIGR_HELOC,1.055,23516084575,9,343538,1.055,1.004,0.05027,5.00341,22290650137.398
2026-09-06T21:01:06+00:00,Zcash,ZEC,1225.98,20723693195,9,1751755615,1234.25,1008.27,217.24,21.53635,16916382.9780448
2026-09-06T21:01:06+00:00,Hyperliquid,HYPE,88.19,19618762623,10,1388038331,89.6,84.94,2.95,3.45966,222445714.07414138
2026-09-06T21:01:06+00:00,Dogecoin,DOGE,0.090258,14064862042,11,967597893,0.091934,0.088179,-0.000449929025470808,-0.49602,155806936383.7052
2026-09-06T21:01:06+00:00,Rain,RAIN,0.01676111,11886114272,12,39488401,0.01727553,0.01671219,-0.000243668183545535,-1.43294,709207501470.5391
2026-09-06T21:01:06+00:00,Monero,XMR,531.72,9996814301,13,122609216,558.79,522.69,-15.293882066302444,-2.79586,18801203.79545965
2026-09-06T21:01:06+00:00,USDS,USDS,0.999909,9822692903,14,69904477,1.0,0.999445,0.00028641,0.02865,9823441507.410206
2026-09-06T21:01:06+00:00,Chainlink,LINK,13.12,9798768950,15,588317259,12.44,11.98,1.094,9.09656,748099970.424884
2026-09-06T21:01:06+00:00,WhiteBIT Coin,WBT,73.59,8680554709,16,49866095,73.97,73.11,0.201913,0.27512,117956019.0
2026-09-06T21:01:06+00:00,LEO Token,LEO,9.33,8584036073,17,115488,9.35,9.22,0.093682,1.01406,919857851.9
2026-09-06T21:01:06+00:00,Cardano,ADA,0.220663,8276245388,18,389622421,0.223606,0.216306,0.00159332,0.72731,37504333228.36598
2026-09-06T21:01:06+00:00,Stellar,XLM,0.185214,6446104410,19,114562560,0.187637,0.182861,0.0010657,0.57872,34802056616.627365
2026-09-06T21:01:06+00:00,Bitcoin Cash,BCH,257.78,5177636154,20,154380832,264.82,254.31,2.44,0.95587,20085512.39665078
2026-09-06T21:01:06+00:00,Dai,DAI,0.999817,4603212835,21,226317954,1.0,0.999675,-0.000100603100962937,-0.01006,4603989722.329075
2026-09-06T21:01:06+00:00,Uniswap,UNI,7.11,4431993908,22,964946267,7.48,6.87,-0.025128619120016182,-0.35207,623212423.7271129
2026-09-06T21:01:06+00:00,Canton,CC,0.110692,4376899615,23,8194664,0.111318,0.108669,0.0017403,1.59731,39540975928.30765
2026-09-06T21:01:06+00:00,Ethena USDe,USDE,0.999852,4370331864,24,31989287,1.0,0.99974,-0.000105882670886626,-0.01059,4370931125.503947
2026-09-06T21:01:06+00:00,USD1,USD1,0.999694,4248766871,25,819190292,0.999826,0.999517,4.126e-05,0.00413,4250045903.844491
2026-09-06T21:01:06+00:00,Litecoin,LTC,54.36,4217216785,26,296029710,55.3,53.57,0.488168,0.90613,77578766.81782915
2026-09-06T21:01:06+00:00,Gram (prev. Toncoin),GRAM,1.43,3974979255,27,29471508,1.45,1.41,0.00145769,0.10212,2782241585.100361
2026-09-06T21:01:06+00:00,Hedera,HBAR,0.081315,3563496213,28,53522283,0.082287,0.080092,0.00053246,0.65913,43831559704.68221
2026-09-06T21:01:06+00:00,Avalanche,AVAX,7.8,3371625229,29,217597838,7.74,7.57,0.218139,2.87635,431771961.1772119
2026-09-06T21:01:06+00:00,Sui,SUI,0.811235,3321211194,30,507285974,0.81188,0.78605,0.01288279,1.61367,4096537146.5409594
2026-09-06T21:01:06+00:00,Global Dollar,USDG,0.99997,3261925607,31,1613552258,1.0,0.99983,-0.000241036234938985,-0.0241,3261974582.731583
2026-09-06T21:01:06+00:00,Shiba Inu,SHIB,5.45e-06,3215034483,32,53450360,5.54e-06,5.38e-06,-1.2077597604e-08,-0.22092,589239307782558.2
2026-09-06T21:01:06+00:00,NEAR Protocol,NEAR,2.41,3143627659,33,597270295,2.48,2.16,0.242846,11.20179,1305614515.0
2026-09-06T21:01:06+00:00,PayPal USD,PYUSD,0.999941,2935664534,34,64396565,1.0,0.999748,2.862e-05,0.00286,2935798963.4057627
2026-09-06T21:01:06+00:00,BlackRock USD Institutional Digital Liquidity Fund,BUIDL,1.0,2832282866,35,0.0,1.0,1.0,0.0,0.0,2832282865.800449
2026-09-06T21:01:06+00:00,Cronos,CRO,0.057687,2800065065,36,4968213,0.057654,0.056262,0.00138727,2.4641,48538333847.58304
2026-09-06T21:01:06+00:00,Tether Gold,XAUT,4416.1,2706251878,37,83954127,4428.02,4413.44,-10.10184582230977,-0.22823,612823.6595320001
2026-09-06T21:01:06+00:00,Circle USYC,USYC,1.14,2624340328,38,0.0,1.14,1.14,0.0,0.0,2308988052.650666
2026-09-06T21:01:06+00:00,Bittensor,TAO,267.49,2564025607,39,345103884,268.51,233.27,34.01,14.56647,9597491.0
2026-09-06T21:01:06+00:00,MemeCore,M,1.12,2544564218,40,1580357,1.15,1.12,-0.00306817043489982,-0.273,2269837254.816257
2026-09-06T21:01:06+00:00,Ripple USD,RLUSD,1.0,2407197324,41,55436527,1.0,0.99982,9.056e-05,0.00906,2407151384.647233
2026-09-06T21:01:06+00:00,OKB,OKB,113.36,2380562188,42,27275360,115.96,112.24,0.524909,0.4652,21000000.0
2026-09-06T21:01:06+00:00,Ondo US Dollar Yield,USDY,1.15,2201354412,43,614386,1.15,1.14,0.00590803,0.51865,1922537236.5460541
2026-09-06T21:01:06+00:00,Aster,ASTER,0.781901,2111015114,44,231981789,0.809241,0.752274,0.00363392,0.46693,2700010975.2797318
2026-09-06T21:01:06+00:00,Aave,AAVE,133.47,2058573149,45,243647347,139.93,132.55,-0.667646820164407,-0.49774,15427281.473253135
2026-09-06T21:01:06+00:00,Mantle,MNT,0.599866,1980953831,46,22385574,0.610864,0.58338,0.01628816,2.79109,3302294382.53684
2026-09-06T21:01:06+00:00,PAX Gold,PAXG,4420.61,1911876123,47,48128550,4434.59,4418.8,-11.97414806044435,-0.27014,432503.322051
2026-09-06T21:01:06+00:00,Ondo,ONDO,0.378836,1843551132,48,98175006,0.381736,0.368742,0.00936128,2.53367,4869330647.0
2026-09-06T21:01:06+00:00,World Liberty Financial,WLFI,0.056546,1796829634,49,24382541,0.05757,0.056146,-0.000637347739518179,-1.11457,31777076254.0
2026-09-06T21:01:06+00:00,Morpho,MORPHO,2.59,1783562857,50,44799514,2.62,2.48,0.093,3.72496,688677818.0837513
2026-09-06T21:01:06+00:00,Ethena,ENA,0.175632,1773403741,51,819788289,0.188609,0.165415,0.00843881,5.04735,10095312500.0
2026-09-06T21:01:06+00:00,Polkadot,DOT,0.965888,1642698361,52,165516885,0.990854,0.909118,0.054176,5.94227,1701543166.545512
2026-09-06T21:01:06+00:00,Sky,SKY,0.069654,1631721847,53,8657489,0.072065,0.068729,0.00070377,1.02068,23422964306.015312
2026-09-06T21:01:06+00:00,Pump.fun,PUMP,0.00392075,1549811284,54,238599463,0.00410983,0.00376438,-3.1607444199251e-05,-0.79971,395266493569.0655
2026-09-06T21:01:06+00:00,Pepe,PEPE,3.62e-06,1523658888,55,185504187,3.69e-06,3.55e-06,1.214e-09,0.03351,420690000000000.0
2026-09-06T21:01:06+00:00,HTX DAO,HTX,1.68e-06,1513426132,56,29494958,1.69e-06,1.68e-06,-1.049304196e-09,-0.06225,898232728634017.2
2026-09-06T21:01:06+00:00,Worldcoin,WLD,0.411686,1496838281,57,169519254,0.424238,0.395616,0.01497623,3.77511,3636194713.5716357
2026-09-06T21:01:06+00:00,Internet Computer,ICP,2.68,1493247136,58,68048455,2.8,2.63,0.01089739,0.40754,556240703.9125739
2026-09-06T21:01:06+00:00,USDD,USDD,0.999691,1469820593,59,2118857,0.999715,0.997428,0.00186554,0.18696,1470231472.0
2026-09-06T21:01:06+00:00,Bitget Token,BGB,2.02,1414691243,60,9415458,2.05,1.99,-0.023161534324256827,-1.13312,699992029.6481038
2026-09-06T21:01:06+00:00,USDGO,USDGO,0.999894,1355296547,61,22749915,1.0,0.999832,-7.3148180681493e-05,-0.00732,1355454412.77
2026-09-06T21:01:06+00:00,Falcon USD,USDF,0.99654,1339454522,62,205360,1.008,0.994368,-0.000192199194869014,-0.01928,1344083107.942925
2026-09-06T21:01:06+00:00,BFUSD,BFUSD,0.99941,1319243486,63,3567870,1.0,0.999173,-0.000608821769919499,-0.06088,1320000000.0
2026-09-06T21:01:06+00:00,United Stables,U,0.999262,1276557684,64,113819241,0.999542,0.999016,5.745e-05,0.00575,1277499107.8
2026-09-06T21:01:06+00:00,Arbitrum,ARB,0.184773,1234727182,65,870895660,0.203584,0.161009,0.02295346,14.18463,6678075931.0
2026-09-06T21:01:06+00:00,Spiko Amundi Overnight Swap Fund (EUR),EURSAFO,1.18,1228954145,66,0.0,1.18,1.18,-4.9138058071163e-05,-0.00418,1045687476.43203
2026-09-06T21:01:06+00:00,Ethereum Classic,ETC,7.75,1225893995,67,47915846,7.86,7.64,-0.05168828536144865,-0.66231,158084012.6795712
2026-09-06T21:01:06+00:00,Bitway,BTW,0.437399,1184244911,68,9345227,0.465303,0.433434,-0.011789635943705468,-2.62465,2708142280.000001
2026-09-06T21:01:06+00:00,Lighter,LIT,4.57,1140934273,69,77605121,4.86,4.43,-0.1861105125737117,-3.9167,250000000.0
2026-09-06T21:01:06+00:00,Pi Network,PI,0.094437,1052204562,70,3730646,0.095897,0.094101,-0.000775061619626635,-0.81403,11141680597.248924
2026-09-06T21:01:06+00:00,POL (ex-MATIC),POL,0.097684,1045910468,71,71950585,0.100267,0.095567,0.00156024,1.62315,10709454818.56161
2026-09-06T21:01:06+00:00,KuCoin,KCS,7.09,971920917,72,2881098,7.3,7.08,-0.14133097497085512,-1.95528,137155021.2773955
2026-09-06T21:01:06+00:00,Gate,GT,9.1,969962166,73,2783758,9.51,9.0,-0.17844420202677647,-1.92377,106618962.83282842
2026-09-06T21:01:06+00:00,Blockchain Capital,BCAP,106.22,967888430,74,0.0,106.22,106.22,0.0,0.0,9112111.0
2026-09-06T21:01:06+00:00,Quant,QNT,66.42,965726394,75,15513123,67.11,64.64,1.78,2.74978,14544176.164081175
2026-09-06T21:01:06+00:00,JUST,JST,0.111513,913150032,76,19542252,0.113102,0.109776,0.00154399,1.40402,8188743036.341737
2026-09-06T21:01:06+00:00,Dash,DASH,70.39,902536501,77,424106371,78.31,65.21,3.37,5.03377,12828477.30214686
2026-09-06T21:01:06+00:00,Spiko EU T-Bills Money Market Fund,EUTBL,1.23,882522448,78,0.0,1.23,1.23,-5.1388848153033e-05,-0.00418,718027528.4955
2026-09-06T21:01:06+00:00,Jupiter,JUP,0.263307,873628454,79,199276856,0.282272,0.218514,0.04207078,19.01624,3320312968.08
2026-09-06T21:01:06+00:00,Algorand,ALGO,0.096116,868648373,80,31894402,0.096094,0.093765,0.00151926,1.60605,9038985932.3071
2026-09-06T21:01:06+00:00,Kaspa,KAS,0.03125237,864994988,81,8919308,0.03089979,0.03009138,0.00084915,2.79296,27683423155.231007
2026-09-06T21:01:06+00:00,Cosmos Hub,ATOM,1.59,839425855,82,29752239,1.61,1.55,0.03676605,2.3724,529236644.064365
2026-09-06T21:01:06+00:00,NEXO,NEXO,0.829741,829778346,83,3059587,0.84318,0.827127,-0.008989467038741372,-1.0718,1000000000.0
2026-09-06T21:01:06+00:00,Venice Token,VVV,16.99,811432540,84,7712785,17.36,16.97,-0.2228164930437444,-1.29485,47772800.099427134
2026-09-06T21:01:06+00:00,Render,RENDER,1.55,803382178,85,59761699,1.54,1.46,0.089621,6.13558,518772101.28269154
2026-09-06T21:01:06+00:00,Janus Henderson Anemoy Treasury Fund,JTRSY,1.12,799656135,86,0.0,1.12,1.12,0.0,0.0,717141156.78007
2026-09-06T21:01:06+00:00,Invesco Short Duration US Government Securities Fund,USTB,11.2,775166436,87,0.0,11.2,11.2,-1.776e-15,0.0,69208217.773886
2026-09-06T21:01:06+00:00,​​Stable,STABLE,0.02821857,735876375,88,7798833,0.02863334,0.0277946,-0.000354358731511142,-1.24019,26084164951.0
2026-09-06T21:01:06+00:00,Janus Henderson Anemoy AAA CLO Fund,JAAA,1.048,710966727,89,0.0,1.048,1.048,0.0,0.0,678300455.183658
2026-09-06T21:01:06+00:00,PancakeSwap,CAKE,2.2,705401553,90,94367548,2.28,2.16,-0.03007570620702893,-1.34909,320777538.8316856
2026-09-06T21:01:06+00:00,GHO,GHO,0.998957,698282473,91,3437181,0.999305,0.998902,-0.000317257838105212,-0.03175,699000000.0
2026-09-06T21:01:06+00:00,Filecoin,FIL,0.803701,664633725,92,87523777,0.838778,0.781755,0.01452516,1.84055,826927531.0
2026-09-06T21:01:06+00:00,Beldex,BDX,0.078716,619730701,93,10539340,0.079259,0.07811,-4.5452802738793e-05,-0.05771,7870531737.854799
2026-09-06T21:01:06+00:00,Pons,PONS,0.858377,612232160,94,226147775,0.958428,0.777561,-0.03456231875752647,-3.87062,712104762.0614183
2026-09-06T21:01:06+00:00,VeChain,VET,0.00711379,612052108,95,6891286,0.007088,0.00691832,0.00018457,2.66363,85985041177.0
2026-09-06T21:01:06+00:00,Official Trump,TRUMP,2.32,608432428,96,166201004,2.41,2.3,-0.03420761215454737,-1.45095,261880985.28763402
2026-09-06T21:01:06+00:00,Curve DAO,CRV,0.38323,595781868,97,78540876,0.390599,0.362401,0.00847931,2.26266,1554614034.0
2026-09-06T21:01:06+00:00,Flare,FLR,0.00670594,582232076,98,2942322,0.00680387,0.00659121,5.74e-06,0.08565,86822083320.6386
2026-09-06T21:01:06+00:00,XDC Network,XDC,0.02806946,559911660,99,4826224,0.02831162,0.0278306,0.00018466,0.66222,19946688440.0
2026-09-06T22:01:08+00:00,Bitcoin,BTC,79939,1605256970996,1,18635348461,80103,79426,29.54,0.03343,20080684.0
2026-09-06T22:01:08+00:00,Ethereum,ETH,2507.2,305945534112,2,9320369279,2521.39,2473.01,18.17,0.73421,122023857.56610575
2026-09-06T22:01:08+00:00,Tether,USDT,0.999949,183385364583,3,42972554146,1.0,0.999862,-9.4374127892705e-05,-0.00816,183392383062.09265
2026-09-06T22:01:08+00:00,BNB,BNB,751.5,100076050869,4,1231542736,771.63,740.53,-19.804032910810292,-2.55951,133161821.44
2026-09-06T22:01:08+00:00,XRP,XRP,1.42,89400642033,5,1455853785,1.43,1.4,0.00497282,0.32079,62744504852.0
2026-09-06T22:01:08+00:00,USDC,USDC,0.999936,74549184157,6,10474257928,1.0,0.999854,-5.7294370835681e-05,-0.00529,74552996850.95605
2026-09-06T22:01:08+00:00,Solana,SOL,105.93,62015033671,7,3700573805,107.22,103.09,2.2,2.12415,585444821.2969397
2026-09-06T22:01:08+00:00,TRON,TRX,0.336024,31901234228,8,239566568,0.336055,0.332923,0.00142106,0.42924,94935900212.59479
2026-09-06T22:01:08+00:00,Figure Heloc,FIGR_HELOC,1.055,23516084575,9,343538,1.055,1.004,0.050172,4.99317,22290650137.398
2026-09-06T22:01:08+00:00,Zcash,ZEC,1244.83,21060443176,9,1836654373,1234.25,1014.24,229.4,22.79406,16918228.2905448
2026-09-06T22:01:08+00:00,Hyperliquid,HYPE,87.76,19520845534,10,1315374266,89.6,84.94,2.24,2.58217,222445714.07414138
2026-09-06T22:01:08+00:00,Dogecoin,DOGE,0.090511,14102534825,11,952204817,0.091934,0.088179,-7.2476244698846e-05,-0.05401,155808456383.7052
2026-09-06T22:01:08+00:00,Rain,RAIN,0.01675694,11884470351,12,41012677,0.01727553,0.01670048,-0.000298590910484505,-1.77446,709207501470.5391
2026-09-06T22:01:08+00:00,Monero,XMR,545.08,10249050469,13,129974902,558.79,522.69,-6.009715809386307,-1.06226,18801203.79545965
2026-09-06T22:01:08+00:00,USDS,USDS,0.999915,9822950137,14,69368849,1.0,0.999445,0.00030324,0.02238,9823623337.786198
2026-09-06T22:01:08+00:00,Chainlink,LINK,12.92,9663838027,15,648416521,13.17,11.98,0.832036,6.99622,748099970.424884
2026-09-06T22:01:08+00:00,WhiteBIT Coin,WBT,73.74,8697618728,16,50948724,73.97,73.11,0.144224,0.19623,117956019.0
2026-09-06T22:01:08+00:00,LEO Token,LEO,9.34,8589247563,17,110228,9.35,9.22,0.05023,0.54029,919857851.9
2026-09-06T22:01:08+00:00,Cardano,ADA,0.221687,8314643648,18,381630777,0.223606,0.216306,0.00121122,0.55182,37504333228.36598
2026-09-06T22:01:08+00:00,Stellar,XLM,0.186267,6483051271,19,117162024,0.187637,0.182861,0.00117688,0.62981,34802056323.61594
2026-09-06T22:01:08+00:00,Bitcoin Cash,BCH,259.15,5205456335,20,152925079,264.82,254.31,1.39,0.51885,20085543.64665078
2026-09-06T22:01:08+00:00,Dai,DAI,0.999812,4601996908,21,232589376,1.0,0.999675,-0.000197649576047509,0.0021,4602789089.210408
2026-09-06T22:01:08+00:00,Uniswap,UNI,7.18,4472556881,22,933143408,7.48,6.87,0.03889591,0.57478,623212423.7271129
2026-09-06T22:01:08+00:00,Ethena USDe,USDE,0.999839,4370331001,23,28781880,1.0,0.99974,-0.000130301878826233,-0.01209,4370957124.431848
2026-09-06T22:01:08+00:00,Canton,CC,0.10998,4348278427,24,9162593,0.111318,0.108669,0.00093478,0.85161,39540975928.30765
2026-09-06T22:01:08+00:00,USD1,USD1,0.999648,4248606029,25,830064561,0.999826,0.999521,8.023e-05,0.00773,4250045903.844491
2026-09-06T22:01:08+00:00,Litecoin,LTC,54.61,4237070849,26,309677324,55.3,53.57,0.115521,0.2199,77578766.81782915
2026-09-06T22:01:08+00:00,Gram (prev. Toncoin),GRAM,1.43,3990039859,27,29935035,1.45,1.41,0.00239966,0.18164,2782268473.6068606
2026-09-06T22:01:08+00:00,Hedera,HBAR,0.08172,3581883036,28,55604800,0.082287,0.080092,0.00090936,1.09275,43831559704.72571
2026-09-06T22:01:08+00:00,Avalanche,AVAX,7.8,3368135126,29,223096265,7.83,7.57,0.183213,2.35871,431771961.1772119
2026-09-06T22:01:08+00:00,Sui,SUI,0.813624,3333681673,30,525322930,0.817369,0.78605,0.00947728,1.22149,4096537146.5409594
2026-09-06T22:01:08+00:00,Global Dollar,USDG,0.999996,3262023448,31,1612958226,1.0,0.99983,-0.000242683978960767,-0.02499,3261974582.731583
2026-09-06T22:01:08+00:00,Shiba Inu,SHIB,5.49e-06,3236991149,32,57534856,5.54e-06,5.38e-06,-1.169000732e-09,-0.01588,589239307782558.2
2026-09-06T22:01:08+00:00,NEAR Protocol,NEAR,2.47,3220845366,33,617707161,2.48,2.18,0.289012,13.26542,1305614481.0
2026-09-06T22:01:08+00:00,PayPal USD,PYUSD,0.999956,2935715363,34,63930861,1.0,0.999748,6.157e-05,0.00513,2935798963.4044766
2026-09-06T22:01:08+00:00,BlackRock USD Institutional Digital Liquidity Fund,BUIDL,1.0,2832282866,35,0.0,1.0,1.0,0.0,0.0,2832282865.800449
2026-09-06T22:01:08+00:00,Cronos,CRO,0.057677,2799453948,36,5010071,0.057738,0.056494,0.0010205,1.80649,48538428201.23364
2026-09-06T22:01:08+00:00,Tether Gold,XAUT,4414.83,2705567500,37,86727880,4427.65,4413.44,-12.659132513994336,-0.28428,612823.6595320001
2026-09-06T22:01:08+00:00,Circle USYC,USYC,1.14,2624340328,38,0.0,1.14,1.14,0.0,0.0,2308988052.650666
2026-09-06T22:01:08+00:00,MemeCore,M,1.13,2564234520,40,1667408,1.15,1.12,0.0029807,0.2849,2269852674.5366955
2026-09-06T22:01:08+00:00,Bittensor,TAO,266.99,2563414482,39,361418951,270.7,234.12,30.81,13.19149,9597491.0
2026-09-06T22:01:08+00:00,Ripple USD,RLUSD,1.0,2407247460,41,54307311,1.0,0.99982,5.516e-05,0.00804,2407151384.647233
2026-09-06T22:01:08+00:00,OKB,OKB,113.54,2383840719,42,27398953,115.96,112.24,0.151489,0.11005,21000000.0
2026-09-06T22:01:08+00:00,Ondo US Dollar Yield,USDY,1.14,2201616450,43,1655901,1.15,1.14,0.00015803,0.03543,1922537236.5446
2026-09-06T22:01:08+00:00,Aster,ASTER,0.785128,2119760871,44,235009951,0.809241,0.752274,-0.000274057350807322,-0.08645,2700010975.2797318
2026-09-06T22:01:08+00:00,Aave,AAVE,134.86,2080040738,45,244499188,139.93,132.54,0.308492,0.05896,15427281.473253135
2026-09-06T22:01:08+00:00,Mantle,MNT,0.604363,1995827267,46,23976881,0.610864,0.585068,0.01677738,2.86651,3302294382.53684
2026-09-06T22:01:08+00:00,PAX Gold,PAXG,4419.37,1911421715,47,48937828,4434.57,4418.8,-14.869648056243022,-0.33812,432503.322051
2026-09-06T22:01:08+00:00,Ondo,ONDO,0.382797,1864045805,48,104144477,0.381736,0.369709,0.00978763,2.62472,4869330647.0
2026-09-06T22:01:08+00:00,World Liberty Financial,WLFI,0.056649,1799915537,49,24725285,0.05757,0.056146,-0.000699810921990576,-1.2336,31777076254.0
2026-09-06T22:01:08+00:00,Ethena,ENA,0.176568,1782417773,50,770542509,0.188609,0.16882,0.00292962,1.90657,10095312500.0
2026-09-06T22:01:08+00:00,Morpho,MORPHO,2.59,1780477323,51,45968602,2.62,2.48,0.073943,2.9249,688679901.8339932
2026-09-06T22:01:08+00:00,Polkadot,DOT,0.982928,1672380290,52,168567674,0.990854,0.914721,0.058626,6.29629,1701550440.300523
2026-09-06T22:01:08+00:00,Sky,SKY,0.069732,1633343024,53,8963445,0.072065,0.069448,0.00023518,0.30187,23422964306.015312
2026-09-06T22:01:08+00:00,Pump.fun,PUMP,0.00401592,1586027337,54,249760537,0.00410983,0.00376438,5.466e-05,1.02346,395259536565.5872
2026-09-06T22:01:08+00:00,Worldcoin,WLD,0.423885,1541394036,55,171201517,0.424238,0.395616,0.02603481,6.57968,3636196826.002015
2026-09-06T22:01:08+00:00,Pepe,PEPE,3.64e-06,1531287841,56,186851291,3.69e-06,3.55e-06,-1.73199048e-09,-0.1615,420690000000000.0
2026-09-06T22:01:08+00:00,HTX DAO,HTX,1.68e-06,1512963732,57,30169054,1.69e-06,1.68e-06,-2.276309708e-09,-0.14761,898232728634017.2
2026-09-06T22:01:08+00:00,Internet Computer,ICP,2.71,1509700550,58,70772279,2.8,2.63,0.02111363,0.76157,556241159.4297398
2026-09-06T22:01:08+00:00,USDD,USDD,0.998847,1466533678,59,2144978,0.999743,0.997428,0.00132757,0.1218,1468202687.0
2026-09-06T22:01:08+00:00,Bitget Token,BGB,2.02,1415831966,60,9275514,2.05,1.99,-0.027373266052072243,-1.35493,699992029.6481038
2026-09-06T22:01:08+00:00,USDGO,USDGO,0.999916,1355337991,61,21749517,1.0,0.999832,-1.8392231242337e-05,0.00058,1355454412.77
2026-09-06T22:01:08+00:00,Falcon USD,USDF,0.996609,1339546948,62,206657,1.008,0.994368,-0.000124394032128716,-0.01085,1344083107.942925
2026-09-06T22:01:08+00:00,BFUSD,BFUSD,0.999417,1319251867,63,3585904,1.0,0.999173,-0.000595098548909156,-0.05789,1320000000.0
2026-09-06T22:01:08+00:00,United Stables,U,0.999391,1276737490,64,114134346,0.999542,0.999016,6.459e-05,-0.00132,1277499107.8
2026-09-06T22:01:08+00:00,Arbitrum,ARB,0.189712,1267071243,65,864193819,0.203584,0.170816,0.01748045,10.12815,6678075931.0
2026-09-06T22:01:08+00:00,Ethereum Classic,ETC,7.79,1231118738,66,47577127,7.86,7.64,-0.04508115596412221,-0.58493,158084533.4347712
2026-09-06T22:01:08+00:00,Spiko Amundi Overnight Swap Fund (EUR),EURSAFO,1.17,1228620260,67,0.0,1.18,1.18,-0.000368435310964088,-0.03135,1045687476.43203
2026-09-06T22:01:08+00:00,Bitway,BTW,0.444757,1204566981,68,9775329,0.465303,0.433434,-0.003539270367041158,-0.84463,2708142280.000001
2026-09-06T22:01:08+00:00,Lighter,LIT,4.48,1120769074,69,74125484,4.84,4.43,-0.31811959781955235,-6.63851,250000000.0
2026-09-06T22:01:08+00:00,Pi Network,PI,0.094833,1056503449,70,3840737,0.095897,0.094101,-0.000631964455811582,-0.65975,11141680597.248924
2026-09-06T22:01:08+00:00,POL (ex-MATIC),POL,0.098445,1054284321,71,72476989,0.100267,0.095567,0.00154439,1.57512,10709454818.56161
2026-09-06T22:01:08+00:00,KuCoin,KCS,7.12,976407377,72,2880966,7.3,7.08,-0.14754797175646228,-2.04446,137155021.2773955
2026-09-06T22:01:08+00:00,Quant,QNT,67.01,974221008,73,15691367,67.11,64.73,2.11,3.24492,14544176.164081175
2026-09-06T22:01:08+00:00,Gate,GT,9.13,973207852,74,2791012,9.51,9.0,-0.21753699271407712,-2.01642,106619027.15387751
2026-09-06T22:01:08+00:00,Blockchain Capital,BCAP,106.22,967888430,75,0.0,106.22,106.22,0.0,0.0,9112111.0
2026-09-06T22:01:08+00:00,Dash,DASH,71.22,913601887,76,431720074,78.31,65.21,3.28,4.94289,12828498.51542315
2026-09-06T22:01:08+00:00,JUST,JST,0.111427,912531520,77,19693350,0.113102,0.109776,0.00133734,1.21946,8188743036.341737
2026-09-06T22:01:08+00:00,Kaspa,KAS,0.03221601,892477062,78,10656749,0.03134985,0.03009138,0.00159919,5.33912,27683423155.231007
2026-09-06T22:01:08+00:00,Jupiter,JUP,0.266639,885283048,79,188975280,0.282272,0.218514,0.04443865,19.93436,3320312968.08
2026-09-06T22:01:08+00:00,Spiko EU T-Bills Money Market Fund,EUTBL,1.23,882282682,80,0.0,1.23,1.23,-0.000385311650328291,-0.03135,718027528.4955
2026-09-06T22:01:08+00:00,Algorand,ALGO,0.096418,871538258,81,31570590,0.09626,0.093765,0.00056329,0.597,9039201846.08349
2026-09-06T22:01:08+00:00,Cosmos Hub,ATOM,1.59,841453628,82,29980682,1.61,1.55,0.02874576,1.81696,529246743.354869
2026-09-06T22:01:08+00:00,NEXO,NEXO,0.832901,832968078,83,3028542,0.84318,0.827127,-0.006766618131921476,-0.79234,1000000000.0
2026-09-06T22:01:08+00:00,Venice Token,VVV,16.99,811825196,85,7992696,17.36,16.97,-0.24398417808017214,-1.44738,47773083.42641853
2026-09-06T22:01:08+00:00,Render,RENDER,1.56,811313982,84,63262296,1.56,1.46,0.088704,6.2292,518772101.28269154
2026-09-06T22:01:08+00:00,Janus Henderson Anemoy Treasury Fund,JTRSY,1.12,799656135,86,0.0,1.12,1.12,0.0,0.0,717141156.78007
2026-09-06T22:01:08+00:00,Invesco Short Duration US Government Securities Fund,USTB,11.2,775166436,87,0.0,11.2,11.2,0.0,0.0,69208217.773886
2026-09-06T22:01:08+00:00,​​Stable,STABLE,0.02809794,733166290,88,7672605,0.02863334,0.0277946,-0.000479540217474646,-1.72107,26085951303.0
2026-09-06T22:01:08+00:00,Janus Henderson Anemoy AAA CLO Fund,JAAA,1.048,710966727,89,0.0,1.048,1.048,0.0,0.0,678300455.183658
2026-09-06T22:01:08+00:00,PancakeSwap,CAKE,2.21,707750387,90,94656194,2.28,2.16,-0.04877418739824302,-2.18107,320777538.8316856
2026-09-06T22:01:08+00:00,GHO,GHO,0.998998,698310989,91,3045522,0.999305,0.998902,-0.000141222328250645,-0.0126,699000000.0
2026-09-06T22:01:08+00:00,Filecoin,FIL,0.807639,667874606,92,88015444,0.838778,0.781755,0.0124928,1.58598,826937045.0
2026-09-06T22:01:08+00:00,Beldex,BDX,0.07887,620604649,93,10568623,0.079259,0.07811,0.00010604,-0.24485,7870532556.371531
2026-09-06T22:01:08+00:00,Pons,PONS,0.862867,615343445,94,229983978,0.958428,0.777561,-0.07185067587061011,-7.54288,712104762.0614183
2026-09-06T22:01:08+00:00,VeChain,VET,0.00711475,611761852,95,6940584,0.00713985,0.00692123,0.00017196,2.47906,85985041177.0
2026-09-06T22:01:08+00:00,Official Trump,TRUMP,2.33,610864708,96,169185988,2.41,2.3,-0.05341694309045497,-2.2725,261880985.28763402
2026-09-06T22:01:08+00:00,Curve DAO,CRV,0.384832,598277302,97,75612223,0.390599,0.362401,0.00078993,0.18526,1554620310.0
2026-09-06T22:01:08+00:00,Flare,FLR,0.00672913,584203685,98,2987258,0.00680387,0.00659121,-1.403215763321e-05,-0.22554,86822083320.6386
2026-09-06T22:01:08+00:00,XDC Network,XDC,0.02809326,560420599,99,4749340,0.02831162,0.0278306,3.853e-05,0.13968,19946688440.0
2026-09-06T22:34:34+00:00,Bitcoin,BTC,79857,1603463445997,1,18805999684,80103,79426,18.65,0.02336,20080684.0
2026-09-06T22:34:34+00:00,Ethereum,ETH,2500.67,305130039470,2,9441382875,2521.39,2473.01,16.52,0.66496,122023857.56610575
2026-09-06T22:34:34+00:00,Tether,USDT,0.999977,183386693160,3,42940704447,1.0,0.999862,-6.5073964504725e-05,-0.00651,183392383062.09265
2026-09-06T22:34:34+00:00,BNB,BNB,749.58,99837429350,4,1230096476,770.58,740.53,-20.892444564315156,-2.71163,133161821.44
2026-09-06T22:34:34+00:00,XRP,XRP,1.42,88960224585,5,1455233842,1.43,1.4,0.00256244,0.18106,62744504852.0
2026-09-06T22:34:34+00:00,USDC,USDC,0.999952,74550446387,6,10440396211,1.0,0.999854,-4.7284569812955e-05,-0.00473,74554604278.51013
2026-09-06T22:34:34+00:00,Solana,SOL,105.65,61855172058,7,3710945489,107.22,103.09,2.24,2.16624,585444810.0716323
2026-09-06T22:34:34+00:00,TRON,TRX,0.335523,31853153910,8,237908562,0.336156,0.332923,0.00138645,0.41494,94935900212.59479
2026-09-06T22:34:34+00:00,Figure Heloc,FIGR_HELOC,1.055,23516084575,9,343538,0.0,0.0,-1.4885211587767e-05,-0.00141,22290650137.398
2026-09-06T22:34:34+00:00,Zcash,ZEC,1222.17,20675991039,9,1853120471,1249.28,1017.87,203.99,20.03495,16918228.2905448
2026-09-06T22:34:34+00:00,Hyperliquid,HYPE,87.07,19368530586,10,1417065947,89.6,84.94,1.55,1.81483,222445714.07414138
2026-09-06T22:34:34+00:00,Dogecoin,DOGE,0.090191,14048698649,11,915558562,0.091934,0.088179,-0.000115901628393922,-0.12834,155808616383.7052
2026-09-06T22:34:34+00:00,Rain,RAIN,0.01674049,11872286973,12,40529704,0.01727553,0.01670048,-0.000290596750638306,-1.70627,709207501274.4641
2026-09-06T22:34:34+00:00,Monero,XMR,542.62,10199559509,13,130789209,558.79,522.69,-11.041297263903061,-1.99423,18801203.79545965
2026-09-06T22:34:34+00:00,USDS,USDS,0.999893,9822982748,14,69250489,1.0,0.999445,0.00018317,0.01832,9823623337.786198
2026-09-06T22:34:34+00:00,Chainlink,LINK,12.92,9665759035,15,659040836,13.33,11.98,0.880859,7.31816,748099970.424884
2026-09-06T22:34:34+00:00,WhiteBIT Coin,WBT,73.6,8681485056,16,51691137,73.97,73.11,0.097764,0.13301,117956019.0
2026-09-06T22:34:34+00:00,LEO Token,LEO,9.37,8620613200,17,118377,9.35,9.22,0.086515,0.93176,919857851.9
2026-09-06T22:34:34+00:00,Cardano,ADA,0.221238,8297947804,18,380610641,0.223606,0.216306,0.00099233,0.45056,37510482444.2993
2026-09-06T22:34:34+00:00,Stellar,XLM,0.185781,6466796187,19,116440774,0.187637,0.182861,0.00108032,0.58491,34802056210.397415
2026-09-06T22:34:34+00:00,Bitcoin Cash,BCH,258.02,5183588665,20,145564627,264.82,254.31,-0.6483203027464128,-0.25064,20085543.64665078
2026-09-06T22:34:34+00:00,Dai,DAI,0.99994,4601583418,21,226812945,1.0,0.999675,0.00013034,0.01304,4602789089.210408
2026-09-06T22:34:34+00:00,Uniswap,UNI,7.16,4461298119,22,918195813,7.48,6.87,0.087737,1.24135,623212423.7271129
2026-09-06T22:34:34+00:00,Ethena USDe,USDE,0.999886,4370429380,23,28541629,1.0,0.99974,-0.000120675620806421,-0.01207,4370957124.431848
2026-09-06T22:34:34+00:00,Canton,CC,0.109143,4315515999,24,9178210,0.111633,0.108669,0.00032986,0.30315,39540975928.30765
2026-09-06T22:34:34+00:00,Litecoin,LTC,54.78,4249695717,25,291120044,55.11,53.57,-0.36145553397381747,-0.65555,77578766.81782915
2026-09-06T22:34:34+00:00,USD1,USD1,0.999643,4248365581,26,826387502,0.999826,0.999524,3.076e-05,0.00308,4250045903.844491
2026-09-06T22:34:34+00:00,Gram (prev. Toncoin),GRAM,1.43,3976499700,27,26567677,1.44,1.41,-0.005527865185785297,-0.38535,2782277622.563488
2026-09-06T22:34:34+00:00,Hedera,HBAR,0.081065,3553721044,28,53500247,0.082287,0.080092,0.00074799,0.93129,43831559704.72571
2026-09-06T22:34:34+00:00,Avalanche,AVAX,7.79,3362839649,29,232502909,7.86,7.57,0.177467,2.33197,431771961.1772119
2026-09-06T22:34:34+00:00,Sui,SUI,0.805653,3299617256,30,523230093,0.817369,0.78605,0.007075,0.88595,4096537146.5409594
2026-09-06T22:34:34+00:00,Global Dollar,USDG,1.0,3262059409,31,1594207212,1.0,0.99983,-0.000178074486895996,-0.0178,3261974582.731583
2026-09-06T22:34:34+00:00,Shiba Inu,SHIB,5.5e-06,3240069645,32,58073933,5.54e-06,5.38e-06,1.4301e-08,0.26061,589239307782558.2
2026-09-06T22:34:34+00:00,NEAR Protocol,NEAR,2.45,3203614206,33,608849320,2.49,2.18,0.263526,12.03015,1305614467.0
2026-09-06T22:34:34+00:00,PayPal USD,PYUSD,0.999959,2935691516,34,61513194,1.0,0.999748,1.331e-05,0.00133,2935798837.5544767
2026-09-06T22:34:34+00:00,BlackRock USD Institutional Digital Liquidity Fund,BUIDL,1.0,2832282866,35,0.0,1.0,1.0,0.0,0.0,2832282865.800449
2026-09-06T22:34:34+00:00,Cronos,CRO,0.057444,2787132509,36,5264349,0.057804,0.056494,0.00077796,1.37288,48538461643.801445
2026-09-06T22:34:34+00:00,Tether Gold,XAUT,4421.37,2709426786,37,92455079,4427.32,4413.27,-5.750542942357242,-0.12989,612823.6595320001
2026-09-06T22:34:34+00:00,Circle USYC,USYC,1.14,2624340328,38,0.0,1.14,1.14,0.0,0.0,2308988052.650666
2026-09-06T22:34:34+00:00,MemeCore,M,1.13,2561831686,39,1637467,1.15,1.12,-0.001451434067831769,-0.12835,2269868094.2548537
2026-09-06T22:34:34+00:00,Bittensor,TAO,262.43,2519687468,40,368979033,271.72,234.12,26.6,11.27846,9597491.0
2026-09-06T22:34:34+00:00,Ripple USD,RLUSD,1.0,2407307955,41,54727662,1.0,0.99982,0.00014071,0.01407,2407151384.647233
2026-09-06T22:34:34+00:00,OKB,OKB,113.05,2374138951,42,27283930,115.96,112.24,-0.07634114386868873,-0.06749,21000000.0
2026-09-06T22:34:34+00:00,Ondo US Dollar Yield,USDY,1.15,2201366318,43,551785,1.15,1.14,0.00487142,0.42725,1922537236.5446
2026-09-06T22:34:34+00:00,Aster,ASTER,0.786341,2124181084,44,227025869,0.809241,0.752274,0.00744782,0.95621,2700010975.2797318
2026-09-06T22:34:34+00:00,Aave,AAVE,134.31,2072449923,45,242182540,139.93,132.54,0.165847,0.12363,15427286.379460046
2026-09-06T22:34:34+00:00,Mantle,MNT,0.604281,1995456118,46,23694322,0.610864,0.585068,0.01764807,3.00836,3302294382.53684
2026-09-06T22:34:34+00:00,PAX Gold,PAXG,4425.29,1913811068,47,53864114,4433.14,4418.28,-7.680621208372941,-0.17326,432503.322051
2026-09-06T22:34:34+00:00,Ondo,ONDO,0.380831,1854088543,48,104074468,0.38534,0.369982,0.01016504,2.74237,4869330647.0
2026-09-06T22:34:34+00:00,World Liberty Financial,WLFI,0.05655,1796939207,49,24489267,0.05757,0.056146,-0.000794140230707292,-1.38486,31777076254.0
2026-09-06T22:34:34+00:00,Ethena,ENA,0.176245,1782002102,50,742965542,0.188609,0.16997,0.00515671,3.01406,10095312500.0
2026-09-06T22:34:34+00:00,Morpho,MORPHO,2.57,1770601921,51,45752509,2.62,2.48,0.059741,2.37876,688680943.7091143
2026-09-06T22:34:34+00:00,Polkadot,DOT,0.97182,1653587429,52,167901329,0.990854,0.914721,0.04656439,5.0326,1701550440.300523
2026-09-06T22:34:34+00:00,Sky,SKY,0.069465,1627407641,53,8893979,0.072065,0.069501,-0.000183652892835937,-0.26369,23422917154.077595
2026-09-06T22:34:34+00:00,Pump.fun,PUMP,0.00390169,1542341451,54,241351679,0.00410983,0.00376438,-3.0229468836482e-05,-0.76882,395259536565.5872
2026-09-06T22:34:34+00:00,Pepe,PEPE,3.62e-06,1523085187,55,186933329,3.69e-06,3.55e-06,-4.371211539e-09,-0.12061,420690000000000.0
2026-09-06T22:34:34+00:00,Worldcoin,WLD,0.416114,1512405176,57,175493529,0.42451,0.395616,0.0193742,4.88335,3636196826.002015
2026-09-06T22:34:34+00:00,HTX DAO,HTX,1.68e-06,1512256285,56,30378769,1.69e-06,1.68e-06,2.18594e-10,0.01299,898232728634017.2
2026-09-06T22:34:34+00:00,Internet Computer,ICP,2.7,1501461016,58,71137715,2.8,2.63,0.01107991,0.41213,556241159.4297398
2026-09-06T22:34:34+00:00,USDD,USDD,0.999697,1467763770,59,2342170,0.999753,0.997428,0.00212985,0.2135,1468202687.0
2026-09-06T22:34:34+00:00,Bitget Token,BGB,2.01,1409085121,60,9292880,2.05,1.99,-0.037254630919625775,-1.81705,699992029.6481038
2026-09-06T22:34:34+00:00,USDGO,USDGO,0.999902,1355290228,61,21173780,1.0,0.999832,-9.5342608361415e-05,-0.00953,1355454412.77
2026-09-06T22:34:34+00:00,Falcon USD,USDF,0.996627,1339539476,62,260661,1.008,0.994368,-0.00018045085474605,-0.0181,1344083107.942925
2026-09-06T22:34:34+00:00,BFUSD,BFUSD,0.999445,1319256448,63,3586373,1.0,0.999173,-0.00066522276276415,-0.06651,1320000000.0
2026-09-06T22:34:34+00:00,United Stables,U,0.999298,1276585355,64,114799734,0.999542,0.999016,8.041e-05,0.00805,1277499107.8
2026-09-06T22:34:34+00:00,Arbitrum,ARB,0.190078,1266885483,65,836542469,0.203584,0.176037,0.01027036,5.71187,6678075931.0
2026-09-06T22:34:34+00:00,Ethereum Classic,ETC,7.79,1231007001,66,47575507,7.86,7.64,-0.009930987957780246,-0.12736,158084533.4347712
2026-09-06T22:34:34+00:00,Spiko Amundi Overnight Swap Fund (EUR),EURSAFO,1.18,1228909902,67,0.0,1.18,1.17,-9.1448093550994e-05,-0.00778,1045687476.43203
2026-09-06T22:34:34+00:00,Bitway,BTW,0.445722,1208085058,68,9875236,0.465303,0.433434,-0.004043697155640846,-0.89907,2708142280.000001
2026-09-06T22:34:34+00:00,Lighter,LIT,4.48,1121937785,69,73060453,4.84,4.43,-0.2743635415056076,-5.76728,250000000.0
2026-09-06T22:34:34+00:00,Pi Network,PI,0.094658,1054728854,70,3835917,0.095897,0.094101,-0.001037451094947961,-1.08412,11141680597.248924
2026-09-06T22:34:34+00:00,POL (ex-MATIC),POL,0.097896,1048817922,71,68292810,0.100267,0.095567,0.00100459,1.03682,10709454818.56161
2026-09-06T22:34:34+00:00,KuCoin,KCS,7.11,975805883,72,2896648,7.3,7.08,-0.10640046913182832,-1.4738,137155021.2773955
2026-09-06T22:34:34+00:00,Gate,GT,9.13,973714635,73,2795581,9.51,9.0,-0.14817947173234636,-1.59649,106619027.15387751
2026-09-06T22:34:34+00:00,Quant,QNT,66.67,969406251,74,15756063,67.11,64.82,1.79,2.76162,14544176.164081175
2026-09-06T22:34:34+00:00,Blockchain Capital,BCAP,106.22,967888430,75,0.0,106.22,106.22,1.4211e-14,0.0,9112111.0
2026-09-06T22:34:34+00:00,JUST,JST,0.111192,910542865,76,19386524,0.113102,0.11008,0.00134452,1.22399,8188743036.341737
2026-09-06T22:34:34+00:00,Dash,DASH,70.56,904502331,77,426943035,78.31,65.21,3.36,4.99947,12828507.96716058
2026-09-06T22:34:34+00:00,Kaspa,KAS,0.03197144,885012154,78,10995779,0.0323911,0.03009138,0.00139702,4.56925,27683423155.231007
2026-09-06T22:34:34+00:00,Jupiter,JUP,0.265886,882760241,79,188463378,0.282272,0.218514,0.04521199,20.48816,3320312968.08
2026-09-06T22:34:34+00:00,Spiko EU T-Bills Money Market Fund,EUTBL,1.23,882490677,80,0.0,1.23,1.23,-9.563691317549e-05,-0.00778,718027528.4955
2026-09-06T22:34:34+00:00,Algorand,ALGO,0.095408,862703614,81,31099415,0.096465,0.093765,-3.5359794760242e-05,-0.03705,9039201846.08349
2026-09-06T22:34:34+00:00,Cosmos Hub,ATOM,1.58,837638388,82,29613195,1.61,1.55,0.02516635,1.61455,529246743.354869
2026-09-06T22:34:34+00:00,NEXO,NEXO,0.832803,832438409,83,2621377,0.84318,0.827127,-0.003436276947704764,-0.41092,1000000000.0
2026-09-06T22:34:34+00:00,Venice Token,VVV,17.02,813301537,84,8162179,17.36,16.97,-0.22545822003434068,-1.30745,47773083.42641853
2026-09-06T22:34:34+00:00,Render,RENDER,1.55,803838581,85,62278508,1.57,1.46,0.082731,5.63992,518772101.28269154
2026-09-06T22:34:34+00:00,Janus Henderson Anemoy Treasury Fund,JTRSY,1.12,799656135,86,0.0,1.12,1.12,0.0,0.0,717141156.78007
2026-09-06T22:34:34+00:00,Invesco Short Duration US Government Securities Fund,USTB,11.2,775166436,87,0.0,11.2,11.2,0.0,0.0,69208217.773886
2026-09-06T22:34:34+00:00,​​Stable,STABLE,0.02814578,733988773,88,7766183,0.02863334,0.0277946,-0.000411922814270011,-1.44242,26086402606.0
2026-09-06T22:34:34+00:00,Janus Henderson Anemoy AAA CLO Fund,JAAA,1.048,710966727,89,0.0,1.048,1.048,0.0,0.0,678300455.183658
2026-09-06T22:34:34+00:00,PancakeSwap,CAKE,2.21,708222387,90,94218074,2.28,2.16,-0.05204212776796302,-2.30288,320777538.8316856
2026-09-06T22:34:34+00:00,GHO,GHO,0.999022,698310550,91,2819115,0.999305,0.998902,-0.000107994083728968,-0.01081,699000000.0
2026-09-06T22:34:34+00:00,Filecoin,FIL,0.802462,663758686,92,87684582,0.838778,0.781755,0.01035348,1.30708,826937440.0
2026-09-06T22:34:34+00:00,Beldex,BDX,0.07881,620395889,93,10594899,0.079259,0.07811,-3.1744897254105e-05,-0.04026,7870532843.724598
2026-09-06T22:34:34+00:00,VeChain,VET,0.00705409,606396433,94,6821903,0.00713985,0.00692123,0.00011023,1.5875,85985041177.0
2026-09-06T22:34:34+00:00,Official Trump,TRUMP,2.31,604736477,95,169500830,2.41,2.3,-0.060839310272488234,-2.56614,261880985.28763402
2026-09-06T22:34:34+00:00,Curve DAO,CRV,0.381822,593850334,96,73795644,0.390599,0.362401,-0.001207299204597445,-0.3152,1554620310.0
2026-09-06T22:34:34+00:00,Pons,PONS,0.824118,587230346,97,221667710,0.958428,0.777561,-0.09043494206416869,-9.88843,712104762.0614183
2026-09-06T22:34:34+00:00,Flare,FLR,0.00669823,581490720,98,2946752,0.00680387,0.00659121,-3.4843456663551e-05,-0.5175,86822083320.6386
2026-09-06T22:34:34+00:00,XDC Network,XDC,0.02811505,560526752,99,4749574,0.02831162,0.0278306,7.046e-05,0.25123,19946688440.0
2026-09-06T23:01:02+00:00,Bitcoin,BTC,80036,1606948943960,1,18988017634,80103,79426,254.69,0.29811,20080684.0
2026-09-06T23:01:02+00:00,Ethereum,ETH,2507.64,305980043687,2,9606651359,2521.39,2473.01,26.65,1.0658,122023857.56610575
2026-09-06T23:01:02+00:00,Tether,USDT,0.999949,183385499713,3,43324552802,1.0,0.999862,-9.3385244678501e-05,-0.0107,183392383062.09265
2026-09-06T23:01:02+00:00,BNB,BNB,751.38,100045526612,4,1235638545,770.58,740.53,-19.17851315037035,-2.53123,133161807.71
2026-09-06T23:01:02+00:00,XRP,XRP,1.42,89009320702,5,1469644202,1.43,1.4,0.00445899,0.28384,62744504852.0
2026-09-06T23:01:02+00:00,USDC,USDC,0.999916,74549376244,6,5046094093868,1.0,0.999854,-7.5719319724277e-05,-0.00941,74554604278.51013
2026-09-06T23:01:02+00:00,Solana,SOL,105.85,61959184555,7,3771365165,107.22,103.09,2.47,2.34898,585444790.3465847
2026-09-06T23:01:02+00:00,TRON,TRX,0.335417,31844045027,8,239900835,0.336156,0.332923,0.00152427,0.45103,94935900212.59479
2026-09-06T23:01:02+00:00,Figure Heloc,FIGR_HELOC,1.055,23516084575,9,343538,0.0,0.0,0.0,0.0,22290650137.398
2026-09-06T23:01:02+00:00,Zcash,ZEC,1230.12,20800489644,9,1884927551,1249.28,1017.87,210.9,20.59126,16918228.2905448
2026-09-06T23:01:02+00:00,Hyperliquid,HYPE,87.32,19426105050,10,1446446499,89.6,84.94,1.97,2.29595,222445714.07414138
2026-09-06T23:01:02+00:00,Dogecoin,DOGE,0.090269,14063276403,11,917675927,0.091934,0.088179,0.00017026,0.18646,155808616383.7052
2026-09-06T23:01:02+00:00,Rain,RAIN,0.01677065,11896470528,12,28721728,0.01727553,0.01670048,-0.000212385861499749,-1.24791,709207501274.4641
2026-09-06T23:01:02+00:00,Monero,XMR,539.19,10141941537,13,129718429,558.79,522.69,-15.712137307891908,-2.78407,18801236.19445068
2026-09-06T23:01:02+00:00,USDS,USDS,0.999914,9824243212,14,70329229,1.0,0.999445,0.00011304,0.01438,9824951670.541523
2026-09-06T23:01:02+00:00,Chainlink,LINK,13.05,9760198730,15,675161778,13.33,11.98,1.043,8.65269,748099970.424884
2026-09-06T23:01:02+00:00,WhiteBIT Coin,WBT,73.7,8693208590,16,52233531,73.97,73.11,0.258017,0.34365,117956019.0
2026-09-06T23:01:02+00:00,LEO Token,LEO,9.37,8615121718,17,118941,9.35,9.22,0.088638,0.95622,919857851.9
2026-09-06T23:01:02+00:00,Cardano,ADA,0.221253,8297276736,18,382070153,0.223606,0.216306,0.00173009,0.73502,37510482444.2993
2026-09-06T23:01:02+00:00,Stellar,XLM,0.185412,6453158592,19,116636497,0.187637,0.182861,0.00079594,0.40877,34802056012.865486
2026-09-06T23:01:02+00:00,Bitcoin Cash,BCH,258.69,5194944331,20,146111371,264.82,254.31,1.53,0.56285,20085568.64665078
2026-09-06T23:01:02+00:00,Dai,DAI,0.999817,4601120349,21,227070750,1.0,0.999675,-9.1283417115284e-05,-0.00117,4601906919.782094
2026-09-06T23:01:02+00:00,Uniswap,UNI,7.16,4463802511,22,920109822,7.48,6.87,0.075291,1.05512,623212423.7271129
2026-09-06T23:01:02+00:00,Ethena USDe,USDE,0.999843,4370334031,23,29641726,1.0,0.99974,-0.00015055542410336,-0.01652,4370957124.431848
2026-09-06T23:01:02+00:00,Canton,CC,0.109164,4316730146,24,9441130,0.111633,0.108669,0.00039746,0.38326,39541773363.24378
2026-09-06T23:01:02+00:00,USD1,USD1,0.999617,4248481798,25,835748021,0.999826,0.999524,-4.701883738123e-05,-0.00588,4250045903.844491
2026-09-06T23:01:02+00:00,Litecoin,LTC,54.65,4238617507,26,291450516,55.11,53.57,-0.17754085313469403,-0.43551,77578766.81782915
2026-09-06T23:01:02+00:00,Gram (prev. Toncoin),GRAM,1.43,3977566387,27,26531069,1.44,1.41,-0.003964167726319801,-0.27349,2782289352.174283
2026-09-06T23:01:02+00:00,Hedera,HBAR,0.081218,3560038516,28,54521175,0.082287,0.080092,0.00088789,1.13563,43831559704.768745
2026-09-06T23:01:02+00:00,Avalanche,AVAX,7.82,3375798104,29,237884050,7.86,7.57,0.216471,2.81117,431771961.1772119
2026-09-06T23:01:02+00:00,Sui,SUI,0.805306,3298935469,30,527665640,0.817369,0.78605,0.00679967,0.8546,4096537146.5409594
2026-09-06T23:01:02+00:00,Global Dollar,USDG,1.0,3262160013,31,1600122572,1.0,0.99983,-9.8318595820102e-05,-0.01105,3261952777.690591
2026-09-06T23:01:02+00:00,Shiba Inu,SHIB,5.5e-06,3243551561,32,58364104,5.54e-06,5.38e-06,1.9434e-08,0.37855,589239307782558.2
2026-09-06T23:01:02+00:00,NEAR Protocol,NEAR,2.44,3179817575,33,608126492,2.49,2.18,0.24966,11.47095,1305614452.0
2026-09-06T23:01:02+00:00,PayPal USD,PYUSD,0.999943,2935671841,34,60568138,1.0,0.999748,-5.9301502415954e-05,-0.00499,2935798963.4044766
2026-09-06T23:01:02+00:00,BlackRock USD Institutional Digital Liquidity Fund,BUIDL,1.0,2832282866,35,0.0,1.0,1.0,0.0,0.0,2832282865.800449
2026-09-06T23:01:02+00:00,Cronos,CRO,0.057454,2788473640,36,4987835,0.057804,0.056494,0.00070868,1.24021,48538506557.45434
2026-09-06T23:01:02+00:00,Tether Gold,XAUT,4423.32,2710847262,37,93373842,4427.32,4413.27,-3.4491927434382887,-0.07725,612823.6595320001
2026-09-06T23:01:02+00:00,Circle USYC,USYC,1.14,2624340328,38,0.0,1.14,1.14,0.0,0.0,2308988052.650666
2026-09-06T23:01:02+00:00,MemeCore,M,1.13,2561859893,39,1707426,1.15,1.12,-0.00339868746362737,-0.29205,2269883513.9736056
2026-09-06T23:01:02+00:00,Bittensor,TAO,260.88,2504651778,40,370057867,271.72,234.12,25.04,10.67361,9597491.0
2026-09-06T23:01:02+00:00,Ripple USD,RLUSD,1.0,2407273291,41,59235678,1.0,0.99982,6.515e-05,0.00476,2407151384.647234
2026-09-06T23:01:02+00:00,OKB,OKB,113.22,2377394960,42,27254733,115.96,112.24,-0.021175968015441526,-0.02723,21000000.0
2026-09-06T23:01:02+00:00,Ondo US Dollar Yield,USDY,1.15,2201377855,43,603988,1.15,1.14,-1.1515499515058e-05,-0.00142,1922537236.5446
2026-09-06T23:01:02+00:00,Aster,ASTER,0.786298,2123382013,44,229440851,0.809241,0.752274,0.00063281,0.03788,2700010975.2797318
2026-09-06T23:01:02+00:00,Aave,AAVE,134.27,2071338699,45,242493277,139.93,132.54,-1.0637584022653073,-0.74029,15427286.379460046
2026-09-06T23:01:02+00:00,Mantle,MNT,0.604174,1995936605,46,23715333,0.610864,0.585068,0.0174532,3.0176,3302294382.53684
2026-09-06T23:01:02+00:00,PAX Gold,PAXG,4427.27,1914762581,47,54371433,4433.14,4418.28,-5.617935560789192,-0.1309,432503.322051
2026-09-06T23:01:02+00:00,Ondo,ONDO,0.383264,1865953243,48,105199292,0.38534,0.369982,0.01303778,3.51831,4869330647.0
2026-09-06T23:01:02+00:00,World Liberty Financial,WLFI,0.056619,1799155191,49,24340926,0.05757,0.056146,-0.000634217355689408,-1.09777,31777076254.0
2026-09-06T23:01:02+00:00,Morpho,MORPHO,2.57,1769660225,50,45843618,2.62,2.48,0.058109,2.31639,688681985.5842353
2026-09-06T23:01:02+00:00,Ethena,ENA,0.175128,1768763504,51,731565813,0.188609,0.16997,0.00515743,3.02107,10095312500.0
2026-09-06T23:01:02+00:00,Polkadot,DOT,0.975019,1658174749,52,169342328,0.990854,0.914721,0.05426,5.88468,1701556182.743853
2026-09-06T23:01:02+00:00,Sky,SKY,0.069491,1628088916,53,8609565,0.072065,0.069501,-0.000992654937302981,-1.40889,23422917154.077595
2026-09-06T23:01:02+00:00,Pump.fun,PUMP,0.00395886,1564307163,54,243521411,0.00410983,0.00376438,5.99e-06,0.0744,395252956568.1602
2026-09-06T23:01:02+00:00,Pepe,PEPE,3.62e-06,1524092015,55,186067982,3.69e-06,3.55e-06,-1.794001786e-09,-0.0734,420690000000000.0
2026-09-06T23:01:02+00:00,Worldcoin,WLD,0.416445,1514130537,56,176059688,0.42451,0.395616,0.01991236,5.0409,3636198449.2607374
2026-09-06T23:01:02+00:00,HTX DAO,HTX,1.68e-06,1511585457,57,29278183,1.69e-06,1.68e-06,1.36941e-10,0.05465,898232728634017.2
2026-09-06T23:01:02+00:00,Internet Computer,ICP,2.71,1505027239,58,71335019,2.8,2.63,0.0212952,0.77503,556241179.9665328
2026-09-06T23:01:02+00:00,USDD,USDD,0.999679,1467754993,59,2354058,0.999753,0.997428,0.00211467,0.20993,1468202687.0
2026-09-06T23:01:02+00:00,Bitget Token,BGB,2.01,1409301372,60,9167820,2.05,1.99,-0.03578618627060415,-1.75477,699992029.6481038
2026-09-06T23:01:02+00:00,USDGO,USDGO,0.999915,1355285462,61,20661921,1.0,0.999832,-7.6839279767094e-05,-0.01062,1355454412.77
2026-09-06T23:01:02+00:00,Falcon USD,USDF,0.996522,1339427107,62,210018,1.008,0.994368,-0.00026608977306275,-0.02828,1344083107.942925
2026-09-06T23:01:02+00:00,BFUSD,BFUSD,0.999416,1319247449,63,3595841,1.0,0.999173,-0.000594793051101328,-0.06103,1320000000.0
2026-09-06T23:01:02+00:00,United Stables,U,0.999281,1276593541,64,115678171,0.999542,0.999016,8.048e-05,0.00947,1277499107.8
2026-09-06T23:01:02+00:00,Arbitrum,ARB,0.189701,1266856829,65,816717186,0.203584,0.176037,0.01051221,5.86126,6678075931.0
2026-09-06T23:01:02+00:00,Ethereum Classic,ETC,7.8,1233528985,66,47705891,7.86,7.64,0.01808793,0.26142,158085052.6027712
2026-09-06T23:01:02+00:00,Spiko Amundi Overnight Swap Fund (EUR),EURSAFO,1.18,1228974127,67,0.0,1.18,1.17,-3.002930150986e-05,-0.00256,1045687476.43203
2026-09-06T23:01:02+00:00,Bitway,BTW,0.446118,1208061747,68,10019052,0.465303,0.433434,-0.010764767023878685,-2.28723,2708142280.000001
2026-09-06T23:01:02+00:00,Lighter,LIT,4.55,1137456941,69,75584827,4.84,4.43,-0.1812692282926225,-3.97992,250000000.0
2026-09-06T23:01:02+00:00,Pi Network,PI,0.094524,1053430570,70,3838951,0.095897,0.094101,-0.001081891726069567,-1.10155,11141680597.248924
2026-09-06T23:01:02+00:00,POL (ex-MATIC),POL,0.097821,1047641883,71,68217776,0.100267,0.095567,0.00101553,1.05125,10709454818.56161
2026-09-06T23:01:02+00:00,Gate,GT,9.17,977495319,72,2810641,9.51,9.0,-0.10895223015310584,-1.22605,106619070.74881661
2026-09-06T23:01:02+00:00,KuCoin,KCS,7.11,975785991,73,2904839,7.3,7.08,-0.11862904244288597,-1.65422,137155021.2773955
2026-09-06T23:01:02+00:00,Quant,QNT,66.73,970214886,74,16031849,67.11,64.82,1.77,2.68116,14544176.164081175
2026-09-06T23:01:02+00:00,Blockchain Capital,BCAP,106.22,967888430,75,0.0,106.22,106.22,0.0,0.0,9112111.0
2026-09-06T23:01:02+00:00,Dash,DASH,71.09,912181959,76,422548836,78.31,65.21,3.83,5.79396,12828507.96716058
2026-09-06T23:01:02+00:00,JUST,JST,0.111146,910132848,77,19091592,0.113102,0.11008,0.000755,0.6944,8188743036.341737
2026-09-06T23:01:02+00:00,Jupiter,JUP,0.267208,887352546,78,206252664,0.282272,0.218514,0.04613385,20.85945,3320312968.08
2026-09-06T23:01:02+00:00,Kaspa,KAS,0.03202508,886522594,79,11023675,0.0323911,0.03009138,0.00146428,4.82519,27683423155.231007
2026-09-06T23:01:02+00:00,Spiko EU T-Bills Money Market Fund,EUTBL,1.23,882536797,80,0.0,1.23,1.23,-3.1404806701607e-05,-0.00256,718027528.4955
2026-09-06T23:01:02+00:00,Algorand,ALGO,0.095789,865876043,81,31481858,0.096465,0.093765,0.00070498,0.75511,9039201846.08349
2026-09-06T23:01:02+00:00,Cosmos Hub,ATOM,1.59,840127940,82,29540143,1.61,1.55,0.02717462,1.74708,529246743.354869
2026-09-06T23:01:02+00:00,NEXO,NEXO,0.83474,834679567,83,2158376,0.84318,0.827127,-0.003526922016275025,-0.55493,1000000000.0
2026-09-06T23:01:02+00:00,Venice Token,VVV,17.08,816167911,84,8118119,17.36,16.97,-0.1539322328109094,-0.88235,47773378.32748392
2026-09-06T23:01:02+00:00,Render,RENDER,1.55,803992582,85,63750419,1.57,1.46,0.085153,5.80942,518772101.28269154
2026-09-06T23:01:02+00:00,Janus Henderson Anemoy Treasury Fund,JTRSY,1.12,799656135,86,0.0,1.12,1.12,0.0,0.0,717141156.78007
2026-09-06T23:01:02+00:00,Invesco Short Duration US Government Securities Fund,USTB,11.2,775166436,87,0.0,11.2,11.2,0.0,0.0,69208217.773886
2026-09-06T23:01:02+00:00,​​Stable,STABLE,0.02810056,733256220,88,7824449,0.02863334,0.0277946,-0.000441323516044992,-1.49978,26086733196.0
2026-09-06T23:01:02+00:00,Janus Henderson Anemoy AAA CLO Fund,JAAA,1.048,710966727,89,0.0,1.048,1.048,0.0,0.0,678300455.183658
2026-09-06T23:01:02+00:00,PancakeSwap,CAKE,2.22,710520008,90,94533558,2.28,2.16,-0.05313276893706931,-2.35489,320777538.8316856
2026-09-06T23:01:02+00:00,GHO,GHO,0.999159,698421721,91,2867342,0.999305,0.998902,5.093e-05,0.00346,699000000.0
2026-09-06T23:01:02+00:00,Filecoin,FIL,0.804035,665054169,92,88819103,0.838778,0.781755,0.01218546,1.56465,826939587.0
2026-09-06T23:01:02+00:00,Beldex,BDX,0.078727,619583402,93,11344146,0.079259,0.07811,-0.000162121046810321,-0.216,7870533230.754631
2026-09-06T23:01:02+00:00,VeChain,VET,0.00704967,606017248,94,6596666,0.00713985,0.00692123,7.201e-05,1.03462,85985041177.0
2026-09-06T23:01:02+00:00,Official Trump,TRUMP,2.31,605666889,95,170348970,2.41,2.3,-0.05711980118983018,-2.43511,261880985.28763402
2026-09-06T23:01:02+00:00,Curve DAO,CRV,0.380897,592335750,96,73435699,0.390599,0.362401,-0.000891027548710954,-0.2006,1554622201.0
2026-09-06T23:01:02+00:00,Flare,FLR,0.00670385,582065149,97,2928684,0.00680387,0.00659121,-2.0529536927505e-05,-0.31088,86822083320.6386
2026-09-06T23:01:02+00:00,Pons,PONS,0.814959,579773730,98,220385874,0.958428,0.777561,-0.10441472170438582,-11.42299,712104762.0614183
2026-09-06T23:01:02+00:00,XDC Network,XDC,0.0281156,560763697,99,4770555,0.02831162,0.0278306,0.0001028,0.31596,19946688440.0
2026-09-07T00:01:07+00:00,Bitcoin,BTC,80351,1613418170335,1,19686286346,80103,79426,529.71,0.66946,20080684.0
2026-09-07T00:01:07+00:00,Ethereum,ETH,2514.68,306840815494,2,10006026034,2521.39,2473.01,34.68,1.39871,122023857.56610575
2026-09-07T00:01:07+00:00,Tether,USDT,0.999958,183401642143,3,44476941103,1.0,0.999862,-0.000106594828108264,-0.0111,183410739312.7418
2026-09-07T00:01:07+00:00,BNB,BNB,752.5,100201264678,4,1215406657,768.76,740.53,-13.906326608404697,-1.80518,133161803.1
2026-09-07T00:01:07+00:00,XRP,XRP,1.42,89247246813,5,1462135581,1.43,1.4,0.01032899,0.73253,62744504852.0
2026-09-07T00:01:07+00:00,USDC,USDC,0.999928,74547609878,6,5046515008028,1.0,0.999854,-7.820663582836e-05,-0.00744,74553464022.17307
2026-09-07T00:01:07+00:00,Solana,SOL,106.48,62324932812,7,3862852675,107.22,103.17,3.31,3.21414,585444753.6929723
2026-09-07T00:01:07+00:00,TRON,TRX,0.335218,31826342299,8,242943763,0.336156,0.332923,0.0014137,0.42779,94935900212.59479
2026-09-07T00:01:07+00:00,Figure Heloc,FIGR_HELOC,1.055,23516084575,9,343538,0.0,0.0,,,22290650137.398
2026-09-07T00:01:07+00:00,Zcash,ZEC,1227.96,20762459511,9,1920914598,1249.28,1023.56,202.03,19.61497,16918228.2905448
2026-09-07T00:01:07+00:00,Hyperliquid,HYPE,87.91,19549077901,10,1485295733,89.6,84.94,2.5,2.90517,222445714.07414138
2026-09-07T00:01:07+00:00,Dogecoin,DOGE,0.090835,14150511293,11,909841912,0.091934,0.088179,0.00114394,1.28852,155809206383.70526
2026-09-07T00:01:07+00:00,Rain,RAIN,0.01672652,11862461523,12,28520980,0.01727553,0.01670048,-0.000218360183298408,-1.35459,709207501620.4641
2026-09-07T00:01:07+00:00,Monero,XMR,539.28,10129177995,13,127239937,558.79,522.69,-16.392417795470692,-3.02656,18801252.39445068
2026-09-07T00:01:07+00:00,Chainlink,LINK,13.24,9901415073,14,706877298,13.33,12.05,1.19,9.86656,748099970.424884
2026-09-07T00:01:07+00:00,USDS,USDS,0.999878,9823688757,15,73091083,1.0,0.999445,9.907e-05,0.01917,9824951670.541523
2026-09-07T00:01:07+00:00,WhiteBIT Coin,WBT,73.95,8729288153,16,55709268,73.97,73.11,0.506652,0.7284,117956019.0
2026-09-07T00:01:07+00:00,LEO Token,LEO,9.35,8603895831,17,121750,9.37,9.22,0.076411,0.8239,919857851.9
2026-09-07T00:01:07+00:00,Cardano,ADA,0.223223,8372887057,18,385485971,0.223606,0.216306,0.00494818,2.263,37510482444.2993
2026-09-07T00:01:07+00:00,Stellar,XLM,0.186823,6495196178,19,118331363,0.187637,0.182861,0.00286538,1.431,34802055706.08729
2026-09-07T00:01:07+00:00,Bitcoin Cash,BCH,260.75,5237506186,20,149029636,264.82,254.31,4.46,1.70314,20085596.77165078
2026-09-07T00:01:07+00:00,Dai,DAI,1.0,4601929892,21,234553657,1.0,0.999675,8.792e-05,-0.00033,4601834854.022661
2026-09-07T00:01:07+00:00,Uniswap,UNI,7.24,4512739755,22,911349514,7.48,6.87,0.194649,2.7003,623212423.7271129
2026-09-07T00:01:07+00:00,Canton,CC,0.11057,4371846143,23,9953019,0.111633,0.108669,0.00155798,1.39242,39541773363.24378
2026-09-07T00:01:07+00:00,Ethena USDe,USDE,0.999823,4370366362,24,28940096,0.999996,0.99974,-0.000138564441498623,-0.0141,4371157132.399847
2026-09-07T00:01:07+00:00,Litecoin,LTC,54.93,4260877896,25,294485588,55.11,53.57,0.241072,0.45296,77579279.318657
2026-09-07T00:01:07+00:00,USD1,USD1,0.999715,4248780356,26,846765278,0.999826,0.999524,0.00014316,0.01152,4250045903.844491
2026-09-07T00:01:07+00:00,Gram (prev. Toncoin),GRAM,1.43,3987287475,27,26036372,1.44,1.41,0.00203867,0.13007,2782314974.479112
2026-09-07T00:01:07+00:00,Hedera,HBAR,0.081591,3576051585,28,52515749,0.082287,0.08021,0.00137653,1.70731,43831559704.81164
2026-09-07T00:01:07+00:00,Avalanche,AVAX,7.9,3412123051,29,252172549,7.86,7.57,0.310548,4.10877,431771961.1772119
2026-09-07T00:01:07+00:00,Sui,SUI,0.810586,3319461114,30,529902162,0.817369,0.78605,0.01564334,1.89017,4096537146.5409594
2026-09-07T00:01:07+00:00,Global Dollar,USDG,1.0,3262149960,31,1604329167,1.0,0.99983,-8.3359539078343e-05,-0.00739,3261952777.690591
2026-09-07T00:01:07+00:00,Shiba Inu,SHIB,5.53e-06,3255743562,32,58153863,5.54e-06,5.38e-06,6.2343e-08,1.16078,589239307782558.2
2026-09-07T00:01:07+00:00,NEAR Protocol,NEAR,2.43,3177552259,33,565576994,2.49,2.18,0.241591,11.10943,1305614426.0
2026-09-07T00:01:07+00:00,PayPal USD,PYUSD,0.999958,2935654390,34,56505165,1.0,0.999748,-5.9912915004845e-05,-0.00269,2935798963.4044766
2026-09-07T00:01:07+00:00,BlackRock USD Institutional Digital Liquidity Fund,BUIDL,1.0,2832282866,35,0.0,1.0,1.0,0.0,0.0,2832282865.800449
2026-09-07T00:01:07+00:00,Cronos,CRO,0.057622,2797148206,36,5005061,0.057804,0.056494,0.00095012,1.65675,48538599795.10229
2026-09-07T00:01:07+00:00,Tether Gold,XAUT,4416.48,2706029237,37,96040092,4427.32,4410.7,-10.039801213065402,-0.24204,612823.6595320001
2026-09-07T00:01:07+00:00,Circle USYC,USYC,1.14,2624340328,38,0.0,1.14,1.14,0.0,0.0,2308988052.650666
2026-09-07T00:01:07+00:00,MemeCore,M,1.13,2561028680,39,1637680,1.15,1.12,-0.001837930803017862,-0.17416,2269883513.9736056
2026-09-07T00:01:07+00:00,Bittensor,TAO,265.62,2547322916,40,353409534,271.72,234.12,29.44,12.38882,9597491.0
2026-09-07T00:01:07+00:00,Ripple USD,RLUSD,1.0,2407233028,41,60907656,1.0,0.99982,0.00012494,0.01032,2407151384.647234
2026-09-07T00:01:07+00:00,OKB,OKB,113.99,2393461450,42,28026402,115.96,112.24,0.60086,0.52091,21000000.0
2026-09-07T00:01:07+00:00,Ondo US Dollar Yield,USDY,1.15,2201292503,43,561006,1.15,1.14,-3.015097864556e-05,-0.00285,1922537236.5446
2026-09-07T00:01:07+00:00,Aster,ASTER,0.786657,2123931578,44,232086877,0.809241,0.752274,0.01012467,1.31525,2700010975.2797318
2026-09-07T00:01:07+00:00,Aave,AAVE,136.64,2107027746,45,252597111,139.93,132.54,2.22,1.5969,15427286.379460046
2026-09-07T00:01:07+00:00,Mantle,MNT,0.608551,2009505015,46,22943502,0.610864,0.585068,0.02070791,3.48692,3302294382.53684
2026-09-07T00:01:07+00:00,PAX Gold,PAXG,4420.85,1911938817,47,61187110,4433.14,4417.09,-11.316597043845832,-0.26312,432503.322051
2026-09-07T00:01:07+00:00,Ondo,ONDO,0.386958,1883557109,48,110061316,0.38534,0.370165,0.01664829,4.4291,4869330647.0
2026-09-07T00:01:07+00:00,World Liberty Financial,WLFI,0.056818,1805107132,49,24806060,0.05757,0.056146,-0.000334577406752384,-0.59438,31777076254.0
2026-09-07T00:01:07+00:00,Morpho,MORPHO,2.61,1795726183,50,46090418,2.62,2.49,0.119518,4.77582,688684721.7396977
2026-09-07T00:01:07+00:00,Ethena,ENA,0.176012,1776439102,51,715146167,0.188609,0.170942,0.00407892,2.53631,10095312500.0
2026-09-07T00:01:07+00:00,Polkadot,DOT,0.976954,1661570536,52,170694813,0.990854,0.914951,0.06162,6.6738,1701556182.743853
2026-09-07T00:01:07+00:00,Sky,SKY,0.070056,1640615737,53,7395391,0.072065,0.069276,-0.000510862867181466,-0.84742,23422869883.82094
2026-09-07T00:01:07+00:00,Pump.fun,PUMP,0.00401503,1587004864,54,243465032,0.00410983,0.00376438,0.00017373,4.51538,395247302759.1893
2026-09-07T00:01:07+00:00,Pepe,PEPE,3.65e-06,1536309611,55,188153491,3.69e-06,3.55e-06,4.4783e-08,1.16965,420690000000000.0
2026-09-07T00:01:07+00:00,Worldcoin,WLD,0.420021,1527041630,56,179821890,0.42451,0.395616,0.02281696,5.73787,3636200313.4214892
2026-09-07T00:01:07+00:00,Internet Computer,ICP,2.73,1518384961,57,72703697,2.8,2.63,0.06023,2.27468,556241179.9665328
2026-09-07T00:01:07+00:00,HTX DAO,HTX,1.68e-06,1512993562,58,24426050,1.69e-06,1.68e-06,-2.08054756e-09,-0.03407,898232728634017.2
2026-09-07T00:01:07+00:00,USDD,USDD,0.999672,1462896715,59,1854748,0.999753,0.997428,0.00211033,0.18257,1463386467.0
2026-09-07T00:01:07+00:00,Bitget Token,BGB,2.02,1412645463,60,9175491,2.05,1.99,-0.010623091327200296,-0.50783,699992029.6481038
2026-09-07T00:01:07+00:00,USDGO,USDGO,0.999865,1355312645,61,17724437,1.0,0.999832,-8.389252633223e-05,-0.00902,1355454412.77
2026-09-07T00:01:07+00:00,Falcon USD,USDF,0.996645,1339565461,62,277928,1.008,0.993162,-0.000117397653872531,-0.01456,1344083107.942925
2026-09-07T00:01:07+00:00,BFUSD,BFUSD,0.999428,1319236349,63,4295315,1.0,0.999173,-0.000602829988904596,-0.0607,1320000000.0
2026-09-07T00:01:07+00:00,United Stables,U,0.999422,1276752987,64,115637913,0.999542,0.999016,2.821e-05,-0.01124,1277499107.8
2026-09-07T00:01:07+00:00,Arbitrum,ARB,0.189193,1263777117,65,788233825,0.203584,0.177644,0.01154963,6.824,6678075931.0
2026-09-07T00:01:07+00:00,Ethereum Classic,ETC,7.86,1242261448,66,48168854,7.86,7.64,0.124906,1.62976,158085553.8507712
2026-09-07T00:01:07+00:00,Spiko Amundi Overnight Swap Fund (EUR),EURSAFO,1.18,1229024084,67,0.0,1.18,1.17,1.775e-05,0.00151,1045687476.43203
2026-09-07T00:01:07+00:00,Bitway,BTW,0.447127,1210992589,68,10500561,0.465303,0.433434,-0.004630643874863394,-0.9891,2708142280.000001
2026-09-07T00:01:07+00:00,Lighter,LIT,4.51,1128099614,69,76127143,4.84,4.43,-0.24111110873655583,-5.04221,250000000.0
2026-09-07T00:01:07+00:00,Pi Network,PI,0.094808,1056345379,70,3852414,0.095897,0.094101,-0.000724540449097172,-0.76039,11141680597.248924
2026-09-07T00:01:07+00:00,POL (ex-MATIC),POL,0.098407,1054000235,71,66094254,0.100267,0.095567,0.00045844,0.50068,10709454818.56161
2026-09-07T00:01:07+00:00,KuCoin,KCS,7.13,978202329,72,2927952,7.3,7.08,-0.09739520921775036,-1.33827,137155021.2773955
2026-09-07T00:01:07+00:00,Gate,GT,9.14,974830110,73,2822990,9.51,9.0,-0.11166661395982835,-1.144,106619117.94328411
2026-09-07T00:01:07+00:00,Quant,QNT,66.93,973451019,74,16127118,67.11,64.82,2.04,3.13142,14544176.164081175
2026-09-07T00:01:07+00:00,Blockchain Capital,BCAP,106.22,967888430,75,0.0,106.22,106.22,0.0,0.0,9112111.0
2026-09-07T00:01:07+00:00,Jupiter,JUP,0.276399,917024709,76,200451415,0.282272,0.218514,0.056285,25.43107,3320312968.08
2026-09-07T00:01:07+00:00,Dash,DASH,71.21,913322525,77,426176080,78.31,65.32,5.77,8.7885,12828507.96716058
2026-09-07T00:01:07+00:00,JUST,JST,0.110759,907037955,78,17142819,0.113102,0.110147,0.00045218,0.42173,8188743036.341737
2026-09-07T00:01:07+00:00,Kaspa,KAS,0.03226753,892532774,79,11566378,0.0323911,0.03009138,0.00170312,5.48286,27683423155.231007
2026-09-07T00:01:07+00:00,Spiko EU T-Bills Money Market Fund,EUTBL,1.23,882572672,80,0.0,1.23,1.23,1.856e-05,0.00151,718027528.4955
2026-09-07T00:01:07+00:00,Algorand,ALGO,0.096404,871582262,81,31125714,0.096465,0.093765,0.00191553,2.07865,9039201846.08349
2026-09-07T00:01:07+00:00,Cosmos Hub,ATOM,1.6,845025179,82,30434671,1.61,1.56,0.04119791,2.59856,529261552.759149
2026-09-07T00:01:07+00:00,NEXO,NEXO,0.835538,835112064,83,1831091,0.84318,0.827127,-0.005338294283205425,-0.66747,1000000000.0
2026-09-07T00:01:07+00:00,Venice Token,VVV,16.99,811732488,84,8300377,17.36,16.97,-0.28402701054963586,-1.6329,47773601.32721752
2026-09-07T00:01:07+00:00,Render,RENDER,1.56,809955352,85,64747002,1.57,1.46,0.096432,6.55069,518772101.28269154
2026-09-07T00:01:07+00:00,Janus Henderson Anemoy Treasury Fund,JTRSY,1.12,799656135,86,0.0,1.12,1.12,0.0,0.0,717141156.78007
2026-09-07T00:01:07+00:00,Invesco Short Duration US Government Securities Fund,USTB,11.2,775366377,87,0.0,11.2,11.2,-1.776e-15,0.0,69226068.92545
2026-09-07T00:01:07+00:00,​​Stable,STABLE,0.02824473,736889246,88,7811832,0.02863334,0.0277946,-0.000290107577039019,-1.03767,26088631687.0
2026-09-07T00:01:07+00:00,PancakeSwap,CAKE,2.23,716502312,89,94575597,2.28,2.16,-0.013259299034526606,-0.61875,320777538.8316856
2026-09-07T00:01:07+00:00,Janus Henderson Anemoy AAA CLO Fund,JAAA,1.048,710966727,90,0.0,1.048,1.048,0.0,0.0,678300455.183658
2026-09-07T00:01:07+00:00,GHO,GHO,0.999152,698402160,91,3022528,0.999305,0.998902,-1.4664024215127e-05,-0.00169,699000000.0
2026-09-07T00:01:07+00:00,Filecoin,FIL,0.80669,667132186,92,88833391,0.838778,0.781755,0.01954436,2.50719,826939587.0
2026-09-07T00:01:07+00:00,Beldex,BDX,0.078658,619181152,93,11299613,0.079259,0.07811,-0.000244267881727142,-0.27278,7870534030.417557
2026-09-07T00:01:07+00:00,Official Trump,TRUMP,2.33,610964746,94,171275468,2.41,2.3,-0.03909036568992752,-1.6261,261880985.28763402
2026-09-07T00:01:07+00:00,VeChain,VET,0.00707825,608529850,95,7201944,0.00713985,0.00692123,0.0001399,2.01404,85985041177.0
2026-09-07T00:01:07+00:00,Pons,PONS,0.843362,600565416,96,230284260,0.958428,0.777561,-0.07126341552013227,-7.69829,712104762.0614183
2026-09-07T00:01:07+00:00,Curve DAO,CRV,0.38193,593854925,97,74324294,0.390599,0.362401,0.00325626,0.88058,1554688557.0
2026-09-07T00:01:07+00:00,Flare,FLR,0.00671178,582662605,98,2951696,0.00680387,0.00659121,-7.595061936703e-06,-0.1459,86822083320.6386
2026-09-07T00:01:07+00:00,XDC Network,XDC,0.0282466,563346444,99,4766709,0.02831162,0.0278306,0.00022885,0.75373,19946688440.0
2026-09-07T00:27:31+00:00,Bitcoin,BTC,80157,1609613583003,1,20092572713,80494,79426,275.97,0.31798,20080684.0
2026-09-07T00:27:31+00:00,Ethereum,ETH,2513.89,306754851680,2,10095893730,2523.33,2473.01,30.65,1.18799,122023857.56610575
2026-09-07T00:27:31+00:00,Tether,USDT,0.999936,183399087525,3,44991241159,1.0,0.999862,-0.000132549895805356,-0.01472,183410739312.7418
2026-09-07T00:27:31+00:00,BNB,BNB,751.83,100115001236,4,1223271694,768.09,740.53,-15.055255945030012,-1.99739,133161803.1
2026-09-07T00:27:31+00:00,XRP,XRP,1.42,89049979733,5,1461685210,1.43,1.4,0.00615998,0.39688,62744504852.0
2026-09-07T00:27:31+00:00,USDC,USDC,0.999904,74545791689,6,5046654301723,1.0,0.999854,-9.5613171886222e-05,-0.01169,74552924125.59927
2026-09-07T00:27:31+00:00,Solana,SOL,106.19,62170381634,7,3891520001,107.22,103.28,2.86,2.69342,585444757.1405072
2026-09-07T00:27:31+00:00,TRON,TRX,0.335244,31826812480,8,238889048,0.336156,0.332923,0.00105839,0.2836,94935900212.59479
2026-09-07T00:27:31+00:00,Figure Heloc,FIGR_HELOC,1.055,23516084575,9,343538,0.0,0.0,,,22290650137.398
2026-09-07T00:27:31+00:00,Zcash,ZEC,1220.45,20647793188,9,1925602624,1249.28,1029.97,185.26,17.81216,16918228.2905448
2026-09-07T00:27:31+00:00,Hyperliquid,HYPE,87.64,19495574282,10,1483413811,89.6,84.94,2.23,2.54594,222445714.07414138
2026-09-07T00:27:31+00:00,Dogecoin,DOGE,0.090789,14145765969,11,914610966,0.091934,0.088179,0.00063482,0.65134,155809206383.70526
2026-09-07T00:27:31+00:00,Rain,RAIN,0.0167198,11857808707,12,36580046,0.01727553,0.01670048,-0.000230453714445307,-1.3668,709207501663.2621
2026-09-07T00:27:31+00:00,Monero,XMR,539.07,10135200815,13,126920324,558.79,522.69,-15.292157901513178,-2.77164,18801252.39445068
2026-09-07T00:27:31+00:00,Chainlink,LINK,13.28,9936900844,14,718597235,13.33,12.12,1.22,10.02054,748099970.424884
2026-09-07T00:27:31+00:00,USDS,USDS,0.999807,9823055003,15,76786906,1.0,0.999445,7.212e-05,0.01067,9824951670.541523
2026-09-07T00:27:31+00:00,WhiteBIT Coin,WBT,73.87,8716706025,16,57211218,74.25,73.11,0.341667,0.43609,117956019.0
2026-09-07T00:27:31+00:00,LEO Token,LEO,9.36,8608796506,17,121830,9.37,9.22,0.081673,0.88103,919857851.9
2026-09-07T00:27:31+00:00,Cardano,ADA,0.224018,8403059177,18,396333771,0.223606,0.216306,0.00470539,2.10106,37510482444.2993
2026-09-07T00:27:31+00:00,Stellar,XLM,0.187889,6538930034,19,124957630,0.187989,0.182861,0.00356147,1.85915,34802055750.27484
2026-09-07T00:27:31+00:00,Bitcoin Cash,BCH,260.62,5234659991,20,149916522,264.82,254.31,2.58,0.95435,20085596.77165078
2026-09-07T00:27:31+00:00,Dai,DAI,0.999891,4601331755,21,241932645,1.0,0.999675,-4.2684440967999e-05,0.01407,4601834854.022661
2026-09-07T00:27:31+00:00,Uniswap,UNI,7.26,4522423377,22,902554712,7.48,6.87,0.12245,1.59997,623212423.7271129
2026-09-07T00:27:31+00:00,Canton,CC,0.111275,4400003338,23,10198250,0.111633,0.108669,0.00236874,2.1761,39541773363.24378
2026-09-07T00:27:31+00:00,Ethena USDe,USDE,0.999808,4370317110,24,29656111,0.999994,0.99974,-0.00016135621174429,-0.01375,4371157132.399847
2026-09-07T00:27:31+00:00,Litecoin,LTC,55.26,4286984810,25,298500403,55.11,53.57,0.49882,1.27096,77579279.318657
2026-09-07T00:27:31+00:00,USD1,USD1,0.999668,4248636869,26,847164095,0.999826,0.999524,1.691e-05,0.00522,4250045903.844491
2026-09-07T00:27:31+00:00,Gram (prev. Toncoin),GRAM,1.43,3984744572,27,26011377,1.44,1.41,0.00277702,0.15646,2782312947.8025928
2026-09-07T00:27:31+00:00,Hedera,HBAR,0.081614,3577302837,28,54122707,0.082287,0.080215,0.00098633,1.19544,43831559704.81164
2026-09-07T00:27:31+00:00,Avalanche,AVAX,7.91,3415531258,29,247060315,7.93,7.57,0.312625,4.11865,431771961.1772119
2026-09-07T00:27:31+00:00,Sui,SUI,0.813838,3333931794,30,535921332,0.817369,0.78605,0.01669281,2.02977,4096537146.5409594
2026-09-07T00:27:31+00:00,Global Dollar,USDG,1.0,3262223058,31,1592973127,1.0,0.99983,-0.000103056352150022,-0.011,3261952777.690591
2026-09-07T00:27:31+00:00,Shiba Inu,SHIB,5.53e-06,3257405023,32,55034195,5.54e-06,5.38e-06,4.436e-08,0.78086,589239307782558.2
2026-09-07T00:27:31+00:00,NEAR Protocol,NEAR,2.43,3174366804,33,627141545,2.49,2.18,0.234791,10.42098,1305614428.0
2026-09-07T00:27:31+00:00,PayPal USD,PYUSD,0.999917,2935556604,34,55843519,1.0,0.999748,-8.1508086085091e-05,-0.00546,2935798963.4044766
2026-09-07T00:27:31+00:00,BlackRock USD Institutional Digital Liquidity Fund,BUIDL,1.0,2832282866,35,0.0,1.0,1.0,0.0,0.0,2832282865.800449
2026-09-07T00:27:31+00:00,Cronos,CRO,0.057678,2799624420,36,5027011,0.057804,0.056494,0.00096118,1.66432,48538591252.77909
2026-09-07T00:27:31+00:00,Tether Gold,XAUT,4419.92,2708646172,37,97686154,4427.32,4410.7,-6.600980599973809,-0.15726,612823.6595320001
2026-09-07T00:27:31+00:00,Circle USYC,USYC,1.14,2624340328,38,0.0,1.14,1.14,0.0,0.0,2308988052.650666
2026-09-07T00:27:31+00:00,Bittensor,TAO,266.45,2557238659,39,391272941,271.72,234.12,28.17,11.75349,9597491.0
2026-09-07T00:27:31+00:00,MemeCore,M,1.13,2554491913,40,1628825,1.15,1.12,-0.001952822487909067,-0.22038,2269883513.974061
2026-09-07T00:27:31+00:00,Ripple USD,RLUSD,1.0,2407254029,41,60121167,1.0,0.99982,5.311e-05,0.00171,2407151384.647232
2026-09-07T00:27:31+00:00,OKB,OKB,114.37,2401815960,42,27921709,115.96,112.24,-0.03085437724477913,-0.0823,21000000.0
2026-09-07T00:27:31+00:00,Ondo US Dollar Yield,USDY,1.15,2201334200,43,555140,1.15,1.14,0.00423531,-0.01285,1922537236.5446
2026-09-07T00:27:31+00:00,Aster,ASTER,0.784991,2119485201,44,229325236,0.809241,0.752274,0.00220819,0.10981,2700010975.2797318
2026-09-07T00:27:31+00:00,Aave,AAVE,135.79,2094947272,45,249117650,139.93,132.54,0.590671,0.35152,15427293.28065251
2026-09-07T00:27:31+00:00,Mantle,MNT,0.606869,2004059257,46,24628401,0.610864,0.585068,0.01969587,3.30844,3302294382.53684
2026-09-07T00:27:31+00:00,PAX Gold,PAXG,4422.74,1912862331,47,61847901,4433.14,4417.09,-9.643369763830378,-0.22114,432503.322051
2026-09-07T00:27:31+00:00,Ondo,ONDO,0.388819,1893290040,48,112322883,0.388106,0.37151,0.01624771,4.31426,4869330647.0
2026-09-07T00:27:31+00:00,World Liberty Financial,WLFI,0.056944,1809506635,49,24803586,0.05757,0.056146,-0.000412807638567096,-0.80373,31777076254.0
2026-09-07T00:27:31+00:00,Morpho,MORPHO,2.59,1784893939,50,46369959,2.62,2.5,0.088099,3.46472,688684721.7396977
2026-09-07T00:27:31+00:00,Ethena,ENA,0.175465,1771376837,51,717767887,0.188609,0.170942,-0.000979474866086211,-1.04705,10095312500.0
2026-09-07T00:27:31+00:00,Polkadot,DOT,0.997965,1698098076,52,177858435,0.990854,0.921499,0.075223,8.25057,1701556182.743853
2026-09-07T00:27:31+00:00,Sky,SKY,0.070069,1641217493,53,8045549,0.072065,0.069276,-0.000713620528726921,-0.92098,23422869883.82094
2026-09-07T00:27:31+00:00,Pump.fun,PUMP,0.00398109,1573514821,54,232365170,0.00410983,0.00376438,0.00016466,3.99688,395247302759.1893
2026-09-07T00:27:31+00:00,Pepe,PEPE,3.66e-06,1538856563,55,188149398,3.69e-06,3.55e-06,4.1291e-08,1.01053,420690000000000.0
2026-09-07T00:27:31+00:00,Worldcoin,WLD,0.422598,1536652088,56,183073978,0.42451,0.395616,0.02338516,5.66778,3636200313.4214892
2026-09-07T00:27:31+00:00,Internet Computer,ICP,2.75,1528707219,57,72005054,2.8,2.63,0.062846,2.24063,556241179.9665328
2026-09-07T00:27:31+00:00,HTX DAO,HTX,1.68e-06,1513239787,58,25622178,1.69e-06,1.68e-06,-1.198011281e-09,-0.05841,898232728634017.2
2026-09-07T00:27:31+00:00,USDD,USDD,0.999661,1462890564,59,1879641,0.999753,0.997428,0.00149963,0.20819,1463386467.0
2026-09-07T00:27:31+00:00,Bitget Token,BGB,2.02,1410702089,60,9150422,2.05,1.99,-0.019141154950766293,-0.94789,699992029.6481038
2026-09-07T00:27:31+00:00,USDGO,USDGO,0.999997,1355450661,61,17769531,1.0,0.999832,0.00011124,0.00642,1355454412.77
2026-09-07T00:27:31+00:00,Falcon USD,USDF,0.996612,1339529079,62,277593,1.008,0.993162,-0.000219304692190669,-0.02285,1344083107.942925
2026-09-07T00:27:31+00:00,BFUSD,BFUSD,0.999404,1319213721,63,4280123,1.0,0.999173,-0.000630616959850006,-0.06451,1320000000.0
2026-09-07T00:27:31+00:00,United Stables,U,0.999388,1276717051,64,117020860,0.999542,0.999016,6.392e-05,-0.00277,1277499107.8
2026-09-07T00:27:31+00:00,Arbitrum,ARB,0.1892,1263489064,65,748220219,0.203584,0.181538,0.00232928,1.21523,6678075931.0
2026-09-07T00:27:31+00:00,Ethereum Classic,ETC,7.86,1242952159,66,48341642,7.87,7.64,0.103482,1.31712,158085553.8507712
2026-09-07T00:27:31+00:00,Spiko Amundi Overnight Swap Fund (EUR),EURSAFO,1.18,1229059770,67,0.0,1.18,1.17,5.187e-05,0.01661,1045687476.43203
2026-09-07T00:27:31+00:00,Bitway,BTW,0.444793,1204563377,68,10817110,0.465303,0.433434,-0.005436014384415766,-1.24446,2708142280.000001
2026-09-07T00:27:31+00:00,Lighter,LIT,4.5,1123779737,69,75463790,4.84,4.43,-0.17371645905734123,-3.82056,250000000.0
2026-09-07T00:27:31+00:00,Pi Network,PI,0.094867,1056980059,70,3738803,0.095897,0.094101,-0.000689983067376013,-0.748,11141680597.248924
2026-09-07T00:27:31+00:00,POL (ex-MATIC),POL,0.098166,1051308090,71,65311512,0.100267,0.095567,-5.7553687624556e-05,-0.03283,10709454818.56161
2026-09-07T00:27:31+00:00,Gate,GT,9.16,976874580,72,2863651,9.51,9.0,-0.11524027338678522,-1.22679,106619117.94328411
2026-09-07T00:27:31+00:00,KuCoin,KCS,7.12,976242150,73,2918652,7.3,7.08,-0.11252598708365458,-1.58966,137155021.2773955
2026-09-07T00:27:31+00:00,Quant,QNT,66.88,972645120,74,16047186,67.11,64.91,1.81,2.79494,14544176.164081175
2026-09-07T00:27:31+00:00,Blockchain Capital,BCAP,106.22,967888430,75,0.0,106.22,106.22,0.0,0.0,9112111.0
2026-09-07T00:27:31+00:00,JUST,JST,0.110813,907419189,76,19226402,0.113102,0.110147,0.00047525,0.42091,8188743036.341737
2026-09-07T00:27:31+00:00,Dash,DASH,70.59,905529613,77,422101364,78.31,66.63,3.57,5.36301,12828507.96716058
2026-09-07T00:27:31+00:00,Jupiter,JUP,0.272091,903427911,78,198864567,0.282272,0.221365,0.051749,23.35393,3320312968.08
2026-09-07T00:27:31+00:00,Kaspa,KAS,0.03205413,887368107,79,11468471,0.0323911,0.03009138,0.00143227,4.69448,27683423155.231007
2026-09-07T00:27:31+00:00,Spiko EU T-Bills Money Market Fund,EUTBL,1.23,882598299,80,0.0,1.23,1.23,5.425e-05,0.01661,718027528.4955
2026-09-07T00:27:31+00:00,Algorand,ALGO,0.096328,870726100,81,30779392,0.096658,0.093765,0.00153128,1.49813,9039201846.08349
2026-09-07T00:27:31+00:00,Cosmos Hub,ATOM,1.6,846005707,82,29423903,1.61,1.56,0.03347853,2.09541,529261552.759149
2026-09-07T00:27:31+00:00,NEXO,NEXO,0.831221,831221263,83,3056143,0.84318,0.827127,-0.005710794962060506,-0.82117,1000000000.0
2026-09-07T00:27:31+00:00,Venice Token,VVV,17.0,812021163,84,8196788,17.36,16.97,-0.23814876730213186,-1.389,47773586.942119434
2026-09-07T00:27:31+00:00,Render,RENDER,1.56,808876677,85,63470216,1.57,1.46,0.088353,5.97704,518772101.28269154
2026-09-07T00:27:31+00:00,Janus Henderson Anemoy Treasury Fund,JTRSY,1.12,799656135,86,0.0,1.12,1.12,0.0,0.0,717141156.78007
2026-09-07T00:27:31+00:00,Invesco Short Duration US Government Securities Fund,USTB,11.2,775366377,87,0.0,11.2,11.2,-1.776e-15,0.0,69226068.92545
2026-09-07T00:27:31+00:00,​​Stable,STABLE,0.02820893,735937656,88,7753375,0.02863334,0.0277946,-0.000305360319083386,-1.08119,26088817215.0
2026-09-07T00:27:31+00:00,PancakeSwap,CAKE,2.23,716476849,89,95350754,2.28,2.16,-0.039233994251720805,-1.65112,320777538.8316856
2026-09-07T00:27:31+00:00,Janus Henderson Anemoy AAA CLO Fund,JAAA,1.048,710966727,90,0.0,1.048,1.048,0.0,0.0,678300455.183658
2026-09-07T00:27:31+00:00,GHO,GHO,0.999139,698398056,91,3015768,0.999305,0.998902,1.636e-05,0.00043,699000000.0
2026-09-07T00:27:31+00:00,Filecoin,FIL,0.815617,674465620,92,89773860,0.838778,0.781755,0.02274584,2.7625,826939587.0
2026-09-07T00:27:31+00:00,Official Trump,TRUMP,2.32,633988466,93,168691877,2.41,2.3,-0.0492581588656118,-2.19966,273137120.287634
2026-09-07T00:27:31+00:00,Beldex,BDX,0.078747,619780068,94,10580297,0.079259,0.07811,-0.000199568823321922,-0.27399,7870533961.692101
2026-09-07T00:27:31+00:00,VeChain,VET,0.00710209,610673912,95,7200859,0.00713985,0.00692123,0.00015807,2.2329,85985041177.0
2026-09-07T00:27:31+00:00,Pons,PONS,0.842887,600220760,96,228176142,0.958428,0.777561,-0.020535124873936494,-2.55265,712104762.0614183
2026-09-07T00:27:31+00:00,Curve DAO,CRV,0.379611,590176731,97,73628699,0.390599,0.362401,-0.002209105503579056,-0.64989,1554688557.0
2026-09-07T00:27:31+00:00,Flare,FLR,0.00660731,573660148,98,3426366,0.00680387,0.00659121,-0.000113807808438267,-1.53214,86822083320.6386
2026-09-07T00:27:31+00:00,XDC Network,XDC,0.02825826,563658723,99,4785793,0.02831162,0.0278306,0.00023563,0.83684,19946688440.0
2026-09-07T01:01:03+00:00,Bitcoin,BTC,80091,1608232766815,1,20403319384,80494,79426,204.19,0.2556,20080771.0
2026-09-07T01:01:03+00:00,Ethereum,ETH,2510.55,306385849038,2,10160188576,2523.33,2473.01,20.01,0.80353,122023857.56610575
2026-09-07T01:01:03+00:00,Tether,USDT,0.99992,183395392233,3,45396493194,1.0,0.999862,-0.000155768547345891,-0.01558,183410739312.7418
2026-09-07T01:01:03+00:00,BNB,BNB,750.35,99919983810,4,1209690754,768.09,740.53,-16.576082232784415,-2.16136,133161803.1
2026-09-07T01:01:03+00:00,XRP,XRP,1.42,88890975755,5,1467570393,1.43,1.4,0.00154495,0.10921,62744504852.0
2026-09-07T01:01:03+00:00,USDC,USDC,0.999886,74532749671,6,5046681120778,1.0,0.999854,-0.000122570058778804,-0.01226,74541361482.10147
2026-09-07T01:01:03+00:00,Solana,SOL,105.95,62099824834,7,3955648477,107.22,103.28,2.63,2.54641,586080172.840532
2026-09-07T01:01:03+00:00,TRON,TRX,0.335033,31804722982,8,239766074,0.336156,0.332923,0.00086988,0.26032,94935900212.59479
2026-09-07T01:01:03+00:00,Figure Heloc,FIGR_HELOC,1.055,23516084575,9,343538,0.0,0.0,,,22290650137.398
2026-09-07T01:01:03+00:00,Zcash,ZEC,1193.66,20191974114,9,1958138548,1249.28,1029.97,163.69,15.89224,16918228.2905448
2026-09-07T01:01:03+00:00,Hyperliquid,HYPE,87.54,19478452835,10,1503744716,89.6,84.94,2.1,2.4564,222445714.07414138
2026-09-07T01:01:03+00:00,Dogecoin,DOGE,0.090851,14155885692,11,906519159,0.091934,0.088179,0.00059564,0.65995,155809796383.70526
2026-09-07T01:01:03+00:00,Rain,RAIN,0.01671212,11850979708,12,34842674,0.01727553,0.01670048,-0.000273435044879245,-1.60981,709207501663.2621
2026-09-07T01:01:03+00:00,Monero,XMR,538.8,10145524275,13,128602708,558.79,522.69,-14.535457160744613,-2.62687,18801273.39256014
2026-09-07T01:01:03+00:00,Chainlink,LINK,13.15,9844446518,14,736513415,13.33,12.12,0.996685,8.20074,748099970.424884
2026-09-07T01:01:03+00:00,USDS,USDS,0.999786,9821651650,15,77538116,1.0,0.999445,4.423e-05,0.00442,9823773886.244852
2026-09-07T01:01:03+00:00,WhiteBIT Coin,WBT,73.83,8708750114,16,57956567,74.25,73.11,0.24079,0.3272,117956019.0
2026-09-07T01:01:03+00:00,LEO Token,LEO,9.4,8649606201,17,129956,9.37,9.22,0.126052,1.35873,919857851.9
2026-09-07T01:01:03+00:00,Cardano,ADA,0.22364,8394749486,18,403082737,0.223606,0.216306,0.00417724,1.9034,37510482444.2993
2026-09-07T01:01:03+00:00,Stellar,XLM,0.188039,6546691863,19,131854098,0.187989,0.182861,0.00335227,1.81511,34802055522.19019
2026-09-07T01:01:03+00:00,Bitcoin Cash,BCH,259.79,5219520420,20,148202281,264.82,254.31,2.39,0.92921,20085890.52165078
2026-09-07T01:01:03+00:00,Dai,DAI,0.999971,4602540907,21,244600164,1.0,0.999675,0.00012887,0.01289,4603583686.298429
2026-09-07T01:01:03+00:00,Uniswap,UNI,7.15,4454309469,22,900853893,7.48,6.87,-0.1304631857792744,-1.79172,623212423.7271129
2026-09-07T01:01:03+00:00,Canton,CC,0.110918,4385740988,23,10103731,0.111633,0.108669,0.00180325,1.65261,39541773363.24378
2026-09-07T01:01:03+00:00,Ethena USDe,USDE,0.99978,4370364136,24,30449018,0.999994,0.99974,-0.000184860524205965,-0.01849,4371157132.399847
2026-09-07T01:01:03+00:00,Litecoin,LTC,55.56,4308634087,25,313907419,55.11,53.57,1.13,2.07761,77579279.318657
2026-09-07T01:01:03+00:00,USD1,USD1,0.999661,4248531805,26,864130225,0.999826,0.999524,7.85e-05,0.00785,4250045903.843497
2026-09-07T01:01:03+00:00,Gram (prev. Toncoin),GRAM,1.43,3982815400,27,25802633,1.44,1.41,0.00449471,0.31502,2782327726.4952583
2026-09-07T01:01:03+00:00,Hedera,HBAR,0.081729,3582767645,28,55489089,0.082287,0.080215,0.00113941,1.41386,43831559703.64326
2026-09-07T01:01:03+00:00,Avalanche,AVAX,7.89,3407613270,29,262797344,7.93,7.57,0.266512,3.49627,431771961.1772119
2026-09-07T01:01:03+00:00,Sui,SUI,0.812985,3330740035,30,552532926,0.817369,0.78605,0.01543964,1.93589,4096537146.5409594
2026-09-07T01:01:03+00:00,Global Dollar,USDG,1.0,3262098609,31,1588542242,1.0,0.99983,-8.5118645319238e-05,-0.00851,3261952777.690591
2026-09-07T01:01:03+00:00,Shiba Inu,SHIB,5.52e-06,3251254448,32,59961035,5.54e-06,5.38e-06,3.3932e-08,0.61882,589239307782558.2
2026-09-07T01:01:03+00:00,NEAR Protocol,NEAR,2.4,3140054446,33,619401990,2.49,2.18,0.227386,10.44336,1305642165.0
2026-09-07T01:01:03+00:00,PayPal USD,PYUSD,0.999936,2935605903,34,55949938,1.0,0.999748,-6.9397582712294e-05,-0.00694,2935798963.4044766
2026-09-07T01:01:03+00:00,BlackRock USD Institutional Digital Liquidity Fund,BUIDL,1.0,2832282866,35,0.0,1.0,1.0,-1.11e-16,0.0,2832282865.800449
2026-09-07T01:01:03+00:00,Cronos,CRO,0.057807,2805907699,36,5098822,0.057804,0.056494,0.00093651,1.64673,48538645434.170685
2026-09-07T01:01:03+00:00,Tether Gold,XAUT,4407.62,2701008566,37,101909936,4427.32,4410.7,-19.292102620372134,-0.43579,612823.6595320001
2026-09-07T01:01:03+00:00,Circle USYC,USYC,1.14,2624340328,38,0.0,1.14,1.14,0.0,0.0,2308988052.650666
2026-09-07T01:01:03+00:00,MemeCore,M,1.12,2542819932,39,1690411,1.15,1.12,-0.00519283935899284,-0.46149,2269898963.698226
2026-09-07T01:01:03+00:00,Bittensor,TAO,264.27,2536688340,40,392064445,271.72,234.12,27.12,11.4351,9597491.0
2026-09-07T01:01:03+00:00,Ripple USD,RLUSD,1.0,2407178606,41,61518867,1.0,0.99982,9.104e-05,0.0091,2407151384.647232
2026-09-07T01:01:03+00:00,OKB,OKB,113.93,2392785917,42,27837039,115.96,112.24,-0.8874843577682299,-0.77293,21000000.0
2026-09-07T01:01:03+00:00,Ondo US Dollar Yield,USDY,1.15,2201689756,43,576961,1.15,1.14,0.00025401,0.02219,1922537236.5446
2026-09-07T01:01:03+00:00,Aster,ASTER,0.779464,2104855921,44,222178047,0.809241,0.752274,-0.013646585873152262,-1.72064,2700010975.2797318
2026-09-07T01:01:03+00:00,Aave,AAVE,135.63,2092057662,45,242806079,139.93,132.54,-2.896233486120167,-2.09075,15427293.28065251
2026-09-07T01:01:03+00:00,Mantle,MNT,0.608119,2008143684,46,24642036,0.610864,0.585068,0.01968705,3.34568,3302294382.53684
2026-09-07T01:01:03+00:00,PAX Gold,PAXG,4414.2,1909178662,47,64468633,4433.14,4417.09,-18.352675351349717,-0.41404,432503.322051
2026-09-07T01:01:03+00:00,Ondo,ONDO,0.388451,1892518503,48,117849921,0.388106,0.37151,0.01459768,3.90465,4869330647.0
2026-09-07T01:01:03+00:00,World Liberty Financial,WLFI,0.056692,1803088742,49,24866010,0.05757,0.056146,-0.000715670003063204,-1.24664,31777076254.0
2026-09-07T01:01:03+00:00,Ethena,ENA,0.17546,1770662394,50,684934712,0.188609,0.170942,-0.0064405661184396,-3.54071,10095312500.0
2026-09-07T01:01:03+00:00,Morpho,MORPHO,2.57,1770531075,51,45612367,2.62,2.5,0.04105032,1.62281,688685111.2095983
2026-09-07T01:01:03+00:00,Polkadot,DOT,1.02,1734853064,52,194102300,0.990854,0.921499,0.096862,10.49723,1701573495.130322
2026-09-07T01:01:03+00:00,Sky,SKY,0.070065,1640994059,53,7857463,0.072065,0.069276,-0.000869277184322712,-1.22546,23422869883.82094
2026-09-07T01:01:03+00:00,Pump.fun,PUMP,0.00396837,1569010415,54,224713461,0.00410983,0.00376438,6.761e-05,1.73338,395240919557.4195
2026-09-07T01:01:03+00:00,Pepe,PEPE,3.65e-06,1535339650,55,190285261,3.69e-06,3.55e-06,2.6977e-08,0.74518,420690000000000.0
2026-09-07T01:01:03+00:00,Internet Computer,ICP,2.74,1522874290,56,73406625,2.8,2.63,0.04277426,1.58747,556241396.7119268
2026-09-07T01:01:03+00:00,Worldcoin,WLD,0.418044,1521515579,57,188913478,0.42451,0.395616,0.01880841,4.71111,3636203104.2777047
2026-09-07T01:01:03+00:00,HTX DAO,HTX,1.68e-06,1513295762,58,26418902,1.69e-06,1.68e-06,-4.054437095e-09,-0.24008,898232728634017.2
2026-09-07T01:01:03+00:00,USDD,USDD,0.999639,1462466937,59,1892117,0.999753,0.997428,0.00186186,0.1866,1462988256.0
2026-09-07T01:01:03+00:00,Bitget Token,BGB,2.02,1413129959,60,9260665,2.05,1.99,-0.008341004233142435,-0.41149,699992029.6481038
2026-09-07T01:01:03+00:00,USDGO,USDGO,0.999938,1355420500,61,17836921,1.0,0.999832,-1.7543710872037e-05,-0.00175,1355454412.77
2026-09-07T01:01:03+00:00,Falcon USD,USDF,0.996596,1339505467,62,276657,1.008,0.993162,-0.000145578499684884,-0.01461,1344083107.942925
2026-09-07T01:01:03+00:00,BFUSD,BFUSD,0.999386,1319187460,63,4329686,1.0,0.999173,-0.000656001468568035,-0.0656,1320000000.0
2026-09-07T01:01:03+00:00,United Stables,U,0.999286,1276687299,64,119734455,0.999542,0.999016,-0.000160627971939942,-0.01607,1277499107.8
2026-09-07T01:01:03+00:00,Arbitrum,ARB,0.189784,1267164756,65,703259720,0.203584,0.181538,-0.003350374771954462,-1.73474,6678075931.0
2026-09-07T01:01:03+00:00,Ethereum Classic,ETC,7.88,1245152369,66,49377721,7.87,7.64,0.117128,1.50973,158086057.5051712
2026-09-07T01:01:03+00:00,Spiko Amundi Overnight Swap Fund (EUR),EURSAFO,1.18,1229592456,67,0.0,1.18,1.17,0.00056128,0.04776,1045687476.43203
2026-09-07T01:01:03+00:00,Bitway,BTW,0.446713,1209426741,68,11079600,0.465303,0.433434,-0.003063090964594395,-0.68103,2708142280.000001
2026-09-07T01:01:03+00:00,Lighter,LIT,4.47,1116259746,69,75746628,4.84,4.43,-0.19725026884097918,-4.22961,250000000.0
2026-09-07T01:01:03+00:00,Pi Network,PI,0.094591,1054003548,70,3666742,0.095897,0.094101,-0.001135143711637435,-1.18583,11141680597.248924
2026-09-07T01:01:03+00:00,POL (ex-MATIC),POL,0.097814,1047687025,71,66427994,0.100267,0.095567,-0.001149212397762278,-1.16125,10709454818.56161
2026-09-07T01:01:03+00:00,Gate,GT,9.17,976303146,72,2780586,9.51,9.0,-0.2678848035141055,-2.8374,106619153.53864321
2026-09-07T01:01:03+00:00,KuCoin,KCS,7.11,975263987,73,2920406,7.3,7.08,-0.12683922874571074,-1.75246,137155021.2773955
2026-09-07T01:01:03+00:00,Quant,QNT,66.9,973309967,74,16280808,67.11,64.91,1.45,2.21536,14544176.164081175
2026-09-07T01:01:03+00:00,Blockchain Capital,BCAP,106.22,967888430,75,0.0,106.22,106.22,0.0,0.0,9112111.0
2026-09-07T01:01:03+00:00,JUST,JST,0.11126,911341318,76,17025528,0.113102,0.110147,0.00068266,0.61736,8188743036.341737
2026-09-07T01:01:03+00:00,Dash,DASH,69.8,895706332,77,411189160,78.31,66.63,2.19,3.24378,12828507.96716058
2026-09-07T01:01:03+00:00,Jupiter,JUP,0.268958,894499050,78,197472547,0.282272,0.221365,0.04759361,21.50008,3320312968.08
2026-09-07T01:01:03+00:00,Kaspa,KAS,0.03201515,886362106,79,11468968,0.0323911,0.03009138,0.00143999,4.70966,27683423155.231007
2026-09-07T01:01:03+00:00,Spiko EU T-Bills Money Market Fund,EUTBL,1.23,882980825,80,0.0,1.23,1.23,0.00058699,0.04776,718027528.4955
2026-09-07T01:01:03+00:00,Algorand,ALGO,0.096172,870099221,81,32305541,0.096658,0.093765,0.00105708,1.11137,9039231063.541912
2026-09-07T01:01:03+00:00,Cosmos Hub,ATOM,1.59,841235693,82,29651873,1.61,1.56,0.03048731,1.95667,529277054.52211
2026-09-07T01:01:03+00:00,NEXO,NEXO,0.832685,832185259,83,3085947,0.84318,0.827127,-0.004661119010671455,-0.55665,1000000000.0
2026-09-07T01:01:03+00:00,Venice Token,VVV,16.98,811184131,84,8171410,17.36,16.97,-0.23236824958005897,-1.3501,47773876.76961814
2026-09-07T01:01:03+00:00,Render,RENDER,1.55,803138439,85,63960132,1.57,1.46,0.075879,5.15773,518772101.28269154
2026-09-07T01:01:03+00:00,Janus Henderson Anemoy Treasury Fund,JTRSY,1.12,799656135,86,0.0,1.12,1.12,0.0,0.0,717141156.78007
2026-09-07T01:01:03+00:00,Invesco Short Duration US Government Securities Fund,USTB,11.2,775457018,87,0.0,11.2,11.2,1.776e-15,0.0,69234161.498638
2026-09-07T01:01:03+00:00,​​Stable,STABLE,0.02804788,731979093,88,7727930,0.02863334,0.0277946,-0.000516540901558567,-1.80834,26089539780.0
2026-09-07T01:01:03+00:00,PancakeSwap,CAKE,2.22,713716346,89,93628435,2.28,2.16,-0.025585929675842944,-1.13691,320777546.5387133
2026-09-07T01:01:03+00:00,Janus Henderson Anemoy AAA CLO Fund,JAAA,1.048,710966727,90,0.0,1.048,1.048,0.0,0.0,678300455.183658
2026-09-07T01:01:03+00:00,GHO,GHO,0.998933,698253161,91,3010150,0.999305,0.998902,-0.000230228589621739,-0.02304,699000000.0
2026-09-07T01:01:03+00:00,Filecoin,FIL,0.811651,671025879,92,89067612,0.838778,0.781755,0.0199986,2.52619,826940384.0
2026-09-07T01:01:03+00:00,Official Trump,TRUMP,2.3,629661198,93,169956290,2.41,2.3,-0.07842131077089975,-3.29102,273137120.287634
2026-09-07T01:01:03+00:00,Beldex,BDX,0.078797,620124944,94,10606262,0.079259,0.07811,-0.000186023214462663,-0.23552,7870534430.035324
2026-09-07T01:01:03+00:00,VeChain,VET,0.0071796,617532470,95,7514614,0.00713985,0.00692123,0.00021757,3.12502,85985041177.0
2026-09-07T01:01:03+00:00,Pons,PONS,0.825215,588254416,96,219938056,0.958428,0.777561,-0.09486450972671534,-10.31047,712104762.0614183
2026-09-07T01:01:03+00:00,Curve DAO,CRV,0.377705,587394379,97,73157113,0.390599,0.362401,-0.008341434185285712,-2.16073,1554688557.0
2026-09-07T01:01:03+00:00,Flare,FLR,0.0066246,575285033,98,3635928,0.00680387,0.00659121,-0.000104121129835322,-1.54741,86822083320.6386
2026-09-07T01:01:03+00:00,XDC Network,XDC,0.02825297,563424303,99,4840059,0.02831162,0.0278306,0.00020096,0.71639,19946688440.0
2026-09-07T02:01:04+00:00,Bitcoin,BTC,79930,1605068761282,1,20575948281,80494,79426,-13.1249073495419,-0.01277,20080771.0
2026-09-07T02:01:04+00:00,Ethereum,ETH,2504.17,305573903533,2,9891036787,2523.33,2473.01,-0.8347752929312264,-0.03611,122023857.56610575
2026-09-07T02:01:04+00:00,Tether,USDT,0.999905,183392820183,3,45061952039,1.0,0.999862,-0.000154629577333365,-0.01608,183410739312.7418
2026-09-07T02:01:04+00:00,BNB,BNB,748.01,99595840486,4,1171884369,765.69,740.53,-17.20042186424496,-2.23389,133161797.97
2026-09-07T02:01:04+00:00,XRP,XRP,1.41,88254899386,5,1487999411,1.43,1.4,-0.010866810411804817,-0.7732,62744504852.0
2026-09-07T02:01:04+00:00,USDC,USDC,0.999872,74529668982,6,5046605845957,1.0,0.999836,-0.000131134822950907,-0.01384,74539502827.67055
2026-09-07T02:01:04+00:00,Solana,SOL,105.34,61729134287,7,3939732915,107.22,103.9,1.35,1.29221,586080122.4430344
2026-09-07T02:01:04+00:00,TRON,TRX,0.335194,31822043293,8,241402100,0.336156,0.332923,0.00111125,0.32858,94935900212.59479
2026-09-07T02:01:04+00:00,Figure Heloc,FIGR_HELOC,1.055,23516084575,9,343538,0.0,0.0,,,22290650137.398
2026-09-07T02:01:04+00:00,Zcash,ZEC,1184.14,20027184957,9,1876196312,1249.28,1062.66,120.75,11.32125,16918228.2905448
2026-09-07T02:01:04+00:00,Hyperliquid,HYPE,86.77,19298978338,10,1495141181,89.6,85.17,1.44,1.72079,222445714.07414138
2026-09-07T02:01:04+00:00,Dogecoin,DOGE,0.090184,14050123428,11,894090820,0.091934,0.088179,-0.000544149129064753,-0.60637,155810446383.70523
2026-09-07T02:01:04+00:00,Rain,RAIN,0.01669221,11840476593,12,29250541,0.01727553,0.0166978,-0.000542347850710719,-3.10898,709207501625.1581
2026-09-07T02:01:04+00:00,Monero,XMR,534.37,10046482399,13,127614823,558.79,522.69,-21.45613212910075,-3.86259,18801273.39256014
2026-09-07T02:01:04+00:00,USDS,USDS,0.999771,9821543306,14,76244880,1.0,0.999445,4.286e-05,0.00371,9823773886.244852
2026-09-07T02:01:04+00:00,Chainlink,LINK,13.02,9741963749,15,716628540,13.33,12.12,0.678605,5.41435,748099970.424884
2026-09-07T02:01:04+00:00,WhiteBIT Coin,WBT,73.67,8690819467,16,58825767,74.25,73.11,-0.0807356754263111,-0.10848,117956019.0
2026-09-07T02:01:04+00:00,LEO Token,LEO,9.25,8506739943,17,339396,9.4,9.29,-0.09818582668375875,-1.05016,919857851.9
2026-09-07T02:01:04+00:00,Cardano,ADA,0.22141,8307925689,18,399864943,0.226224,0.216306,0.00010493,0.06135,37510482444.2993
2026-09-07T02:01:04+00:00,Stellar,XLM,0.186532,6491534855,19,133294198,0.190126,0.182861,0.00106752,0.54953,34802055056.17273
2026-09-07T02:01:04+00:00,Bitcoin Cash,BCH,257.17,5165252159,20,144899685,264.82,254.31,-1.8888573085746998,-0.73307,20085624.89665078
2026-09-07T02:01:04+00:00,Dai,DAI,0.99978,4603087447,21,239804998,1.0,0.999675,4.927e-05,0.01387,4603671617.205938
2026-09-07T02:01:04+00:00,Uniswap,UNI,7.09,4416334607,22,829695333,7.4,6.87,-0.26090168368721667,-3.56457,623212423.7271129
2026-09-07T02:01:04+00:00,Ethena USDe,USDE,0.999754,4370053369,23,32562215,0.999993,0.99973,-0.000219274928915159,-0.02306,4371157132.399847
2026-09-07T02:01:04+00:00,Canton,CC,0.109581,4335014802,24,9939909,0.112256,0.108669,-0.001011701620649882,-0.93042,39541773363.24378
2026-09-07T02:01:04+00:00,USD1,USD1,0.999624,4248445332,25,865434080,0.999826,0.999525,-9.596388545585e-06,-0.00253,4250045903.843497
2026-09-07T02:01:04+00:00,Litecoin,LTC,54.45,4224115932,26,315737085,56.2,53.57,-0.3560020549806566,-0.66031,77579279.318657
2026-09-07T02:01:04+00:00,Gram (prev. Toncoin),GRAM,1.42,3959334183,27,25821869,1.44,1.41,-0.00694461727681972,-0.4827,2782360331.732274
2026-09-07T02:01:04+00:00,Hedera,HBAR,0.081082,3555417330,28,53132006,0.082287,0.080215,-4.9179962785958e-05,-0.0532,43831559703.68625
2026-09-07T02:01:04+00:00,Avalanche,AVAX,7.82,3375638562,29,257557233,7.95,7.57,0.119875,1.68381,431771961.1772119
2026-09-07T02:01:04+00:00,Sui,SUI,0.797466,3266810758,30,555292932,0.820887,0.78605,-0.004343309981969301,-0.56983,4096537146.5409594
2026-09-07T02:01:04+00:00,Global Dollar,USDG,1.0,3261564782,31,1561413644,1.0,0.99983,-6.073848990451e-05,-0.0058,3261473587.214755
2026-09-07T02:01:04+00:00,Shiba Inu,SHIB,5.47e-06,3225177990,32,59923687,5.55e-06,5.38e-06,-1.6270768062e-08,-0.27926,589239307782558.2
2026-09-07T02:01:04+00:00,NEAR Protocol,NEAR,2.36,3079550127,33,612000330,2.49,2.18,0.155018,7.02642,1305642127.0
2026-09-07T02:01:04+00:00,PayPal USD,PYUSD,0.999903,2935506978,34,53292567,1.0,0.999748,-7.3052715825028e-05,-0.00779,2935798963.4044766
2026-09-07T02:01:04+00:00,BlackRock USD Institutional Digital Liquidity Fund,BUIDL,1.0,2832282866,35,0.0,1.0,1.0,0.0,0.0,2832282865.800449
2026-09-07T02:01:04+00:00,Cronos,CRO,0.057524,2792682011,36,5204093,0.057861,0.056494,0.00013402,0.22276,48538764158.35832
2026-09-07T02:01:04+00:00,Tether Gold,XAUT,4406.97,2700718901,37,112919538,4427.32,4404.87,-18.21008630779579,-0.40855,612823.6595320001
2026-09-07T02:01:04+00:00,Circle USYC,USYC,1.14,2624340328,38,0.0,1.14,1.14,0.0,0.0,2308988052.650666
2026-09-07T02:01:04+00:00,MemeCore,M,1.11,2525473665,39,1708313,1.15,1.12,-0.01296801797401681,-1.13521,2269914383.418171
2026-09-07T02:01:04+00:00,Bittensor,TAO,262.29,2517451272,40,390572317,271.72,234.12,24.96,10.49444,9597491.0
2026-09-07T02:01:04+00:00,Ripple USD,RLUSD,1.0,2407157786,41,61713290,1.0,0.99982,5.311e-05,0.00192,2407151384.647232
2026-09-07T02:01:04+00:00,OKB,OKB,113.8,2390273484,42,25957289,115.96,112.24,-1.767334987303883,-1.53363,21000000.0
2026-09-07T02:01:04+00:00,Ondo US Dollar Yield,USDY,1.14,2201638351,43,1904073,1.15,1.14,-0.002403475168378577,0.00206,1922537236.5446
2026-09-07T02:01:04+00:00,Aster,ASTER,0.78055,2107141723,44,219062016,0.809241,0.752274,-0.006723668410142603,-0.85382,2700010975.2797318
2026-09-07T02:01:04+00:00,Aave,AAVE,133.86,2065589907,45,226344897,139.57,132.54,-5.506599482560148,-3.86788,15427293.28065251
2026-09-07T02:01:04+00:00,Mantle,MNT,0.618265,2041678938,46,26936520,0.610864,0.585068,0.03026433,5.13303,3302294382.53684
2026-09-07T02:01:04+00:00,PAX Gold,PAXG,4409.19,1907081475,47,73218038,4433.14,4408.7,-22.12225578115067,-0.49272,432502.185278
2026-09-07T02:01:04+00:00,Ondo,ONDO,0.38219,1861213785,48,112573545,0.394862,0.37151,0.00426254,1.12406,4869330647.0
2026-09-07T02:01:04+00:00,World Liberty Financial,WLFI,0.056419,1793827535,49,24701628,0.05757,0.056146,-0.000974538453109741,-1.66854,31777076254.0
2026-09-07T02:01:04+00:00,Morpho,MORPHO,2.56,1759942156,50,45276118,2.62,2.5,-0.006786550842734052,-0.30741,688688236.8349613
2026-09-07T02:01:04+00:00,Ethena,ENA,0.173421,1751176824,51,585058154,0.185185,0.170942,-0.011602242060131773,-6.28467,10095312500.0
2026-09-07T02:01:04+00:00,Polkadot,DOT,0.985795,1677583123,52,196321296,1.026,0.921499,0.058412,6.28756,1701573495.130322
2026-09-07T02:01:04+00:00,Sky,SKY,0.069342,1625083265,53,8018621,0.072065,0.069276,-0.001758935601987727,-2.48448,23422775880.010593
2026-09-07T02:01:04+00:00,Pump.fun,PUMP,0.00393709,1555954539,54,221043525,0.00410983,0.00376438,2.584e-05,0.67783,395236153101.9117
2026-09-07T02:01:04+00:00,HTX DAO,HTX,1.69e-06,1514268696,55,26023033,1.69e-06,1.68e-06,-6.82471497e-10,-0.05465,898232728634017.2
2026-09-07T02:01:04+00:00,Pepe,PEPE,3.6e-06,1511273043,56,185365655,3.69e-06,3.55e-06,-4.9361965403e-08,-1.41716,420690000000000.0
2026-09-07T02:01:04+00:00,Internet Computer,ICP,2.7,1499796271,57,71374618,2.8,2.63,-0.010685702412946085,-0.42677,556241396.7119268
2026-09-07T02:01:04+00:00,Worldcoin,WLD,0.41071,1493641012,58,185210441,0.425946,0.395616,0.00846541,2.1047,3636471907.83708
2026-09-07T02:01:04+00:00,USDD,USDD,0.999651,1462444616,59,2084391,0.999753,0.997428,0.00169524,0.20696,1462988256.0
2026-09-07T02:01:04+00:00,Bitget Token,BGB,2.02,1411180191,60,9004615,2.05,1.99,-0.02915294122718315,-1.41632,699992029.6481038
2026-09-07T02:01:04+00:00,USDGO,USDGO,0.999953,1355360021,61,16776082,1.0,0.999832,-5.5020642989456e-05,-0.001,1355454412.77
2026-09-07T02:01:04+00:00,Falcon USD,USDF,0.996548,1339522735,62,231611,1.008,0.993162,-0.000174562510749654,-0.01999,1344083107.942925
2026-09-07T02:01:04+00:00,BFUSD,BFUSD,0.999274,1319037177,63,4381405,1.0,0.999173,-0.000753384429618698,-0.07595,1320000000.0
2026-09-07T02:01:04+00:00,United Stables,U,0.999362,1276642370,64,120335392,0.999447,0.999016,-6.9361538665436e-05,-0.00276,1277499107.8
2026-09-07T02:01:04+00:00,Arbitrum,ARB,0.189731,1267538110,65,629364284,0.203584,0.181538,-0.003184021617132493,-1.6274,6678075931.0
2026-09-07T02:01:04+00:00,Ethereum Classic,ETC,7.78,1229320102,66,47946282,7.94,7.64,-0.023354546315559332,-0.29561,158086057.5051712
2026-09-07T02:01:04+00:00,Spiko Amundi Overnight Swap Fund (EUR),EURSAFO,1.18,1229058343,67,0.0,1.18,1.17,5.051e-05,0.0043,1045687476.43203
2026-09-07T02:01:04+00:00,Bitway,BTW,0.450097,1218665590,68,11455736,0.465303,0.433434,0.00104751,0.2208,2708142280.000001
2026-09-07T02:01:04+00:00,Lighter,LIT,4.49,1120409272,69,73348445,4.84,4.43,-0.1775756977435181,-3.79736,250000000.0
2026-09-07T02:01:04+00:00,Pi Network,PI,0.094326,1050937129,70,3656184,0.09576,0.094101,-0.001428498615985666,-1.4826,11141680597.248924
2026-09-07T02:01:04+00:00,POL (ex-MATIC),POL,0.097045,1039291211,71,63072469,0.100267,0.095567,-0.00139342396549641,-1.41399,10710035862.6585
2026-09-07T02:01:04+00:00,Gate,GT,9.15,975509801,72,2766364,9.51,9.0,-0.22621785215774537,-2.37813,106619153.53864321
2026-09-07T02:01:04+00:00,KuCoin,KCS,7.09,973049596,73,2919288,7.3,7.08,-0.1648788811736983,-2.29324,137155021.2773955
2026-09-07T02:01:04+00:00,Quant,QNT,66.6,968506161,74,16235146,67.16,64.91,0.420964,0.59743,14544176.164081175
2026-09-07T02:01:04+00:00,Blockchain Capital,BCAP,106.22,967888430,75,0.0,106.22,106.22,0.0,0.0,9112111.0
2026-09-07T02:01:04+00:00,JUST,JST,0.111218,910503010,76,19823700,0.113102,0.110147,0.0006667,0.59125,8188743036.341737
2026-09-07T02:01:04+00:00,Dash,DASH,69.7,893957186,77,410862303,78.31,66.63,2.17,3.20941,12828507.96716058
2026-09-07T02:01:04+00:00,Jupiter,JUP,0.267006,887275642,78,199269338,0.282272,0.223846,0.04250072,18.8167,3320312968.08
2026-09-07T02:01:04+00:00,Spiko EU T-Bills Money Market Fund,EUTBL,1.23,882597273,79,0.0,1.23,1.23,5.282e-05,0.0043,718027528.4955
2026-09-07T02:01:04+00:00,Kaspa,KAS,0.03176392,879440107,80,10351664,0.0323911,0.03009138,0.00109944,3.59831,27683423155.231007
2026-09-07T02:01:04+00:00,Algorand,ALGO,0.095348,861846153,81,32099307,0.096768,0.093765,0.0004493,0.42427,9039231063.541912
2026-09-07T02:01:04+00:00,Cosmos Hub,ATOM,1.58,838412203,82,29001840,1.61,1.56,0.00509497,0.35425,529277054.52211
2026-09-07T02:01:04+00:00,NEXO,NEXO,0.835961,836527585,83,2309791,0.84318,0.827127,-0.001559407885359354,-0.10434,1000000000.0
2026-09-07T02:01:04+00:00,Venice Token,VVV,16.99,811933248,84,8239218,17.36,16.97,-0.2742171411657708,-1.59525,47774142.55879983
2026-09-07T02:01:04+00:00,Janus Henderson Anemoy Treasury Fund,JTRSY,1.12,799656135,85,0.0,1.12,1.12,0.0,0.0,717141156.78007
2026-09-07T02:01:04+00:00,Render,RENDER,1.54,796803514,86,63736207,1.57,1.46,0.04468622,3.03514,518772101.28269154
2026-09-07T02:01:04+00:00,Invesco Short Duration US Government Securities Fund,USTB,11.2,775457018,87,0.0,11.2,11.2,0.0,0.0,69234161.498638
2026-09-07T02:01:04+00:00,​​Stable,STABLE,0.02794409,728853882,88,7961084,0.0285386,0.0277946,-0.00056746436515092,-2.01229,26090925925.0
2026-09-07T02:01:04+00:00,PancakeSwap,CAKE,2.22,712781975,89,90629016,2.28,2.16,-0.031071627392766032,-1.38852,320777546.5387133
2026-09-07T02:01:04+00:00,Janus Henderson Anemoy AAA CLO Fund,JAAA,1.048,710966727,90,0.0,1.048,1.048,0.0,0.0,678300455.183658
2026-09-07T02:01:04+00:00,GHO,GHO,0.999101,698368888,91,3027613,0.999305,0.99888,-0.000160977217577907,-0.01682,699000000.0
2026-09-07T02:01:04+00:00,Filecoin,FIL,0.802378,664155279,92,84759947,0.838778,0.781755,-0.011814750922524486,-1.39988,826944392.0
2026-09-07T02:01:04+00:00,VeChain,VET,0.00724758,623298392,93,8175804,0.00720048,0.00692123,0.00025186,3.64601,85985041177.0
2026-09-07T02:01:04+00:00,Beldex,BDX,0.078859,619796915,94,10600227,0.079259,0.07811,-0.0001925572914806,-0.19192,7870535453.396444
2026-09-07T02:01:04+00:00,Official Trump,TRUMP,2.26,616203515,95,170886950,2.41,2.3,-0.13186659342011708,-5.49785,273137120.287634
2026-09-07T02:01:04+00:00,Curve DAO,CRV,0.384362,597852798,96,72489561,0.390398,0.362401,-0.003614050626734922,-0.9075,1554694499.0
2026-09-07T02:01:04+00:00,Flare,FLR,0.00665681,578055900,97,3719897,0.00680387,0.00659121,-9.2487356713683e-05,-1.35796,86822083320.6386
2026-09-07T02:01:04+00:00,Pons,PONS,0.803328,571920550,98,204963947,0.953786,0.777561,-0.14880035865615793,-15.53031,712104762.0614183
2026-09-07T02:01:04+00:00,XDC Network,XDC,0.02825141,563574085,99,4841192,0.02831162,0.0278306,0.00020821,0.73303,19946688440.0
2026-09-07T03:01:09+00:00,Bitcoin,BTC,79940,1605850534443,1,20980372495,80494,79426,33.6,0.04205,20080771.0
2026-09-07T03:01:09+00:00,Ethereum,ETH,2512.38,306692038841,2,10142095851,2523.33,2473.01,8.95,0.35757,122026782.25209972
2026-09-07T03:01:09+00:00,Tether,USDT,0.999867,183389267337,3,45471620816,1.0,0.999862,-0.000195360729722927,-0.01953,183410739312.7418
2026-09-07T03:01:09+00:00,BNB,BNB,749.01,99788689473,4,1139741979,765.69,740.53,-14.810636666653295,-1.93901,133161791.27
2026-09-07T03:01:09+00:00,XRP,XRP,1.41,88763865610,5,1570767836,1.43,1.4,-0.004501164718999418,-0.31732,62744504852.0
2026-09-07T03:01:09+00:00,USDC,USDC,0.999834,74528450027,6,5046300960137,1.0,0.999833,-0.000168741202975831,-0.01687,74539502827.67055
2026-09-07T03:01:09+00:00,Solana,SOL,105.83,62075579774,7,3885364105,107.22,104.37,1.45,1.38622,586080084.7604895
2026-09-07T03:01:09+00:00,TRON,TRX,0.335214,31826359891,8,239643118,0.336156,0.332923,0.00196711,0.59028,94935900212.59479
2026-09-07T03:01:09+00:00,Figure Heloc,FIGR_HELOC,1.055,23516084575,9,343538,0.0,0.0,,,22290650137.398
2026-09-07T03:01:09+00:00,Zcash,ZEC,1188.42,20108475898,9,1893697745,1249.28,1063.14,122.97,11.54185,16918228.2905448
2026-09-07T03:01:09+00:00,Hyperliquid,HYPE,87.07,19371253502,10,1516060989,89.6,85.56,1.52,1.77403,222445714.07414138
2026-09-07T03:01:09+00:00,Dogecoin,DOGE,0.090176,14056450190,11,899535810,0.091934,0.088179,-0.000787692621963265,-0.86594,155810446383.70523
2026-09-07T03:01:09+00:00,Rain,RAIN,0.01672268,11863762329,12,38267030,0.01727553,0.01666355,-0.000502409244009485,-2.91673,709207501611.8231
2026-09-07T03:01:09+00:00,Monero,XMR,533.05,10021732480,13,126455580,558.79,522.69,-22.196935718054647,-3.9977,18801273.39256014
2026-09-07T03:01:09+00:00,USDS,USDS,0.999835,9822341297,14,76806872,1.0,0.999445,3.275e-05,0.00328,9823773886.244852
2026-09-07T03:01:09+00:00,Chainlink,LINK,13.11,9812654721,15,734606275,13.33,12.12,0.873728,7.14042,748099970.424884
2026-09-07T03:01:09+00:00,WhiteBIT Coin,WBT,73.72,8699123285,16,61421695,74.25,73.11,0.00841595,0.01142,117956019.0
2026-09-07T03:01:09+00:00,LEO Token,LEO,9.24,8500189923,17,300895,9.41,9.21,-0.0915632897686045,-0.98113,919857851.9
2026-09-07T03:01:09+00:00,Cardano,ADA,0.222145,8338957892,18,400936557,0.226224,0.216306,0.00090778,0.41032,37510482444.2993
2026-09-07T03:01:09+00:00,Stellar,XLM,0.188919,6572509765,19,154510481,0.190126,0.182861,0.0028977,1.55772,34802054696.23451
2026-09-07T03:01:09+00:00,Bitcoin Cash,BCH,257.9,5183494023,20,141257987,264.82,254.31,-5.428425615587798,-2.06147,20085624.89665078
2026-09-07T03:01:09+00:00,Dai,DAI,0.999931,4596974970,21,233049586,1.0,0.999675,0.00019714,0.01972,4598114057.678517
2026-09-07T03:01:09+00:00,Uniswap,UNI,7.11,4432028066,22,827254288,7.4,6.87,-0.05348336282212962,-0.74658,623212423.7271129
2026-09-07T03:01:09+00:00,Canton,CC,0.11071,4377452017,23,10328918,0.112256,0.108669,6.707e-05,0.06062,39542688287.29476
2026-09-07T03:01:09+00:00,Ethena USDe,USDE,0.999739,4370097920,24,34832278,0.999993,0.999727,-0.000224353670660205,-0.02244,4371157132.399847
2026-09-07T03:01:09+00:00,USD1,USD1,0.999702,4248928027,25,872861473,0.999826,0.999525,-7.510440358516e-06,-0.00075,4250045903.843497
2026-09-07T03:01:09+00:00,Litecoin,LTC,54.36,4218255765,26,319366811,56.2,53.57,-0.31628223663465604,-0.57851,77579279.318657
2026-09-07T03:01:09+00:00,Gram (prev. Toncoin),GRAM,1.43,3975690612,27,25542396,1.44,1.41,0.00403374,0.28319,2782386417.493944
2026-09-07T03:01:09+00:00,Hedera,HBAR,0.081299,3565582301,28,53692155,0.082287,0.080215,0.00010706,0.13186,43831559703.72901
2026-09-07T03:01:09+00:00,Avalanche,AVAX,7.86,3397106728,29,256754500,7.95,7.57,0.185761,2.41914,431771961.1772119
2026-09-07T03:01:09+00:00,Sui,SUI,0.805209,3301325884,30,549774651,0.820887,0.78605,0.00725009,0.90858,4096537146.5409594
2026-09-07T03:01:09+00:00,Global Dollar,USDG,1.0,3261786079,31,1547335221,1.0,0.99983,-1.3147358133958e-05,-0.00131,3261473587.214755
2026-09-07T03:01:09+00:00,Shiba Inu,SHIB,5.5e-06,3242534472,32,61593394,5.55e-06,5.38e-06,9.339e-09,0.16993,589239307782558.2
2026-09-07T03:01:09+00:00,NEAR Protocol,NEAR,2.4,3140172587,33,626136595,2.49,2.18,0.175802,7.88939,1305642105.0
2026-09-07T03:01:09+00:00,PayPal USD,PYUSD,0.999879,2940573354,34,50433472,1.0,0.999748,-0.000175104572043394,-0.01751,2940872093.2644763
2026-09-07T03:01:09+00:00,BlackRock USD Institutional Digital Liquidity Fund,BUIDL,1.0,2832282866,35,0.0,1.0,1.0,0.0,0.0,2832282865.800449
2026-09-07T03:01:09+00:00,Cronos,CRO,0.057947,2812354252,36,5626510,0.057861,0.056494,0.0004509,0.78423,48538857979.891335
2026-09-07T03:01:09+00:00,Tether Gold,XAUT,4405.51,2699721444,37,117179907,4427.32,4387.19,-17.748052623208423,-0.40124,612823.6595320001
2026-09-07T03:01:09+00:00,Bittensor,TAO,274.14,2632442665,38,442122498,271.72,234.12,38.09,16.13413,9597491.0
2026-09-07T03:01:09+00:00,Circle USYC,USYC,1.14,2624340328,39,0.0,1.14,1.14,0.0,0.0,2308988052.650666
2026-09-07T03:01:09+00:00,MemeCore,M,1.12,2537751200,40,1755111,1.15,1.1,-0.006150888247097308,-0.54735,2269929803.1420355
2026-09-07T03:01:09+00:00,Ripple USD,RLUSD,0.999891,2406939002,41,59011410,1.0,0.99982,-2.7132200484115e-05,-0.00271,2407151384.64723
2026-09-07T03:01:09+00:00,OKB,OKB,113.95,2394378807,42,23128020,115.96,112.24,-2.013402608571994,-1.73628,21000000.0
2026-09-07T03:01:09+00:00,Ondo US Dollar Yield,USDY,1.15,2201794803,43,596355,1.15,1.14,0.00026955,0.02354,1922537236.5446
2026-09-07T03:01:09+00:00,Aster,ASTER,0.789576,2132206209,44,224285510,0.809241,0.752274,0.00367091,0.46709,2700010975.2797318
2026-09-07T03:01:09+00:00,Mantle,MNT,0.627633,2072691852,45,28572935,0.619425,0.585068,0.04235569,7.23686,3302294382.53684
2026-09-07T03:01:09+00:00,Aave,AAVE,134.14,2070277264,46,224341896,137.22,132.54,-1.143481352746818,-0.84522,15427293.28065251
2026-09-07T03:01:09+00:00,PAX Gold,PAXG,4409.09,1906962960,47,75684595,4433.14,4390.67,-21.51701839371526,-0.48565,432503.322051
2026-09-07T03:01:09+00:00,Ondo,ONDO,0.38843,1890386750,48,141946124,0.394862,0.37151,0.01333943,3.55633,4869330647.0
2026-09-07T03:01:09+00:00,World Liberty Financial,WLFI,0.056757,1803461910,49,24809247,0.05742,0.056146,-0.000510665426152315,-0.89171,31777076254.0
2026-09-07T03:01:09+00:00,Morpho,MORPHO,2.59,1781674922,50,45575123,2.62,2.5,0.062042,2.45851,688690972.9904238
2026-09-07T03:01:09+00:00,Ethena,ENA,0.174229,1762760031,51,591796637,0.181259,0.170942,-0.004287662219748911,-2.40183,10095312500.0
2026-09-07T03:01:09+00:00,Polkadot,DOT,0.986117,1678692169,52,203797025,1.026,0.921499,0.057403,6.18097,1701579152.500053
2026-09-07T03:01:09+00:00,Sky,SKY,0.069999,1640323090,53,8149174,0.072065,0.069276,-0.001101450664217768,-1.54914,23422775880.010593
2026-09-07T03:01:09+00:00,Pump.fun,PUMP,0.00396261,1566372430,54,215865722,0.00410983,0.00376438,-6.7275080318357e-05,-1.66941,395231004699.707
2026-09-07T03:01:09+00:00,Worldcoin,WLD,0.419707,1529099441,55,192117810,0.425946,0.395616,0.01992589,4.9842,3636474773.3194284
2026-09-07T03:01:09+00:00,Internet Computer,ICP,2.74,1526989221,56,73052473,2.8,2.63,0.067279,2.51292,556241559.4614775
2026-09-07T03:01:09+00:00,Pepe,PEPE,3.62e-06,1522943118,57,189627372,3.69e-06,3.55e-06,-3.7910495777e-08,-1.03689,420690000000000.0
2026-09-07T03:01:09+00:00,HTX DAO,HTX,1.69e-06,1514228855,58,25444310,1.69e-06,1.68e-06,-1.93821858e-10,-0.0115,898232728634017.2
2026-09-07T03:01:09+00:00,USDD,USDD,0.999599,1470752754,59,2118057,0.999753,0.997428,0.00097952,0.09809,1471332677.0
2026-09-07T03:01:09+00:00,Bitget Token,BGB,2.02,1413139362,60,9032309,2.03,1.99,-0.015095742195819106,-0.7427,699992029.6481038
2026-09-07T03:01:09+00:00,USDGO,USDGO,0.999898,1355265871,61,15978753,1.0,0.999832,-4.8036385473571e-05,-0.0048,1355454412.77
2026-09-07T03:01:09+00:00,Falcon USD,USDF,0.996545,1339461960,62,302599,1.008,0.993162,0.00017696,0.01776,1344083107.942925
2026-09-07T03:01:09+00:00,BFUSD,BFUSD,0.999234,1319012270,63,4367115,1.0,0.999173,-0.000896543284555351,-0.08964,1320000000.0
2026-09-07T03:01:09+00:00,United Stables,U,0.999278,1276618997,64,124744284,0.999447,0.999016,-7.2277007056254e-05,-0.00723,1277499107.8
2026-09-07T03:01:09+00:00,Ethereum Classic,ETC,7.85,1240890997,65,50159853,7.94,7.64,0.07438,0.95654,158087025.2363712
2026-09-07T03:01:09+00:00,Arbitrum,ARB,0.18465,1233433195,66,603110362,0.203584,0.181538,-0.004394195635334525,-2.32442,6678075931.0
2026-09-07T03:01:09+00:00,Spiko Amundi Overnight Swap Fund (EUR),EURSAFO,1.17,1228523267,67,0.0,1.18,1.17,-0.000461190015170976,-0.03924,1045687476.43203
2026-09-07T03:01:09+00:00,Bitway,BTW,0.421505,1147355675,68,8966783,0.465303,0.433434,-0.029836275996678263,-6.61059,2708142280.000001
2026-09-07T03:01:09+00:00,Lighter,LIT,4.47,1118097647,69,73774812,4.84,4.43,-0.16265191157411873,-3.5093,250000000.0
2026-09-07T03:01:09+00:00,Pi Network,PI,0.094717,1055392085,70,3686441,0.095687,0.094088,-0.00070630651109585,-0.74018,11141680597.248924
2026-09-07T03:01:09+00:00,POL (ex-MATIC),POL,0.097799,1047409466,71,62850405,0.100267,0.095567,-0.001175153323113826,-1.18734,10710035862.6585
2026-09-07T03:01:09+00:00,Gate,GT,9.19,979518069,72,2813031,9.51,9.0,-0.3168416904799045,-3.33333,106619258.25420682
2026-09-07T03:01:09+00:00,KuCoin,KCS,7.12,976278481,73,2963839,7.3,7.08,-0.14862097743358227,-2.04565,137155021.2773955
2026-09-07T03:01:09+00:00,Quant,QNT,66.71,970597776,74,16265069,67.16,64.91,1.049,1.59776,14544176.164081175
2026-09-07T03:01:09+00:00,Blockchain Capital,BCAP,106.22,967888430,75,0.0,106.22,106.22,-1.4211e-14,0.0,9112111.0
2026-09-07T03:01:09+00:00,JUST,JST,0.111616,913998433,76,17596981,0.113102,0.1102,0.00088983,0.80363,8188743036.341737
2026-09-07T03:01:09+00:00,Dash,DASH,70.83,909361340,77,410405712,78.31,66.63,1.63,2.36062,12828507.96716058
2026-09-07T03:01:09+00:00,Kaspa,KAS,0.03254876,901761658,78,12414619,0.0323911,0.03009138,0.00195566,6.39249,27683423155.231007
2026-09-07T03:01:09+00:00,Jupiter,JUP,0.269094,893890979,79,216881032,0.282272,0.226951,0.04200395,18.49658,3320312968.08
2026-09-07T03:01:09+00:00,Spiko EU T-Bills Money Market Fund,EUTBL,1.23,882186403,80,0.0,1.23,1.23,-0.000519400501855394,-0.04226,718027528.4955
2026-09-07T03:01:09+00:00,Algorand,ALGO,0.095267,861636612,81,32271954,0.096768,0.093765,0.00098631,1.04614,9039231063.541912
2026-09-07T03:01:09+00:00,Cosmos Hub,ATOM,1.6,848201050,82,29460616,1.61,1.56,0.01189684,0.74806,529290517.267238
2026-09-07T03:01:09+00:00,NEXO,NEXO,0.839382,839919965,83,2359963,0.84066,0.827127,0.00258857,0.30934,1000000000.0
2026-09-07T03:01:09+00:00,Venice Token,VVV,17.08,816044429,84,8478669,17.36,16.97,-0.1613563362670476,-0.93592,47774431.276455835
2026-09-07T03:01:09+00:00,Render,RENDER,1.55,804997871,85,64500510,1.57,1.46,0.070007,4.72855,518772101.28269154
2026-09-07T03:01:09+00:00,Janus Henderson Anemoy Treasury Fund,JTRSY,1.12,799656135,86,0.0,1.12,1.12,0.0,0.0,717141156.78007
2026-09-07T03:01:09+00:00,Invesco Short Duration US Government Securities Fund,USTB,11.2,775457018,87,0.0,11.2,11.2,0.0,0.0,69234161.498638
2026-09-07T03:01:09+00:00,​​Stable,STABLE,0.02812776,733953740,88,7936550,0.02848616,0.0277946,-0.000302026476096211,-1.06236,26091849451.0
2026-09-07T03:01:09+00:00,PancakeSwap,CAKE,2.23,714086886,89,89446984,2.28,2.16,-0.013281296483453886,-0.59318,320777546.5387133
2026-09-07T03:01:09+00:00,Janus Henderson Anemoy AAA CLO Fund,JAAA,1.048,710966727,90,0.0,1.048,1.048,0.0,0.0,678300455.183658
2026-09-07T03:01:09+00:00,GHO,GHO,0.999077,698367248,91,3031603,0.999305,0.99888,-8.1280323995792e-05,-0.00813,699000000.0
2026-09-07T03:01:09+00:00,Filecoin,FIL,0.805722,666661567,92,78176665,0.834569,0.781755,-0.028050302525274073,-3.36426,826947439.0
2026-09-07T03:01:09+00:00,VeChain,VET,0.00733416,630521179,93,8557972,0.00725298,0.00692123,0.00035845,5.1385,85985041177.0
2026-09-07T03:01:09+00:00,Curve DAO,CRV,0.400848,623297326,94,81541964,0.388294,0.362401,0.01755394,4.57976,1554696898.0
2026-09-07T03:01:09+00:00,Official Trump,TRUMP,2.27,621121718,95,205590547,2.4,2.25,-0.10739140543098236,-4.51115,273137120.287634
2026-09-07T03:01:09+00:00,Beldex,BDX,0.078862,620485751,96,11222632,0.079259,0.07811,-0.000290677291295435,-0.36724,7870536263.981861
2026-09-07T03:01:09+00:00,Flare,FLR,0.00667425,579706836,97,3648839,0.00680387,0.00659121,-4.6146874906406e-05,-0.68667,86822083320.6386
2026-09-07T03:01:09+00:00,XDC Network,XDC,0.02827832,564170616,98,4834473,0.02831162,0.0278306,0.00024968,0.89082,19946688440.0
2026-09-07T03:01:09+00:00,Ether.fi,ETHFI,0.581138,561255719,99,47882632,0.599331,0.564471,-0.008986006012882686,-1.52273,965350000.0
2026-09-07T04:01:05+00:00,Bitcoin,BTC,79625,1599464807954,1,21220822098,80494,79426,-401.29485858346743,-0.50145,20080771.0
2026-09-07T04:01:05+00:00,Ethereum,ETH,2498.45,304937747623,2,10225596085,2532.72,2473.01,-10.961560919564363,-0.43682,122026782.25209972
2026-09-07T04:01:05+00:00,Tether,USDT,0.999881,183390247304,3,45593140096,1.0,0.999836,-0.000137012433853445,-0.0137,183410739312.7418
2026-09-07T04:01:05+00:00,BNB,BNB,746.09,99369602961,4,1144041262,764.98,740.53,-18.682692717049235,-2.4429,133161788.89
2026-09-07T04:01:05+00:00,XRP,XRP,1.41,88254138319,5,1604954258,1.43,1.4,-0.017844761954112442,-1.25287,62744504852.0
2026-09-07T04:01:05+00:00,USDC,USDC,0.999847,74542167163,6,5046588277664,1.0,0.999805,-0.000117090797113639,-0.01171,74552969090.92827
2026-09-07T04:01:05+00:00,Solana,SOL,105.01,61559013976,7,3824531371,107.22,104.78,-0.9800273028143351,-0.92466,586166533.7669449
2026-09-07T04:01:05+00:00,TRON,TRX,0.335567,31858947706,8,243840233,0.336156,0.332923,0.00253767,0.762,94935900212.59479
2026-09-07T04:01:05+00:00,Figure Heloc,FIGR_HELOC,1.055,23516084575,9,343538,0.0,0.0,,,22290650137.398
2026-09-07T04:01:05+00:00,Zcash,ZEC,1192.45,20176975124,9,1903833351,1249.28,1065.87,118.82,11.06753,16918228.2905448
2026-09-07T04:01:05+00:00,Hyperliquid,HYPE,86.32,19198427242,10,1517715492,89.6,85.85,0.434286,0.50564,222445714.07414138
2026-09-07T04:01:05+00:00,Dogecoin,DOGE,0.089401,13931570384,11,906259080,0.091934,0.088179,-0.001914597290815362,-2.09668,155811146383.7052
2026-09-07T04:01:05+00:00,Rain,RAIN,0.0166735,11829931050,12,30570836,0.01723933,0.01664553,-0.000565832533962866,-3.28222,709207502686.3584
2026-09-07T04:01:05+00:00,Monero,XMR,532.53,10013305582,13,125921502,558.79,522.69,-24.269473906205462,-4.35871,18801273.39256014
2026-09-07T04:01:05+00:00,USDS,USDS,0.999746,9850253838,14,79054165,1.0,0.999445,0.00011379,0.01138,9852561847.500776
2026-09-07T04:01:05+00:00,Chainlink,LINK,13.04,9760711214,15,719192764,13.33,12.12,0.820755,6.71539,748099970.424884
2026-09-07T04:01:05+00:00,WhiteBIT Coin,WBT,73.45,8667839531,16,63228046,74.25,73.11,-0.395797650185159,-0.536,117956019.0
2026-09-07T04:01:05+00:00,LEO Token,LEO,9.24,8501870245,17,301081,9.41,9.21,-0.08828657845574384,-0.94617,919857851.9
2026-09-07T04:01:05+00:00,Cardano,ADA,0.219522,8235475298,18,411798839,0.226224,0.216306,-0.003369181264533672,-1.51158,37510482444.2993
2026-09-07T04:01:05+00:00,Stellar,XLM,0.187166,6515061294,19,141711480,0.190126,0.182861,0.00033275,0.1781,34802054294.31842
2026-09-07T04:01:05+00:00,Bitcoin Cash,BCH,255.28,5128198116,20,132418034,263.82,254.31,-7.165525162821353,-2.73034,20085678.02165078
2026-09-07T04:01:05+00:00,Dai,DAI,0.999846,4586339965,21,238673439,1.0,0.999675,-0.000139589471343737,-0.01396,4587019414.172321
2026-09-07T04:01:05+00:00,Ethena USDe,USDE,0.999724,4369965589,22,34567557,0.999959,0.999704,-0.000186012011881398,-0.0186,4371157132.399847
2026-09-07T04:01:05+00:00,Uniswap,UNI,7.0,4365418932,23,801844068,7.4,6.87,-0.23030533007159448,-3.1836,623212423.7271129
2026-09-07T04:01:05+00:00,Canton,CC,0.109477,4329757455,24,10491292,0.112256,0.108669,-0.000679957058512412,-0.61726,39542688287.29476
2026-09-07T04:01:05+00:00,USD1,USD1,0.999585,4248304471,25,874108808,0.999826,0.999525,-0.000108812779730738,-0.01088,4250045903.843497
2026-09-07T04:01:05+00:00,Litecoin,LTC,54.2,4205476321,26,316796597,56.2,53.57,-0.5263739017090856,-0.96183,77579279.318657
2026-09-07T04:01:05+00:00,Gram (prev. Toncoin),GRAM,1.42,3955096150,27,25421049,1.44,1.41,-0.006118349845124493,-0.42862,2782411474.881277
2026-09-07T04:01:05+00:00,Hedera,HBAR,0.080694,3537389749,28,50085530,0.082263,0.080215,-0.001504270723139176,-1.83005,43831559703.772224
2026-09-07T04:01:05+00:00,Avalanche,AVAX,7.77,3356449269,29,254729777,7.95,7.57,0.061806,0.8014,431771961.1772119
2026-09-07T04:01:05+00:00,Global Dollar,USDG,0.999997,3260949319,30,1464509358,1.0,0.99983,-1.3235835938041e-05,-0.00132,3260933769.583502
2026-09-07T04:01:05+00:00,Sui,SUI,0.794611,3255790866,31,538759553,0.820887,0.78605,-0.006914288773704258,-0.86264,4096537146.5409594
2026-09-07T04:01:05+00:00,Shiba Inu,SHIB,5.46e-06,3216958319,32,60877428,5.55e-06,5.38e-06,-5.3290436523e-08,-0.96671,589239307782558.2
2026-09-07T04:01:05+00:00,NEAR Protocol,NEAR,2.4,3131955101,33,582942569,2.49,2.18,0.181264,8.17644,1305642080.0
2026-09-07T04:01:05+00:00,PayPal USD,PYUSD,0.999874,2940533994,34,52180978,1.0,0.999748,-7.5765765315539e-05,-0.00758,2940872093.2644763
2026-09-07T04:01:05+00:00,BlackRock USD Institutional Digital Liquidity Fund,BUIDL,1.0,2832282866,35,0.0,1.0,1.0,0.0,0.0,2832282865.800449
2026-09-07T04:01:05+00:00,Cronos,CRO,0.057353,2783936690,36,5233281,0.057997,0.056494,0.00015378,0.26885,48538948620.214035
2026-09-07T04:01:05+00:00,Tether Gold,XAUT,4397.87,2695184549,37,119602151,4427.32,4387.19,-28.19327987170709,-0.63698,612823.6595320001
2026-09-07T04:01:05+00:00,Circle USYC,USYC,1.14,2624340328,38,0.0,1.14,1.14,0.0,0.0,2308988052.650666
2026-09-07T04:01:05+00:00,MemeCore,M,1.15,2610391884,39,1887420,1.15,1.1,0.03045671,2.72064,2269945252.871276
2026-09-07T04:01:05+00:00,Bittensor,TAO,270.19,2592857221,40,450887750,276.61,234.12,31.43,13.16353,9597491.0
2026-09-07T04:01:05+00:00,Ripple USD,RLUSD,0.999925,2406996356,41,64416713,1.0,0.99982,4.718e-05,0.00472,2407151384.647228
2026-09-07T04:01:05+00:00,OKB,OKB,113.16,2376674876,42,22447968,115.86,112.24,-2.648186804588377,-2.28662,21000000.0
2026-09-07T04:01:05+00:00,Ondo US Dollar Yield,USDY,1.15,2201943280,43,574842,1.15,1.14,0.00033888,0.0296,1922537236.5446
2026-09-07T04:01:05+00:00,Aster,ASTER,0.782583,2114442704,44,222484867,0.809241,0.752274,-0.002640330620969134,-0.33625,2700010975.2797318
2026-09-07T04:01:05+00:00,Mantle,MNT,0.634491,2091911195,45,31181235,0.628999,0.585068,0.04841926,8.26166,3302294382.53684
2026-09-07T04:01:05+00:00,Aave,AAVE,133.65,2062063974,46,220629198,137.22,132.54,-2.087776602168759,-1.53812,15427293.28065251
2026-09-07T04:01:05+00:00,PAX Gold,PAXG,4401.37,1903569593,47,74846752,4433.14,4390.67,-30.817567428975963,-0.69531,432503.322051
2026-09-07T04:01:05+00:00,Ondo,ONDO,0.381633,1858676179,48,118304842,0.394862,0.37151,0.0050128,1.331,4869330647.0
2026-09-07T04:01:05+00:00,World Liberty Financial,WLFI,0.056524,1796563541,49,23729453,0.057239,0.056146,-0.000697291479103412,-1.2186,31777076254.0
2026-09-07T04:01:05+00:00,Morpho,MORPHO,2.56,1760656805,50,44135139,2.62,2.5,-0.003923744839598786,-0.15328,688692014.8655448
2026-09-07T04:01:05+00:00,Ethena,ENA,0.173088,1747530479,51,522860633,0.177966,0.170942,-0.004700579499774177,-2.64391,10095312500.0
2026-09-07T04:01:05+00:00,Polkadot,DOT,0.971414,1653154845,52,197160978,1.026,0.923678,0.04085828,4.39074,1701579152.500053
2026-09-07T04:01:05+00:00,Sky,SKY,0.069419,1625921951,53,7516947,0.072065,0.069276,-0.00190193374439887,-2.66671,23422681781.01598
2026-09-07T04:01:05+00:00,Pump.fun,PUMP,0.00400808,1584926899,54,211734102,0.00410104,0.00376438,-9.2240881478824e-05,-2.2496,395231004699.707
2026-09-07T04:01:05+00:00,Internet Computer,ICP,2.72,1515982175,55,73399434,2.8,2.63,0.054161,2.02836,556241559.3954774
2026-09-07T04:01:05+00:00,HTX DAO,HTX,1.68e-06,1510614460,56,24118951,1.69e-06,1.68e-06,-5.015904237e-09,-0.29737,898232728634017.2
2026-09-07T04:01:05+00:00,Worldcoin,WLD,0.414516,1507762115,57,193050944,0.425946,0.395616,0.01443313,3.60754,3636474773.3194284
2026-09-07T04:01:05+00:00,Pepe,PEPE,3.58e-06,1504786686,58,186373287,3.67e-06,3.55e-06,-9.3110407353e-08,-2.53739,420690000000000.0
2026-09-07T04:01:05+00:00,USDD,USDD,0.999724,1469972963,59,2106590,0.999753,0.997428,0.00113673,0.11383,1470358839.0
2026-09-07T04:01:05+00:00,Bitget Token,BGB,2.01,1407208819,60,8861234,2.03,1.99,-0.01687888854402031,-0.83266,699992029.6481038
2026-09-07T04:01:05+00:00,USDGO,USDGO,0.999966,1355405096,61,16883025,1.0,0.999815,-5.8616030766068e-05,-0.00586,1355454412.77
2026-09-07T04:01:05+00:00,Falcon USD,USDF,0.996363,1339205772,62,195586,1.008,0.993162,-0.000338155433626475,-0.03393,1344083107.942925
2026-09-07T04:01:05+00:00,BFUSD,BFUSD,0.999247,1319016692,63,4508241,1.0,0.999173,-0.000840548064879765,-0.08405,1320000000.0
2026-09-07T04:01:05+00:00,United Stables,U,0.999274,1276496567,64,128432085,0.999445,0.999016,1.316e-05,0.00132,1277499107.8
2026-09-07T04:01:05+00:00,Ethereum Classic,ETC,7.79,1231058762,65,47859823,7.94,7.64,-0.003617109616988579,-0.04643,158087025.2363712
2026-09-07T04:01:05+00:00,Spiko Amundi Overnight Swap Fund (EUR),EURSAFO,1.17,1228520415,66,0.0,1.18,1.17,-0.000463917873006592,-0.03947,1045687476.43203
2026-09-07T04:01:05+00:00,Bitway,BTW,0.442738,1198976313,67,14519539,0.465303,0.411022,-0.008438976590588787,-1.87044,2708142280.000001
2026-09-07T04:01:05+00:00,Arbitrum,ARB,0.175441,1171961600,68,539175219,0.203584,0.181538,-0.02258869603570715,-11.40672,6678075931.0
2026-09-07T04:01:05+00:00,Lighter,LIT,4.41,1102693275,69,77340416,4.84,4.43,-0.3346461856636731,-7.05172,250000000.0
2026-09-07T04:01:05+00:00,Pi Network,PI,0.094305,1050875786,70,3645530,0.095687,0.094088,-0.001305692348696874,-1.36564,11141680597.248924
2026-09-07T04:01:05+00:00,POL (ex-MATIC),POL,0.097093,1040103456,71,58345866,0.100267,0.095567,-0.002937230937500104,-2.93635,10710035862.6585
2026-09-07T04:01:05+00:00,Gate,GT,9.17,978229807,72,1486755,9.44,9.0,-0.26385269461566097,-2.7977,106619315.43987651
2026-09-07T04:01:05+00:00,KuCoin,KCS,7.06,967902622,74,2798203,7.24,7.08,-0.18037979994027253,-2.49265,137155021.2773955
2026-09-07T04:01:05+00:00,Blockchain Capital,BCAP,106.22,967888430,73,0.0,106.22,106.22,0.0,0.0,9112111.0
2026-09-07T04:01:05+00:00,Quant,QNT,66.5,967209445,75,15873406,67.18,64.91,0.760876,1.15741,14544176.164081175
2026-09-07T04:01:05+00:00,JUST,JST,0.11147,913092078,76,20075792,0.113102,0.1102,0.00097797,0.88511,8188743036.341737
2026-09-07T04:01:05+00:00,Kaspa,KAS,0.03295126,912371544,77,13559005,0.03277287,0.03009138,0.00224682,7.31757,27683423155.231007
2026-09-07T04:01:05+00:00,Dash,DASH,69.74,894693108,78,405408414,78.31,66.63,1.28,1.8625,12828507.96716058
2026-09-07T04:01:05+00:00,Spiko EU T-Bills Money Market Fund,EUTBL,1.23,882210983,79,0.0,1.23,1.23,-0.000485167832575906,-0.03947,718027528.4955
2026-09-07T04:01:05+00:00,Algorand,ALGO,0.093819,848272203,80,30220582,0.096768,0.093765,-0.000788516535699141,-0.83346,9039231063.541912
2026-09-07T04:01:05+00:00,Jupiter,JUP,0.254539,845669787,81,200037644,0.282272,0.229516,0.02046213,8.74164,3320312968.08
2026-09-07T04:01:05+00:00,Cosmos Hub,ATOM,1.58,838791826,82,29181710,1.61,1.56,-0.006684182936590899,-0.42004,529290517.267238
2026-09-07T04:01:05+00:00,NEXO,NEXO,0.834188,834160644,83,3289886,0.840892,0.827127,-0.004547361172232645,-0.54217,1000000000.0
2026-09-07T04:01:05+00:00,Venice Token,VVV,17.01,812588717,84,8215464,17.36,16.97,-0.24163971868351553,-1.40065,47774402.79833359
2026-09-07T04:01:05+00:00,Janus Henderson Anemoy Treasury Fund,JTRSY,1.12,799656135,85,0.0,1.12,1.12,0.0,0.0,717141156.78007
2026-09-07T04:01:05+00:00,Render,RENDER,1.53,795742674,86,63087534,1.57,1.46,0.052103,3.51717,518772101.28269154
2026-09-07T04:01:05+00:00,Invesco Short Duration US Government Securities Fund,USTB,11.2,775457018,87,0.0,11.2,11.2,-1.776e-15,0.0,69234161.498638
2026-09-07T04:01:05+00:00,​​Stable,STABLE,0.02819136,735592335,88,7810152,0.02848616,0.0277946,-0.000282572008264433,-0.99239,26093028120.0
2026-09-07T04:01:05+00:00,Janus Henderson Anemoy AAA CLO Fund,JAAA,1.048,710966727,89,0.0,1.048,1.048,0.0,0.0,678300455.183658
2026-09-07T04:01:05+00:00,PancakeSwap,CAKE,2.19,703013958,90,87708929,2.28,2.16,-0.06498635609040182,-2.88057,320777546.5387133
2026-09-07T04:01:05+00:00,GHO,GHO,0.998906,698240978,91,3172388,0.999305,0.99888,-0.000285422521493661,-0.02857,699000000.0
2026-09-07T04:01:05+00:00,Filecoin,FIL,0.801891,663205640,92,72758224,0.820287,0.781755,-0.015250688111657085,-1.86635,826948274.0
2026-09-07T04:01:05+00:00,Beldex,BDX,0.078791,620189655,93,10406193,0.079259,0.07811,-0.000358904803790278,-0.45345,7870537011.891079
2026-09-07T04:01:05+00:00,VeChain,VET,0.00720053,619179503,94,8432624,0.00735148,0.00692123,0.00021284,3.04586,85985041177.0
2026-09-07T04:01:05+00:00,Official Trump,TRUMP,2.26,616538578,95,178238070,2.39,2.24,-0.13101927048302642,-5.48596,273137120.287634
2026-09-07T04:01:05+00:00,Curve DAO,CRV,0.385745,600173734,96,82179635,0.405384,0.362401,0.0027954,0.72997,1554701742.0
2026-09-07T04:01:05+00:00,Flare,FLR,0.00662703,575355088,97,3585517,0.00680387,0.00659121,-0.000121211180532798,-1.79619,86822083320.6386
2026-09-07T04:01:05+00:00,XDC Network,XDC,0.02825757,563665773,98,4873331,0.02831162,0.0278306,0.00023092,0.82395,19946688440.0
2026-09-07T04:01:05+00:00,Ether.fi,ETHFI,0.569739,550270449,99,46541791,0.598337,0.564471,-0.028204726388914803,-4.71695,965350000.0
